Organisation Name,Town/City,London,Sector,Rating
0xA Technologies Ltd,London,Yes,Tech,A rating
1 And 5 Tech Ltd,Slough,,Tech,A rating
1 WAY TECH SOLUTIONS LIMITED,London,Yes,Tech,A rating
1001 AI Limited,London,Yes,Tech,A rating
10X Banking Technology Services Ltd,London,Yes,Tech,A rating
11K Consulting Ltd,London,Yes,Consultancy,A rating
1416 DIGITAL LTD,London,Yes,Tech,A rating
160B Consulting Ltd,Dungannon,,Consultancy,A rating
1771 Technologies Limited,London,Yes,Tech,A rating
1ST CHOICE CONSULTANCY LTD,Birmingham,,Consultancy,A rating
1st Cloud Accountants,Sunderland,,Tech,A rating
1st Technologies Ltd,Preston,,Tech,A rating
2.0 Consulting Limited,London,Yes,Consultancy,A rating
21 Six Platform Limited,London,Yes,Tech,A rating
23 Consult Ltd,Liverpool,,Consultancy,A rating
2399098 Ontario Inc o/a MAK Consulting Group,High Wycombe,,Consultancy,A rating
2BIT TECH LIMITED,London,Yes,Tech,A rating
2M Automation Ltd,Oldham,,Tech,A rating
2SD Technologies Limited,London,Yes,Tech,A rating
2e Systems Ltd,Frimley,,Tech,A rating
345 TECHNOLOGY LIMITED,Portsmouth,,Tech,A rating
36 South Capital Advisors LLP,London,Yes,Consultancy,A rating
3A TELECOM CONSULTANCY LTD,London,Yes,Tech & Consultancy,A rating
3A Tech Limited T/A Tech Fix,Middlesbrough,,Tech,A rating
3A'S Consultants Ltd.,Coventry,,Consultancy,A rating
3B DIGITAL LTD,LONDON,Yes,Tech,A rating
3D Systems Europe Ltd,Hemel Hempstead,,Tech,A rating
3EN Cloud Ltd,Holywood,,Tech,A rating
3Gi Technology Limited,Shenfield,,Tech,A rating
3PLS Platform Limited,Amersham,,Tech,A rating
3R Technology UK Ltd,Preston,,Tech,A rating
3V Consultants Limited,Solihull,,Consultancy,A rating
3X Tech Ltd,Potters Bar,,Tech,A rating
3dMD Technologies Limited,London,Yes,Tech,A rating
3i Infotech (UK) Limited,London,Yes,Tech,A rating
4 Dots Training & Advisory Limited,Beaconsfield,,Consultancy,A rating
4 GLOBAL CONSULTING LIMITED,Chiswick,Yes,Consultancy,A rating
4 Net Technologies LTD (t/a FourNet),Manchester,,Tech,A rating
4 TECH SOLUTIONS LIMITED,Surrey,,Tech,A rating
42 Technology Limited,Cambourne,,Tech,A rating
42Gears Mobility Systems (UK) Ltd,Manchester,,Tech,A rating
4A Technologies Ltd,Hayes,Yes,Tech,A rating
4C LABS LTD,London,Yes,Tech,A rating
4S UK CONSULTING LIMITED,Reading,,Consultancy,A rating
4rmtech Consult Limited,Edinburgh,,Consultancy,A rating
4site Consulting Limited,Feering,,Consultancy,A rating
4th Dimension Technology Ltd,Corsham,,Tech,A rating
4way Consulting Ltd,Manchester,,Consultancy,A rating
542 Digital Limited,London,Yes,Tech,A rating
5Y Technology Limited,Chelmsford,,Tech,A rating
64 COMPUTERS LTD,LONDON,Yes,Tech,A rating
6B Digital Limited,Wakefiled,,Tech,A rating
7 Star Consultancy Limited,Southall,Yes,Consultancy,A rating
7Hills Technologies Ltd,Newcastle-Under-Lyme,,Tech,A rating
A & F Capital Advisors Ltd,London,Yes,Consultancy,A rating
A & Z Consultancy Services Ltd,Ilford,Yes,Consultancy,A rating
A Cloud Guru Ltd,Twickenham,Yes,Tech,A rating
A J Sands Ltd T/A Sands Consultants,Exeter,,Consultancy,A rating
A Jolly Consulting Ltd,Southend-on-Sea,,Consultancy,A rating
A K Software House Ltd,Birmingham,,Tech,A rating
A MIRZA CONSULTANT LTD,Birmingham,,Consultancy,A rating
A Plus Consulting Ltd,London,Yes,Consultancy,A rating
A T & C PROFESSIONAL SYSTEMS LIMITED,London,Yes,Tech,A rating
A TECH HEATING LIMITED,Cumbernauld,,Tech,A rating
A Tech IT Services Ltd,MANCHESTER,,Tech,A rating
A W Control Systems Ltd,Armagh,,Tech,A rating
A&A Technology,BASINGSTOKE,,Tech,A rating
"A&M Capital Advisors Europe, LLP",London,Yes,Consultancy,A rating
A&Z CONSULTANTS MANGEMENT SERVICES LTD,NOTTINGHAM,,Consultancy,A rating
A-Lab Solutions Limited (T/A Reseo),London,Yes,Tech,A rating
A-TECH FABRICATIONS LIMITED,NEWTON AYCLIFFE,,Tech,A rating
A. C. Entertainment Technologies Ltd,High Wycombe,,Tech,A rating
A.K Medical Consultancy Ltd. T/A Cockerton Pharmacy,Darlington,,Consultancy,A rating
A.R.M TECHNOLOGIES LIMITED,Bournemouth,,Tech,A rating
A2Mar Consultancy Limited,Hounslow,Yes,Consultancy,A rating
A2VE Capital Advisors Limited,Battle,,Consultancy,A rating
A2Z Cloud Ltd.,Salisbury,,Tech,A rating
A2Z SOFTWARE SOLUTIONS LIMITED,Northamptonshire,,Tech,A rating
A2Z Technologies Ltd,Bristol,,Tech,A rating
A3N CONSULTING LIMITED,Hounslow,Yes,Consultancy,A rating
AA Business Consulting Limited,London,Yes,Consultancy,A rating
AA LAB FURNITURE LTD,London,Yes,Tech,A rating
AA RECRUITMENT CONSULTANTS LIMITED,London,Yes,Consultancy,A rating
AA Technology Solutions Ltd,Redhill,,Tech,A rating
AAA Mobiles & Computers Limited,Manchester,,Tech,A rating
AAASE Consultants Ltd,Blackburn,,Consultancy,A rating
AAB Business & Tax Advisory LLP,Aberdeen,,Consultancy,A rating
AAC Technologies (Scotland) Limited,Edinburgh,,Tech,A rating
AAI TECH LIMITED,Nottingham,,Tech,A rating
AAJJ CONSULTANTS LIMITED,London,Yes,Consultancy,A rating
AAN TECHNOLOGIES LIMITED,NORTHWITCH,,Tech,A rating
AARNA CONNECT TECH SERVICES LTD T/A AARNA CONNECT,Slough,,Tech,A rating
AARUN SOFTWARE LIMITED,Amersham,,Tech,A rating
AARYA TECHNOLOGIES LTD,Wokingham,,Tech,A rating
AARYAN MOBILE AND COMPUTER SERVICES LIMITED,"London,",Yes,Tech,A rating
AASEYA SOFTWARE SERVICES (UK)  LTD,Steyning,,Tech,A rating
AAT Tree Services & Consultancy,Hereford,,Consultancy,A rating
AAYS Technologies UK Limited,Townfield,,Tech,A rating
AB Global Consultant LTD,Northampton,,Consultancy,A rating
AB Littlejohn & Sons LTD  T/A Dental Technology Services,Glasgow,,Tech,A rating
AB SOFTWARE SOLUTIONS LTD,LUTON,,Tech,A rating
AB Solar Consulting Ltd,London,Yes,Consultancy,A rating
ABACUS TAX ADVISORS LTD,LEEDS,,Consultancy,A rating
ABBFEM CONSULTING LIMITED,Newport Pagnell,,Consultancy,A rating
ABC EDUCATION CONSULTANCY LTD,Manchester,,Consultancy,A rating
ABERDEEN PROPERTY CONSULTANTS LTD,Aberdeen,,Consultancy,A rating
ABI TECHNOLOGY LIMITED,Chalfont St. Giles,,Tech,A rating
ABL Energy & Marine Consultants Limited,London,Yes,Consultancy,A rating
ABL Software Limited,Petersfield,,Tech,A rating
ABM DIGITAL ACCOUNTANTS LTD,Lonodn,,Tech,A rating
ABS AUTOMATION SYSTEMS LIMITED,Reading,,Tech,A rating
ABSOLUTE RISK TECHNOLOGY LIMITED,NOTTINGHAM,,Tech,A rating
ABSORB SOFTWARE UK LTD,Huntingdon,,Tech,A rating
"ABeam Consulting Ltd., UK Branch",London,Yes,Consultancy,A rating
ACA Systems Support limited,Sunderland,,Tech,A rating
ACCEL SOFTWARE SERVICES LIMITED,GREATER MANCHESTER,,Tech,A rating
ACCESSIA TECHNOLOGY LIMITED,UXBRIDGE,Yes,Tech,A rating
ACCTAX CONSULTANCY LIMITED,London,Yes,Consultancy,A rating
ACE ANALYTICS LIMITED,London,Yes,Tech,A rating
ACE CONSULTANTS LTD,Harrow,Yes,Consultancy,A rating
ACE UK ENGINEERING CONSULTANTS LTD,Reading,,Consultancy,A rating
ACG Advisors Group (UK) Ltd,London,Yes,Consultancy,A rating
ACME CREDIT CONSULTANTS LIMITED,West Drayton,Yes,Consultancy,A rating
ACO Technologies plc,Shefford,,Tech,A rating
ACP CONSULTANTS LTD.,London,Yes,Consultancy,A rating
ACS-TECH LIMITED,COVENTRY,,Tech,A rating
ACTIVE TECH LTD,Romford,Yes,Tech,A rating
ACTUARIAL ADVISORY SERVICES LIMITED,ST. ALBANS,,Consultancy,A rating
ACZONE CONSULTANTS LTD,Croydon,Yes,Consultancy,A rating
AD Data Analytics Ltd,Peterborough,,Tech,A rating
AD Technologies Ltd,Reading,,Tech,A rating
ADA BUSINESS CONSULTANCY LTD,Chelmsford,,Consultancy,A rating
ADA Informatics Limited,Dagenham,Yes,Tech,A rating
ADAPTOGENIC LAB LTD,London,Yes,Tech,A rating
ADB Safegate Airport Systems UK Ltd,Manchester,,Tech,A rating
ADELANTA CONSULTING LTD,London,Yes,Consultancy,A rating
ADEO ESTATES PROPERTY CONSULTANTS LIMITED,England,,Consultancy,A rating
ADI TECHNOLOGY LIMITED,Basingstoke,,Tech,A rating
ADM AUTOMATION LIMITED,GATESHEAD,,Tech,A rating
ADM COMPUTING,CANTERBURY,,Tech,A rating
ADP Consulting & Engineering Ltd,London,Yes,Consultancy,A rating
ADP Security Systems Limited,Petersfield,,Tech,A rating
ADROIT CONSULTING GROUP LTD,London,Yes,Consultancy,A rating
ADVANCE AI LTD,Abbotsley,,Tech,A rating
ADVANCE COLLEGE OF BUSINESS AND TECHNOLOGY LIMITED,London,Yes,Tech,A rating
ADVANCE WATER TREATMENT TECHNOLOGIES LIMITED,Leighton Buzzard,,Tech,A rating
ADVANCED DESIGN TECHNOLOGY LIMITED,LONDON,Yes,Tech,A rating
AE Energy Consulting Limited,ABERDEEN,,Consultancy,A rating
AEA Consulting Worldwide Ltd,London,Yes,Consultancy,A rating
AEC Consultant Limited,London,Yes,Consultancy,A rating
AEC SYSTEMS LTD,London,Yes,Tech,A rating
AECOM ENGINEERING TECHNOLOGY SERVICES LTD,London,Yes,Tech,A rating
AEDS Consultants Limited,Warwick,,Consultancy,A rating
AEG Technologies Limited T/A Connect,London,Yes,Tech,A rating
AEM BUSINESS LTD T/A FLUIDS LABS,SOMERSET,,Tech,A rating
AES Sustainability Consultants Limited,Tiverton,,Consultancy,A rating
AFA Telecoms Limited,Blackburn,,Tech,A rating
AFFINITY LABS LTD,London,Yes,Tech,A rating
AFM Consulting Limited,London,Yes,Consultancy,A rating
AFRO ANGLO OIL AND GAS BLOCK CONSULT AND MACHINERY LTD,london,Yes,Consultancy,A rating
AFRY Management Consulting Limited,Oxford,,Consultancy,A rating
AFTAB FOROZE CONSULTANCIES LIMITED,Bristol,,Consultancy,A rating
AFX Mixing and Pumping Technologies Ltd,Poole,,Tech,A rating
AG Consultancy & Apps Ltd,Slough,,Tech & Consultancy,A rating
AG IT Consultancy Limited,Amersham,,Consultancy,A rating
AG Technologies LTD,London,Yes,Tech,A rating
AGAR IRONMONGERY DESIGN & MARKETING CONSULTANCY LIMITED,London,Yes,Consultancy,A rating
AGC TELECOMS LTD.,Luton,,Tech,A rating
AGEMO AI LTD,Cheshire,,Tech,A rating
AGENCY SOFTWARE WORLDWIDE LTD,HADLOW,,Tech,A rating
AGILE SOFTWARE SYSTEMS LTD,Colchester,,Tech,A rating
AGILE360 PROJECT MANAGEMENT CONSULTING SERVICES LIMITED,Leigh,,Consultancy,A rating
AGILEDNA CONSULTANCY LTD,Staines,,Consultancy,A rating
AGILENT TECHNOLOGIES LDA UK LIMITED,Cheshire,,Tech,A rating
AGS Cyber,London,Yes,Tech,A rating
AGTEK CONSULTING LIMITED,Bristol,,Consultancy,A rating
AH Technology Ltd,London,Yes,Tech,A rating
AH technology Ltd t/a Klyk,London,Yes,Tech,A rating
AHPL Consultants Limited,Amersham,,Consultancy,A rating
AHS Systems Ltd,Southwater,,Tech,A rating
AHT COOLING SYSTEMS SUPERMARKET (UK) LIMITED,Milton Keynes,,Tech,A rating
AI & CO LTD TA Flying Horse Restaurant,Markfield,,Tech,A rating
AI Agency Group LTD T/A Apply AI,London,Yes,Tech,A rating
AI BUILD LIMITED,LONDON,Yes,Tech,A rating
AI CORPORATE LIMITED,Wednesbury,,Tech,A rating
AI Computing Ltd,Ilford,Yes,Tech,A rating
AI DATA LABS LTD,London,Yes,Tech,A rating
AI Digital Limited,Lincoln,,Tech,A rating
AI Dizital Solutions LTD,Slough,,Tech,A rating
AI Exploration Ltd,Westhill,,Tech,A rating
AI Foods Ltd,Birmingham,,Tech,A rating
AI GEAR LTD,"Dundee, Scotland",,Tech,A rating
AI MARKET LTD,London,Yes,Tech,A rating
AI Pathfinder Inc Limited,London,Yes,Tech,A rating
AI Recruitment Technologies Limited,Knowsley,,Tech,A rating
AI Restaurants Ltd,Birmingham,,Tech,A rating
AI Tech Ltd,London,Yes,Tech,A rating
AI-Media UK B Ltd,London,Yes,Tech,A rating
AI-PRIORI LTD,Burton on Trent,,Tech,A rating
AIDEM TECHNOLOGIES LTD,London,Yes,Tech,A rating
AIM HIGHER MARKETING & CONSULTING LTD,SKIPTON,,Consultancy,A rating
AIMPOINT DIGITAL UK LIMITED,London,Yes,Tech,A rating
AIMU TECH LTD,Rickmansworth,,Tech,A rating
AIRBORNE ENVIRONMENTAL CONSULTANTS LTD,MANCHESTER,,Consultancy,A rating
AIRBORNE ROBOTICS Ltd,"London, United Kingdom",Yes,Tech,A rating
AIRHUB SYSTEMS LTD,London,Yes,Tech,A rating
AIRSTARS CONSULTING LIMITED,Beverley,,Consultancy,A rating
AIRSYS COMMUNICATIONS TECHNOLOGY LIMITED,Romsey,,Tech,A rating
AIRX TECHNOLOGIES LIMITED,London,Yes,Tech,A rating
AIRY TECH LIMITED,London,Yes,Tech,A rating
AIS Consulting UK Ltd,London,Yes,Consultancy,A rating
AIT TECH LIMITED,London,Yes,Tech,A rating
AIX Consultancy Ltd,Cambridge,,Consultancy,A rating
AJ INFOTECH LIMITED,London,Yes,Tech,A rating
AJ TECH SERVICES LTD,London,Yes,Tech,A rating
AJK Telecoms Limited,Ilford,Yes,Tech,A rating
AJMS Consultants,Leeds,,Consultancy,A rating
AK & CO CONSULTANTS LTD,London,Yes,Consultancy,A rating
AKE TRADE CONSULTANCY LTD,LONDON,Yes,Consultancy,A rating
AKM COMPUTER LIMITED,LONDON,Yes,Tech,A rating
AKS Advisers Limited,London,Yes,Consultancy,A rating
AKSYA TECHNOLOGIES LTD,LONDON,Yes,Tech,A rating
ALAN HENNESSEY ACCOUNTANTS & TAX ADVISERS LIMITED,BENFLEET,,Consultancy,A rating
ALARIS THE RF TECHNOLOGY GROUP LTD,LINCOLN,,Tech,A rating
ALGN Advisory LTD,London,Yes,Consultancy,A rating
ALIBABA CLOUD (EUROPE) LIMITED,London,Yes,Tech,A rating
ALITER CONSULTING LIMITED,Leeds,,Consultancy,A rating
ALLIANCE ADVISORY & CONSULTANCY LTD,LONDON,Yes,Consultancy,A rating
ALLIANCE DESIGN UK LTD T/A EDGE CONSULTING ENGINEERS,MANCHESTER,,Consultancy,A rating
ALLIED COMPUTER UK LTD,Wembley,Yes,Tech,A rating
ALLIN1 ADVISORY LTD,London,Yes,Consultancy,A rating
ALMIRAH CONSULTS LTD,MANCHESTER,,Consultancy,A rating
ALPER ZAN CONSULTANCY LIMITED,Banbury,,Consultancy,A rating
ALPHA CREDIT ADVISORS LIMITED,GLASGOW,,Consultancy,A rating
ALPHA DATA PARALLEL SYSTEMS LTD,EDINBURGH,,Tech,A rating
ALPHA TRAINING & CONSULTANTS LTD,KNARESBOROUGH,,Consultancy,A rating
ALPHA2 SOLUTIONS & SOFTWARE LIMITED,LONDON,Yes,Tech,A rating
ALPHALAKE TECHNOLOGIES LTD,Northampton,,Tech,A rating
ALPHAN TECH SOLUTIONS LTD,Chatham,,Tech,A rating
ALPHERATZ CONSULTING LTD,Aldershot,,Consultancy,A rating
ALPS IT CONSULTANCY LIMITED,Hounslow,Yes,Consultancy,A rating
ALTAIR CONSULTANCY AND ADVISORY SERVICES LIMITED,London,Yes,Consultancy,A rating
ALTAN EDUCATION & LANGUAGE CONSULTANCY SERVICES LTD,Wimborne,,Consultancy,A rating
ALTEN GLOBAL TECHNOLOGIES,"Cambridge,",,Tech,A rating
ALTIUS CONSULTANTS LTD,Belfast,,Consultancy,A rating
ALTUM PARTNERS CONSULTING LIMITED,London,Yes,Consultancy,A rating
ALUMAN SYSTEMS UK LIMITED,London,Yes,Tech,A rating
AM Insights Technology Limited,London,Yes,Tech,A rating
AM Low Carbon Consulting Limited,Brockenhurst,,Consultancy,A rating
AMARIS Consulting UK,London,Yes,Consultancy,A rating
AMASS BUSINESS AND TAX CONSULTANTS LTD,Coventry,,Consultancy,A rating
AMBER TRAINING ADVISORY & SUPPORT SERVICES LTD,Hounslow,Yes,Consultancy,A rating
AMBIENT CONSULTANTS LTD,Manchester,,Consultancy,A rating
AMC Consultants (UK) Limited,Reading,,Consultancy,A rating
AMF Bakery Systems UK Ltd,Leeds,,Tech,A rating
AMG Systems Ltd,Biggleswade,,Tech,A rating
AMH BUSINESS CONSULTANTS LIMITED.T/A-AMH Construction,Stockton-On-Tees,,Consultancy,A rating
AMICABLE TECHNOLOGIES LIMITED,Newcastle Upon Tyne,,Tech,A rating
AMIN'S CONSULTANCY LTD T/A T/A Amin & Co,Glasgow,,Consultancy,A rating
AML Analytics Ltd,Salisbury,,Tech,A rating
AMMI SYSTEMS LIMITED,Belfast,,Tech,A rating
AMMRO CONSULTING LIMITED,Newport,,Consultancy,A rating
AMO Consultancy Services Ltd,London,Yes,Consultancy,A rating
AMORE MEDIA SYSTEMS LTD,Stourport-On-Severn,,Tech,A rating
AMPLIFYR.AI LIMITED,London,Yes,Tech,A rating
AMR Consult Ltd,London,Yes,Consultancy,A rating
AMR Technologies Ltd,Solihull,,Tech,A rating
AMS AUTOMATION MANAGEMENT SERVICES LTD,CHICHESTER,,Tech,A rating
AMY CONSULTANCY SERV LTD,Birmingham,,Consultancy,A rating
AMYGDA LABS LTD,Derby,,Tech,A rating
AND Automation Limited,Ilkeston,,Tech,A rating
AND Technology Research Limited,Epping,,Tech,A rating
ANESI ADVISORS,London,Yes,Consultancy,A rating
ANGEL HOME CARE CONSULTANCY LIMITED,London,Yes,Consultancy,A rating
ANGSANA BUSINESS CONSULTING LTD,London,Yes,Consultancy,A rating
ANRA Technologies UK Ltd,Cranfield,,Tech,A rating
ANSA Data Analytics Ltd,Aberdeen,,Tech,A rating
ANZ DIGITAL LIMITED,"Welwyn Garden City,",,Tech,A rating
AP Drywall Systems Ltd,Manchester,,Tech,A rating
APCO Technologies Services Ltd,Didcot,,Tech,A rating
APECS Consult Ltd,Tipton,,Consultancy,A rating
APEX ACCOUNTANTS & TAX ADVISORS LTD,Chigwell,,Consultancy,A rating
APEX FIRE SYSTEMS LTD,London,Yes,Tech,A rating
APEX GLOBAL CONSULTING SERVICES LIMITED,Ilford London,Yes,Consultancy,A rating
APG Technologies Limited,London,Yes,Tech,A rating
"API Software Limited (Trading as ""AutoRek"")",Glasgow,,Tech,A rating
APP SAMURAI LIMITED,London,Yes,Tech,A rating
APP STORES LTD,"Caxton, Papworth Everard",,Tech,A rating
APP TECH DEVELOPMENT LIMITED,London,Yes,Tech,A rating
APPLY4 TECHNOLOGY LIMITED,LONDON,Yes,Tech,A rating
APPS I.T. LIMITED,Bromley,Yes,Tech,A rating
APPTION LABS LIMITED,LEICESTER,,Tech,A rating
AQ Wiring Systems Rockford Ltd,Rendlesham,,Tech,A rating
AR IT CONSULTANCY OF UK LIMITED,Liverpool,,Consultancy,A rating
AR LEGAL CONSULTANTS LTD,Leicester,,Consultancy,A rating
AR MOBILES & TECHNOLOGY LTD,Ashby-De-La-Zouch,,Tech,A rating
AR Tech Support Ltd,Slough,,Tech,A rating
ARBIVA CONSULTANCY LIMITED,London,Yes,Consultancy,A rating
ARC Consultancy and Media Limited,Cumbernauld,,Consultancy,A rating
ARC International Design Consultants UK Limited,London,Yes,Consultancy,A rating
ARCADYAN TECHNOLOGY LIMITED,Ipswich,,Tech,A rating
ARCH TECHNOLOGY LTD,Wembley,Yes,Tech,A rating
ARCHIT CONSULTANCY SERVICES LTD,BATH,,Consultancy,A rating
ARCTURUS TECHNOLOGY LTD,Blackburn,,Tech,A rating
ARIA TECHNOLOGIES LIMITED,SURREY,,Tech,A rating
ARIES GLOBAL SOFTWARE HOLDING LIMITED,London,Yes,Tech,A rating
ARIS Software UK Limited,Bracknell,,Tech,A rating
ARISTAR FINANCIAL CONSULTING LIMITED,Guildford,,Consultancy,A rating
ARK Consultancy Ltd,Birmingham,,Consultancy,A rating
ARKIRA LABS LIMITED,COULSDON,,Tech,A rating
ARNOLD MAGNETIC TECHNOLOGIES LIMITED,Sheffield,,Tech,A rating
ARROW DIGITAL SPACE LTD,London,Yes,Tech,A rating
ARS CONSULTANCY LTD,Amersham,,Consultancy,A rating
ART INVESTMENT AND TECH LTD,LONDON,Yes,Tech,A rating
AS Foreign Education Consultants Limited,Birmingham,,Consultancy,A rating
ASAP Cloud Solutions,Tunbridge Wells,,Tech,A rating
ASAP SYSTEMS LIMITED,FELTHAM,Yes,Tech,A rating
ASAPRAJ Consulting Ltd,Epsom,,Consultancy,A rating
ASB Tech Ltd,Milton Keynes,,Tech,A rating
ASBUILT DIGITAL UK LIMITED,London,Yes,Tech,A rating
ASC Technology Limited,Trafford,,Tech,A rating
ASCEND LEARNING SYSTEMS LIMITED,LONDON,Yes,Tech,A rating
ASCENDX CLOUD LIMITED,London,Yes,Tech,A rating
ASCENT CONSULTANTS LTD,LONDON,Yes,Consultancy,A rating
ASCENTIFY LABS LTD,London,Yes,Tech,A rating
ASCII Consulting Limited,Wanborough,,Consultancy,A rating
ASCOM Consulting Limited,Manchester,,Consultancy,A rating
ASFIN SOFTWARE & CONSULTANCY LTD,London,Yes,Tech & Consultancy,A rating
ASG Integrated Systems Ltd,Southport,,Tech,A rating
ASG Power Systems Limited,Newcastle Upon Tyne,,Tech,A rating
ASGARD HI-TECH SOLUTIONS LIMITED,South Shields,,Tech,A rating
ASH TECH FUTURES LTD,Strabane,,Tech,A rating
ASHA CONSULTING SERVICES LTD,Southampton,,Consultancy,A rating
ASID TECH PVT LTD.,Birmingham,,Tech,A rating
ASKK Technologies Ltd,London,Yes,Tech,A rating
ASN Assertive outreach and consultancy Limited,Colchester,,Consultancy,A rating
ASP Technologies Limited,Reading,,Tech,A rating
ASPA KST Architectural Urban Environmental Design Consulting And Management Ltd,London,Yes,Consultancy,A rating
ASPER TECHNOLOGIES LIMITED,Wembley,Yes,Tech,A rating
ASPIRANT CONSULTANCY SERVICES LTD,London,Yes,Consultancy,A rating
ASPIRE TECHNOLOGY LTD,Reading,,Tech,A rating
ASPIRED DIGITAL LTD,Ilford,Yes,Tech,A rating
ASSURED DATA PROTECTION LIMITED,Harewood,,Tech,A rating
AT Digital Ltd,Hounslow,Yes,Tech,A rating
ATA International Trade & Consultancy,Somerset,,Consultancy,A rating
ATAG Heating Technology UK Limited,West Malling,,Tech,A rating
ATC Systems Limited,Newtownabbey,,Tech,A rating
ATELIER TECHNOLOGY LIMITED,London,Yes,Tech,A rating
ATESCO CONSULTANCY LTD,London,Yes,Consultancy,A rating
ATEZ UK SOFTWARE TECHNOLOGIES LTD,London,Yes,Tech,A rating
ATIF CONSULT LTD,LONDON,Yes,Consultancy,A rating
ATLABS INFOTECH LTD,walthamabbey,,Tech,A rating
ATLANTIS TECHNOLOGY SOLUTIONS LIMITED,LONDON,Yes,Tech,A rating
ATLAS AUTOMATION SYSTEMS LTD,Cheltenham,,Tech,A rating
ATLAS MARINE CONSULTANCY LTD,London,Yes,Consultancy,A rating
ATM Automation Limited,Leicester,,Tech,A rating
ATOM CONSULTING SERVICES LIMITED,London,Yes,Consultancy,A rating
ATS Applied Tech Systems Ltd,Nuneaton,,Tech,A rating
ATTAR TECHNOLOGIES LIMITED,HAYES,Yes,Tech,A rating
AUDACC CONSULTANCY LTD,CHEADLE,,Consultancy,A rating
AUR CONSULTANTS LTD T/A DHABA,Blackburn,,Consultancy,A rating
AURCEN CONSULTING LTD,London,Yes,Consultancy,A rating
AUTOMATION CONSULTANTS LTD,Theale,,Tech & Consultancy,A rating
AUTOMATION ONE LTD,Brighton,,Tech,A rating
AUTOMIZEON TECH LTD,WEMBLEY,Yes,Tech,A rating
AVANT DATA LTD,Toton,,Tech,A rating
AVASO Technology Solutions Ltd,London,Yes,Tech,A rating
AVC TECH LIMITED,Luton,,Tech,A rating
AVC Tech Services,Letchworth Garden City,,Tech,A rating
AVENTRA SYSTEMS LTD,MILTON KEYNES,,Tech,A rating
AVENUEBIO CONSULTING LIMITED,Farnham,,Consultancy,A rating
AVIC CABIN SYSTEMS UK LIMITED,Christchurch,,Tech,A rating
AVR Technology Services Ltd,Welling,Yes,Tech,A rating
AVT CONSULTANCY LTD,London,Yes,Consultancy,A rating
AXIS Healthcare Consulting Limited,London,Yes,Consultancy,A rating
AXONE TECHNOLOGIES UK LIMITED,Wokingham,,Tech,A rating
AXYZ Automation (U.K.) Limited,Telford,,Tech,A rating
AYASH GLOBAL CONSULTANCY LIMITED,London,Yes,Consultancy,A rating
AYES CONSULTING UK Ltd,London,Yes,Consultancy,A rating
AYKO Digital Limited t/a AYKO,Leeds,,Tech,A rating
AYLIZ LOGISTICS & SUPPLY CHAIN CONSULTANCY LTD,Richmond,,Consultancy,A rating
AYS SYSTEMS LIMITED,Tunbridge Wells,,Tech,A rating
AYU Technologies Ltd,London,Yes,Tech,A rating
AZTO PLATFORM LTD,London,Yes,Tech,A rating
AZURE LABS UK LIMITED,London,Yes,Tech,A rating
Aalyria Technologies (UK) Limited,London,Yes,Tech,A rating
Aarti Consulting Services Limited,UNITED KINGDOM,,Consultancy,A rating
Ab Initio Software Limited,Weybridge,,Tech,A rating
Abacus Business Consultants Limited,Cambridge,,Consultancy,A rating
Abacus Information Technology UK Limited,London,Yes,Tech,A rating
Abakus Consulting Limited,London,Yes,Consultancy,A rating
Abbott Risk Consulting Ltd,Edinburgh,,Consultancy,A rating
Abelon Systems Limited,Edinburgh,,Tech,A rating
Abide Consulting Ltd TA Driver Hire Romford,Romford,Yes,Consultancy,A rating
Abintus Consulting Limited,London,Yes,Consultancy,A rating
Able Systems Limited,Northwich,,Tech,A rating
Abnormal AI UK Ltd,London,Yes,Tech,A rating
Abrasive Technology Limited,Colwyn Bay,,Tech,A rating
Abridge Systems Limited,Chelmsford,,Tech,A rating
Abs Advisors Ltd,Romford,Yes,Consultancy,A rating
Absolutdata Analytics UK Limited,Harpenden,,Tech,A rating
Absolute Retail Consulting Limited T/A AbsoluteLabs,London,Yes,Consultancy,A rating
Abstract Tech Limited,Leeds,,Tech,A rating
Acacia Consultants and Associates Ltd,Northampton,,Consultancy,A rating
Academy of Live Technology Ltd,South Kirkby,,Tech,A rating
Academy of Robotics Ltd,Cardff,,Tech,A rating
Acap Advisory Ltd,London,Yes,Consultancy,A rating
Acaster Lloyd Consulting Ltd,LONDON,Yes,Consultancy,A rating
Accelerator Advisory Limited,Cambridge,,Consultancy,A rating
Accencis ConSulting LTD,Loudwater,,Consultancy,A rating
Accentra Technologies Ltd,London,Yes,Tech,A rating
Access Fintech (UK) Limited,London,Yes,Tech,A rating
Access NRI Consultancy Pvt. Ltd.,Bristol,,Consultancy,A rating
Accion Labs (UK) Limited,Radlett,,Tech,A rating
Accolite Labs Europe Limited,London,Yes,Tech,A rating
Accosoft Technologies Ltd,London,Yes,Tech,A rating
Accountax Consultants UK Ltd,London,Yes,Consultancy,A rating
Accounting Office Software Ltd.,Neath,,Tech,A rating
Accounting and Taxation Advisory Firm Ltd,Derby,,Consultancy,A rating
Accounts Computers Ltd,Sevenoaks,,Tech,A rating
Accounts and Tax Consultancy Ltd,Hayes,Yes,Consultancy,A rating
Accu Technology UK Ltd,Oxford,,Tech,A rating
Accubridge Consulting Group LTD,Nottingham,,Consultancy,A rating
Ace Accountants & Tax Consultants Ltd,ILFORD,Yes,Consultancy,A rating
Ace Infotech Solutions Ltd,Chadwell Heath,,Tech,A rating
Ace Software Solutions Ltd,London,Yes,Tech,A rating
Ace Tech Repairs Limited,Pudsey,,Tech,A rating
Ace Technologies Limited,"Newbury Park, Illford",,Tech,A rating
Aceso Global Health Consultants Limited,Greater London,Yes,Consultancy,A rating
Acorn IT Systems Ltd,Reading,,Tech,A rating
Acorn Tourism Consulting Ltd,Flimwell,,Consultancy,A rating
Acoustic & Engineering Consultants Limited,Stockport,,Consultancy,A rating
Acquis Consulting UK Limited,London,Yes,Consultancy,A rating
Acre Platforms Limited,London,Yes,Tech,A rating
Act3 Consulting Limited,London,Yes,Consultancy,A rating
Actify Training and Technology CIC,Glasgow,,Tech,A rating
Active Information Systems Limited,Chichester,,Tech,A rating
Activum SG UK Advisors Limited,London,Yes,Consultancy,A rating
Actuation Lab,Bristol,,Tech,A rating
Acuiti Labs Limited,London,Yes,Tech,A rating
Acuity Advisors Limited,London,Yes,Consultancy,A rating
Acumen Accountants and Tax Advisers Ltd,London,Yes,Consultancy,A rating
Acumen Bay Consultancy Limited,Maidenhead,,Consultancy,A rating
Acumen Software Ltd,Northampton,,Tech,A rating
Acuvate Software Ltd,London,Yes,Tech,A rating
Ad Systems UK Ltd,Blackpool,,Tech,A rating
Ad idem Consulting Limited,London,Yes,Consultancy,A rating
Ada Digital Health Ltd,London,Yes,Tech,A rating
Adam Mathew Digital Limited,Marlborough,,Tech,A rating
Adaptech AI LTD,London,Yes,Tech,A rating
Adaptive Financial Consulting Ltd,London,Yes,Consultancy,A rating
Adder Technology Limited,Cambridge,,Tech,A rating
Addfield Environmental Systems Ltd,Burntwood,,Tech,A rating
Address Intelligence Technologies Limited,London,Yes,Tech,A rating
Adelante Software Ltd,Maidenhead,,Tech,A rating
Aden Engineering & Consultancy Ltd,Birmingham,,Consultancy,A rating
Adepin Consulting Ltd,London,Yes,Consultancy,A rating
Adept Consulting (UK) Ltd.,Chepstow,,Consultancy,A rating
Adept Consulting Engineers,Leeds,,Consultancy,A rating
Adex International Technologies Ltd,Folkestone,,Tech,A rating
Adjust Software Limited,Watford,,Tech,A rating
Adkins Consultants Limited,Maidstone,,Consultancy,A rating
Admire Consultancy Services Ltd,Essex,,Consultancy,A rating
Adobe Systems Europe Limited,Reading,,Tech,A rating
Adsum Technologies Ltd,London,Yes,Tech,A rating
Advance Automated Systems Limited,Newton Aycliffe,,Tech,A rating
Advanced Consulting Service Limited,Mansfield Woodhouse,,Consultancy,A rating
Advanced Infrastructure Technology Limited,Nantwich,,Tech,A rating
Advanced Labelling Systems Limited,Thame,,Tech,A rating
Advanced Manufacturing Control Systems (UK) Ltd,Nuneaton,,Tech,A rating
Advanced Secure Technologies Ltd,Cardiff,,Tech,A rating
Advanced Technology Services UK Limited,London,Yes,Tech,A rating
Advanced Tooling Systems UK Ltd,MAIDSTONE,,Tech,A rating
Advanced Vision Technology Limited,Marlow,,Tech,A rating
Advanced Visualisation Technologies Ltd T/A Digital Autopsy UK,Sheffield,,Tech,A rating
Advancing Analytics Ltd,London,Yes,Tech,A rating
Advansys Engineering Services and Consultancy Limited,Camberley,,Consultancy,A rating
Advantage Business Systems Limited,London,Yes,Tech,A rating
Advent Data Solutions Ltd,Stanmore,Yes,Tech,A rating
Advice Cloud Limited,Brighton,,Tech,A rating
Aegis UK - Recruiting and Consulting Ltd,London,Yes,Consultancy,A rating
Aera Technology Limited,London,Yes,Tech,A rating
AeroCloud Systems Limited,Stockport,,Tech,A rating
Aerofin IT Solutions and Consulting Services Limited,Feltham,Yes,Consultancy,A rating
Aerospace Technology Institute,London,Yes,Tech,A rating
Aesthetic Technology Ltd,Warrington,,Tech,A rating
Aetha Consulting Limited,Cambridge,,Consultancy,A rating
Afferent Software Limited,Brighton,,Tech,A rating
Affiniti AI Limited,London,Yes,Tech,A rating
Affluent Technology Limited,Coventry,,Tech,A rating
Afiniti Europe Technologies Limited,London,Yes,Tech,A rating
"Aflorithmic Labs, Ltd.",London,Yes,Tech,A rating
Afon Technology Ltd,Caldicot,,Tech,A rating
Africa Platforms Capital LLP,London,Yes,Tech,A rating
Agam Consulting Service Limited,Staines-Upon-Thames,,Consultancy,A rating
Agaricus Robotics Ltd,Lincoln,,Tech,A rating
Agent Software Limited,Manchester,,Tech,A rating
Agentis Capital Advisors UK Limited,London,Yes,Consultancy,A rating
Agile 101 Consulting Ltd,Reading,,Consultancy,A rating
Agile Consultancy Services Limited,Ilford,Yes,Consultancy,A rating
Agile Cyber Solutions Limited,London,Yes,Tech,A rating
Agile Engineering Consultancy Ltd,Frognall,,Consultancy,A rating
Agile and IT Digital Services Limited,Brentford,Yes,Tech,A rating
Agilico Workplace Technologies,London,Yes,Tech,A rating
Agilio Software Bidco Ltd.,Sheffield,,Tech,A rating
Agio AI UK Limited,Belfast,,Tech,A rating
Agreena Technology Limited,London,Yes,Tech,A rating
Ai Beauty LTD,London,Yes,Tech,A rating
Ai Process Systems Ltd,Barrowford,,Tech,A rating
Ai Tea Drinks Limited,Huddersfield,,Tech,A rating
AiQ Consulting Limited,Cranfield,,Consultancy,A rating
Aico Software Limited,Warwick,,Tech,A rating
Aidvante Consulting Group Ltd,Surrey,,Consultancy,A rating
Aigo Digital Repairs,Manchester,,Tech,A rating
Aionex Technologies Ltd,London,Yes,Tech,A rating
Aios Technology Ltd,Nottingham,,Tech,A rating
Air Aware Labs Ltd,London,Yes,Tech,A rating
Air Quality Consultants Ltd,Bristol,,Consultancy,A rating
Air Technology Systems Ltd,Bromsgrove,,Tech,A rating
Aira Digital Limited,Milton Keynes,,Tech,A rating
Airex Technologies Ltd,London,Yes,Tech,A rating
Airfield Lighting Systems UK Limited,Wickford,,Tech,A rating
Airportr Technologies Ltd,London,Yes,Tech,A rating
Akal Swift Consultants Ltd,GRAVESEND,,Consultancy,A rating
Akamai Technologies Limited,London,Yes,Tech,A rating
Akashi Digital Limited,London,Yes,Tech,A rating
Akeron Software UK Ltd,London,Yes,Tech,A rating
Akhil Tech Limited,Tunbridge Wells,,Tech,A rating
Akoni Technologies Ltd.,Reading,,Tech,A rating
Aksha Technologies Limited,Watford,,Tech,A rating
Al Watani Telecom Ltd,Uxbridge,Yes,Tech,A rating
AlSaab Ltd t/a AlSaab Digital Ventures,London,Yes,Tech,A rating
Alan Boyd Consultants Ltd,Crewe,,Consultancy,A rating
Alantra Corporate Portfolio Advisors International Limited,London,Yes,Consultancy,A rating
Alator Data Services LTD,Dundee,,Tech,A rating
Albida Consulting Limited,London,Yes,Consultancy,A rating
Albion Consult Limited,Oxford,,Consultancy,A rating
Alchemie Technology Ltd,Duxford,,Tech,A rating
Alchemmy Consulting Ltd,London,Yes,Consultancy,A rating
Alchemy Software Ltd,Bexleyheath,,Tech,A rating
Alchemy Technology Services Limited,Derry/Londonderry,Yes,Tech,A rating
Alcohol Monitoring Systems Limited,London,Yes,Tech,A rating
Aldeia Impact Advisory Ltd.,London,Yes,Consultancy,A rating
Alderley Lighthouse Labs Ltd,CHEADLE,,Tech,A rating
Alderson Digital Ltd,London,Yes,Tech,A rating
Aldia Technologies LTD,LONDON,Yes,Tech,A rating
Alenia Consulting UK Limited,London,Yes,Consultancy,A rating
Aleti Software Systems Ltd,Newcastle Upon Tyne,,Tech,A rating
Alevio Consulting Limited,"Birmingham,",,Consultancy,A rating
Alexander Belle Consultants,London,Yes,Consultancy,A rating
Alexander Edward James Consulting Limited,London,Yes,Consultancy,A rating
Alexander Owen Consultants Ltd,Milton Keynes,,Consultancy,A rating
Alexander Technologies Europe Limited,Peterlee,,Tech,A rating
Alexi Overseas Education Consultancy and Service Ltd.,Newcastle Upon Tyne,,Consultancy,A rating
Alfa Financial Software Ltd,London,Yes,Tech,A rating
Algiz Technology Limited,Birmingham,,Tech,A rating
Algorithms Software UK Ltd,London,Yes,Tech,A rating
Alianza UK Technologies Limited,Cambridge,,Tech,A rating
Align Technology UK Limited,Solihull,,Tech,A rating
Aligne Technologies Ltd,London,Yes,Tech,A rating
Aligned AI Limited,Thame,,Tech,A rating
Alium Consultancy Ltd,London,Yes,Consultancy,B rating
All Behaviour Consultancy,Windsor,,Consultancy,A rating
All Eat App Network Technology Incorporated Ltd,Croydon,Yes,Tech,A rating
AllSee Technologies Ltd,Birmingham,,Tech,A rating
Allan Controls & Automation Ltd,Liverpool,,Tech,A rating
Alliance Advisors UK Limited,London,Yes,Consultancy,A rating
Alliance Financial Consultants Ltd,Birmingham,,Consultancy,A rating
Allied Computer UK Limited,Wembley,Yes,Tech,A rating
Allied Computers International Limited,WEMBLEY,Yes,Tech,A rating
Allied Digital Services UK Ltd,Lewins Mead,,Tech,A rating
Allied Hygiene Systems Ltd,Erith,Yes,Tech,A rating
Allied Software Ltd,Glasgow,,Tech,A rating
Alliot Technologies Limited,Huddersfield,,Tech,A rating
Alloa Consultancy Limited,London,Yes,Consultancy,A rating
Allocate Software Ltd,Richmond,,Tech,A rating
Allsop Consulting Limited,Belfast,,Consultancy,A rating
Allvue Systems Limited,London,Yes,Tech,A rating
Allygrow Technologies UK Limited,Harrow,Yes,Tech,A rating
Alp Technologies Ltd,London,Yes,Tech,A rating
Alpha and Omega Semiconductor (UK) Limited,Bishop's Stortford,,Tech,A rating
AlphaSense Technology Limited,London,Yes,Tech,A rating
Alphanove Consultancy Ltd,London,Yes,Consultancy,A rating
Alpharithm Technologies Limited,London,Yes,Tech,A rating
Alphatec Software Limited,Dodford,,Tech,A rating
Alphr Technology Ltd,Letchworth Garden City,,Tech,A rating
Alta Advisers Limited,London,Yes,Consultancy,A rating
Altana Technologies UK Ltd,London,Yes,Tech,A rating
Alteco Consulting Ltd,London,Yes,Consultancy,A rating
Alter Technology TUV NORD UK LTD,Livingston,,Tech,A rating
Altera Semiconductor Technology UK Limited,Marlow,,Tech,A rating
"Alternative Loans Experience Technologies UK Limited, trading as Infinit",London,Yes,Tech,A rating
Altos Labs UK Limited,Great Abington,,Tech,A rating
Altrix Technology Ltd,London,Yes,Tech,A rating
Altura Platform Ltd,London,Yes,Tech,A rating
Altus Technologies Ltd,Horsham,,Tech,A rating
Alula Technologies Ltd,London,Yes,Tech,A rating
Alvi Health And Safety Consultancy Company Limited,Hounslow,Yes,Consultancy,A rating
Amadeus Consultancy Limited,London,Yes,Consultancy,A rating
Amadeus Software Limited,Oxon,,Tech,A rating
Amaechi Performance Systems Ltd,Manchester,,Tech,A rating
Aman Telecome Systems Ltd,Blackburn,,Tech,A rating
Amane Advisors Ltd,Bladon,,Consultancy,A rating
Amber Advisers Limited,London,Yes,Consultancy,A rating
Amber Labs,London,Yes,Tech,A rating
Amberside Advisors Ltd,Hemel Hempstead,,Consultancy,A rating
Ameba Systems Ltd,London,Yes,Tech,A rating
Amerigo Advisors Ltd T/A Altio,London,Yes,Consultancy,A rating
Amia Capital Advisors Limited,London,Yes,Consultancy,A rating
Amina Technologies Ltd,Huntingdon,,Tech,A rating
Amit Bangre Consulting Limited,Bristol,,Consultancy,A rating
Amphora Technologies Limited,Belfast,,Tech,A rating
Amplitude Analytics Limited,London,Yes,Tech,A rating
Amsi Consultancy Services,Derby,,Consultancy,A rating
Anaero Technology Ltd,Cambridge,,Tech,A rating
Analog and Digital Solutions Limited,Kent,,Tech,A rating
Analytics 8 LTD,London,Yes,Tech,A rating
Analytics Engines Limited,Belfast,,Tech,A rating
Analytics Engines Ltd,Belfast,,Tech,A rating
Analytics SEO Limited,Bramshott,,Tech,A rating
Analytics SEO Limited (T/A Authoritas),Bramshott,,Tech,A rating
Analytics Sphere Ltd,London,Yes,Tech,A rating
Anansi Technology Limited,London,Yes,Tech,A rating
Ananyaa Consulting Ltd,England,,Consultancy,A rating
Anchor Door Systems,London,Yes,Tech,A rating
Anchor Financial Advisory Limited,Southampton,,Consultancy,A rating
Anchor Informatics Ltd,London,Yes,Tech,A rating
Anchorage Capital Advisors Europe LLP,London,Yes,Consultancy,A rating
Andor Technology,Belfast,,Tech,A rating
Andrew Sissons Consulting (London) Limited,Deptford,,Consultancy,A rating
Andun Engineering Consultants Ltd,Nottingham,,Consultancy,A rating
Anemos-Analytics Ltd,Motherwell,,Tech,A rating
Anera Labs UK Ltd,London,Yes,Tech,A rating
Aneto Digital Services Ltd,Milton Keynes,,Tech,A rating
Anglia Scholars Educational Consultancy Ltd,Portsmouth,,Consultancy,A rating
Anglican Consultative Council,London,Yes,Consultancy,A rating
Ankar.ai,London,Yes,Tech,A rating
Anker Technology (UK) Ltd,Watford,,Tech,A rating
Ankura Consulting (Europe) Limited,London,Yes,Consultancy,A rating
Anmut Consulting LTD,Walton-on-Thames,,Consultancy,A rating
Ansari Technology Ltd,Edinburgh,,Tech,A rating
Ansimicro Software UK Limited,Gloucester,,Tech,A rating
Ant Data Limited,Liverpool,,Tech,A rating
Antare Technology Limited,London,Yes,Tech,A rating
Antibody Analytics Limited,Motherwell,,Tech,A rating
Anturas Consulting Ltd,Edinburgh,,Consultancy,A rating
Anup Consulting Ltd,Watford,,Consultancy,A rating
Anya Consultancy Services Limited,High Wycombe,,Consultancy,A rating
Apeiron Investment Advisory UK Limited,London,Yes,Consultancy,A rating
Apex Additive Technologies Ltd,Ebbw Vale,,Tech,A rating
Apex Consulting Engineers Limited,Sheffield,,Consultancy,A rating
Apex Consults Limited,Harlow,,Consultancy,A rating
Apex Fintech Solutions UK Ltd,Belfast,,Tech,A rating
Apex Innovation Labs Ltd,Liverpool,,Tech,A rating
Apex Radio Systems Ltd,Gateshead,,Tech,A rating
Apex Systems Global Limited,Cannock,,Tech,A rating
Apex UK Consulting Ltd,London,Yes,Consultancy,A rating
Apexx Fintech Ltd,London,Yes,Tech,A rating
Apis Assay Technologies,Manchester,,Tech,A rating
Apollo Research AI Ltd,London,Yes,Tech,A rating
App Factor Limited,Bradford,,Tech,A rating
Apparel Cloud London Ltd,London,Yes,Tech,A rating
Apparel-Tech UK LTD,London,Yes,Tech,A rating
Appeal Marketing Ltd t/a Appeal Digital,Bristol,,Tech,A rating
Appella AI Limited,London,Yes,Tech,A rating
Appian Capital Advisory LLP,London,Yes,Consultancy,A rating
Applexus Infotech Ltd,Amersham,,Tech,A rating
Applexus Technologies Limited,Hounslow,Yes,Tech,A rating
Applied Computing Technologies Ltd.,London,Yes,Tech,A rating
Applied Data Science Partners Ltd,London,Yes,Tech,A rating
Applied Industrial Systems Limited,Cheadle,,Tech,A rating
Applied Manufacturing Technologies Ltd,Pembroke,,Tech,A rating
Applied Scientific Technologies Ltd,Stokesley,,Tech,A rating
Applied Technology Developments Ltd,Leicester,,Tech,A rating
Apply Digital UK Ltd,London,Yes,Tech,A rating
Appmetric Software Limited,Basildon,,Tech,A rating
Apps Business It Solution UK Limited,London,Yes,Tech,A rating
Apps IT Limited,London,Yes,Tech,A rating
Apps Smiles Limited,Milton Keynes,,Tech,A rating
Appsync Technologies Limited,Luton,,Tech,A rating
Aprameyah Technologies Limited,Slough,,Tech,A rating
Apriori Technologies UK Limited,Belfast,,Tech,A rating
Aptitude Software Group plc,London,Yes,Tech,A rating
Aptura AI UK Ltd.,London,Yes,Tech,A rating
Aqua Security Software UK LTD,London,Yes,Tech,A rating
Aqua Technologies (Europe) Ltd,Hounslow,Yes,Tech,A rating
AquaQ Analytics,Belfast,,Tech,A rating
Aquarium Software Limited,Altrincham,,Tech,A rating
Aquark Technologies Limited,Eastleigh,,Tech,A rating
Aquios Labs Ltd,Milton Keynes,,Tech,A rating
Aralon Advisory Services Limited,London,Yes,Consultancy,A rating
Aras Software Ltd,Birmingham,,Tech,A rating
Arbat Capital Advisory Services Ltd,London,Yes,Consultancy,A rating
Arbtech Consulting Ltd,Chester,,Consultancy,A rating
Arcapita Investment Advisors UK Limited,London,Yes,Consultancy,A rating
Arch Ai Technologies Ltd,London,Yes,Tech,A rating
Archer Technologies UK Limited,Bristol,,Tech,A rating
Archipelago Technology Group Ltd,CAMBRIDGE,,Tech,A rating
Architectural Survey Consultants Ltd.,Basingstoke,,Consultancy,A rating
Archton Consulting Services Limited,Milton Keynes,,Consultancy,A rating
Arctic Cloud Solutions Ltd,Glasgow,,Tech,A rating
Arctic Lake Technology Ltd,London,Yes,Tech,A rating
Arcturis Data (UK) Limited,OXFORD,,Tech,A rating
Arcturus Capital Advisors Ltd,Brighton,,Consultancy,A rating
Arcus Consulting LLP,Newcastle Upon Tyne,,Consultancy,A rating
Ardmel Automation Limited,GLENROTHES,,Tech,A rating
Arete Medical Technologies Ltd,Cambridge,,Tech,A rating
Areteans Technology Solutions UK Limited,London,Yes,Tech,A rating
Areva Consultancy Limited,Dartford,,Consultancy,A rating
Argent Labs Limited,London,Yes,Tech,A rating
Argentum Data Solutions Ltd,Windsor,,Tech,A rating
Argti Software & IT Solutions UK Ltd,Preston,,Tech,A rating
Argus Software (UK) Ltd,London,Yes,Tech,A rating
Aria Systems UK Limited,London,Yes,Tech,A rating
Arianne Piper Art Advisory Limited,London,Yes,Consultancy,A rating
Aridhia Informatics Ltd,Glasgow,,Tech,A rating
Aristocrat Technologies Europe Ltd.,Uxbridge,Yes,Tech,A rating
Ark Consultants UK Ltd,Lancaster,,Consultancy,A rating
Arkaim Advisors Limited,London,Yes,Consultancy,A rating
Arkana Technology Limited,Newcastle Upon Tyne,,Tech,A rating
Arkash Management Consultants Limited,Northwood,,Consultancy,A rating
Arkk Consulting Ltd,London,Yes,Consultancy,A rating
Arkphire Technologies UK Ltd T/A Presidio,London,Yes,Tech,A rating
Arkus Consulting Limited,London,Yes,Consultancy,A rating
Arlington Medical Consultancy Limited,Manchester,,Consultancy,A rating
Armada Technologies Limited,Birkenhead,,Tech,A rating
Armlon Software Solutions Ltd,London,Yes,Tech,A rating
Arnlea Systems Limited,ABERDEEN,,Tech,A rating
Arrakis Technologies Limited,London,Yes,Tech,A rating
Arralis Technologies Ltd,Chippenham,,Tech,A rating
Arrazzaq Consultancy Limited,Lincolnshire,,Consultancy,A rating
Arriba Technologies Ltd,Cambridge,,Tech,A rating
Arrow Enterprise Computing Solutions Ltd,Harrogate,,Tech,A rating
Art Technologies Limited,London,Yes,Tech,A rating
Art of Cloud Ltd,Horsforth,,Tech,A rating
Artemis Consultants Limited,Litlington,,Consultancy,A rating
Artemis Technologies Ltd,Poole,,Tech,A rating
Arthur Ashe Consultants Limited,London,Yes,Consultancy,A rating
Arthur Consultancy Services Ltd,Norwich,,Consultancy,A rating
Artifex Interior Systems Limited,Solihull,,Tech,A rating
Artificial Intelligence Digital Solutions Limited,Milton Keynes,,Tech,A rating
Artificial Labs Limited,London,Yes,Tech,A rating
Arundel Advisers LLP,London,Yes,Consultancy,A rating
Arva AI Ltd,London,Yes,Tech,A rating
Arvia Water Technologies Ltd,Runcorn,,Tech,A rating
Arvy Consultancy (UK) Limited,Maidenhead,,Consultancy,A rating
Arya Consultancy Ltd.,Hemel Hempstead,,Consultancy,A rating
AsFigo Technologies Limited,Chelmsford,,Tech,A rating
Asana Software UK Limited,London,Yes,Tech,A rating
Ascend Digital Solutions Ltd,Manchester,,Tech,A rating
Ascend Technologies Limited,Southampton,,Tech,A rating
Ascent Digital Services UK Ltd,Bristol,,Tech,A rating
Ash & Lacy Building Systems Limited,West Bromwich,,Tech,A rating
Ashcombe Advisers LLP,London,Yes,Consultancy,A rating
Ashtead Technology Limited,Aberdeen,,Tech,A rating
Ask Gloria AI LTD,Leeds,,Tech,A rating
Aspect Labs Ltd,London,Yes,Tech,A rating
Aspect Software UK Limited,Hayes,Yes,Tech,A rating
Aspects Infotech Ltd,London,Yes,Tech,A rating
Aspen Stromb Consultancy Limited,London,Yes,Consultancy,A rating
Asper.AI Limited,North Harrow,,Tech,A rating
Aspin Management Systems Ltd,Hampshire,,Tech,A rating
Aspirant Analytics Ltd,London,Yes,Tech,A rating
Aspire Information Technologies Limited,Brentford,Yes,Tech,A rating
Aspire Infotech Technologies Ltd,Harrow,Yes,Tech,A rating
Aspire Systems (India) Private Limited,London,Yes,Tech,A rating
Aspire Systems UK Ltd,London,Yes,Tech,A rating
Aspire technology solutions,Gateshead,,Tech,A rating
Assa Advisors UK Ltd,London,Yes,Consultancy,A rating
Assemble Technologies UK Ltd (t/a Atticus),London,Yes,Tech,A rating
Assemble Technology Ltd,Liverpool,,Tech,A rating
Asset Infotech Limited,Slough,,Tech,A rating
Assist Digital EU Limited,LONDON,Yes,Tech,A rating
Associate Management Systems Limited,London,Yes,Tech,A rating
Assurity Systems Ltd,Bath,,Tech,A rating
Astar Business Advisors Limited,Morden,Yes,Consultancy,A rating
Asteros Advisers,London,Yes,Consultancy,A rating
Astles Control Systems Ltd,Princes Risborough,,Tech,A rating
Astor Business Consulting Ltd,London,Yes,Consultancy,A rating
Astral Neutronics Ltd (trading as Astral Systems),Bristol,,Tech,A rating
Astrid Technologies LTD,London,Yes,Tech,A rating
Astute Data Systems Ltd,Canterbury,,Tech,A rating
Asymptote Labs,London,Yes,Tech,A rating
Atcore Technology Limited,Slough,,Tech,A rating
Athena Advisers Ltd,London,Yes,Consultancy,A rating
Athena Advisory Solutions Ltd,Leicester,,Consultancy,A rating
Atheon Analytics Limited,Milton Keynes,,Tech,A rating
Atlantic Springs Consulting Ltd,Birmingham,,Consultancy,A rating
Atlas Technology Solutions UK Limited,London,Yes,Tech,A rating
Atmo Technology Ltd,Bristol,,Tech,A rating
Atmos Lab Limited,London,Yes,Tech,A rating
Atomic Digital Marketing Ltd,Cheshire,,Tech,A rating
Atomic Wire Technology Limited,London,Yes,Tech,A rating
Atominvest Software Ltd,London,Yes,Tech,A rating
Atrium Consulting Ltd,Virgina Water,,Consultancy,A rating
Attest Technologies Limited,London,Yes,Tech,A rating
Au Automation Ltd,Lesmahagow,,Tech,A rating
Audtax Accountants & Tax Consultants Limited,London,Yes,Consultancy,A rating
Auriemma Consulting UK Ltd,London,Yes,Consultancy,A rating
Auronova Consulting Limited,Harrow,Yes,Consultancy,A rating
Aurora Future Technologies Limited,London,Yes,Tech,A rating
Aurora Power Consulting Ltd,Bristol,,Consultancy,A rating
Aurous Technology Limited,London,Yes,Tech,A rating
Austerlitz Labs Limited,London,Yes,Tech,A rating
Austin Consultants Ltd,London,Yes,Consultancy,A rating
Autify Digital Ltd,Nottingham,,Tech,A rating
Autism Consultancy Services Ltd,High Wycombe,,Consultancy,A rating
Automata Technologies Limited,London,Yes,Tech,A rating
Automated Business Systems Limited (ABS Ltd),Wendover,,Tech,A rating
Automatic Data Processing (ADP) Limited,Staines Upon Thames,,Tech,A rating
Automatic Welding Systems Ltd.,Hawthorn,,Tech,A rating
Automation Anywhere UK Limited,London,Yes,Tech,A rating
Automation Controls Limited,Longbridge,,Tech,A rating
Automation Holdco Limited,Farnborough,,Tech,A rating
Automation Logic Limited,London,Yes,Tech,A rating
Automus Consulting UK Limited,London,Yes,Consultancy,A rating
Aval Consulting Group Ltd,London,Yes,Consultancy,A rating
Avance Consulting (Europe) Limited,London,Yes,Consultancy,A rating
Avant Consult LTD,Huddersfield,,Consultancy,A rating
Avatar Recruitment Consultancy Limited,Bracknell,,Consultancy,A rating
Avatar Tech Limited,Illford,,Tech,A rating
Avdv Ltd t/a Clyx App,London,Yes,Tech,A rating
Averge Technologies UK Limited,Thetford,,Tech,A rating
Avi Consulting London Limited,Hounslow,Yes,Consultancy,A rating
Avian Labs Limited,London,Yes,Tech,A rating
Aviatrix Systems UK Ltd,London,Yes,Tech,A rating
Avifauna Technology Limited,Bradford,,Tech,A rating
Avigna Technology Solutions Limited,London,Yes,Tech,A rating
Avisant Consulting Limited,Cardiff,,Consultancy,A rating
Avocado Labs Limited,Lincolnshire,,Tech,A rating
Avon Data Systems Limited,Bristol,,Tech,A rating
Avos Technology Ltd,Cambridge,,Tech,A rating
Avoy Technologies Limited /ta SnapSea,London,Yes,Tech,A rating
Avs Info Systems Limited,Reading,,Tech,A rating
Aware Digital Ltd,Stoke on Trent,,Tech,A rating
Axalta Coating Systems UK Limited,Welwyn Garden City,,Tech,A rating
Axelera AI UK,Bristol,,Tech,A rating
Axia Computer Systems Limited,Watford,,Tech,A rating
Axia Digital Ltd,Batley,,Tech,A rating
Axiom Software Solutions Limited,London,Yes,Tech,A rating
Axiom Technologies Pty Ltd,Crawley,,Tech,A rating
Axis Spine Technologies Ltd,Leeds,,Tech,A rating
Axis Well Technology Ltd,Westhill,,Tech,A rating
Axsai Technologies Europe Limited,London,Yes,Tech,A rating
Ayantika Technologies Ltd,London,Yes,Tech,A rating
Aybola Software and Technology Ltd,London,Yes,Tech,A rating
Aychefs Consultancy Services Ltd,London,Yes,Consultancy,A rating
Ayotta Technologies Limited,Maidstone,,Tech,A rating
Aytel Systems Ltd,Cardiff,,Tech,A rating
Azotic Technologies Limited,York,,Tech,A rating
Aztec Consult LTD,Southall,Yes,Consultancy,A rating
Azura Advisors UK Ltd,London,Yes,Consultancy,A rating
Azure Tech Ltd,London,Yes,Tech,A rating
B T Consultancy Limited,Twickenham,Yes,Consultancy,A rating
B&L Consultants Ltd,Essex,,Consultancy,A rating
BA EDUCATIONAL CONSULTANCY LTD,LONDON,Yes,Consultancy,A rating
BA Technologies Limited,Portsmouth,,Tech,A rating
BABLE Consulting Limited,Cirencester,,Consultancy,A rating
BAC Education Consultancy Ltd,Dartford,,Consultancy,A rating
BACKUP DATA LIMITED,Woolpit,,Tech,A rating
BADITECH ENGINEERING AND CONSULTANCY LTD,NEWARK,,Consultancy,A rating
BAE Systems OneArc UK Limited,Farnborough,,Tech,A rating
BAE Systems Plc,London,Yes,Tech,A rating
BAKAY CONSULTING LTD,London,Yes,Consultancy,A rating
BAKHSH CONSULTANTS LIMITED,LONDON,Yes,Consultancy,A rating
BALKIS & SON CONSULTING LTD,LONDON,Yes,Consultancy,A rating
BALRE TECHNOLOGIES LTD,London,Yes,Tech,A rating
BAMA TECH LTD,ILFORD,Yes,Tech,A rating
BANANA APPS LIMITED,ilford,Yes,Tech,A rating
BAND Advisory Group Limited,"Barbican, London",Yes,Consultancy,A rating
BANDGI TECHNOLOGIES PVT LTD,MAIDENHEAD,,Tech,A rating
BANKSIDE FINANCIAL SOLUTIONS CONSULTING LIMITED ta Bankside FSC,London,Yes,Consultancy,A rating
BANKTECH SOFTWARE SERVICES LIMITED,Cambridge,,Tech,A rating
BANTAIN TECH SOLUTIONS LTD,London,Yes,Tech,A rating
BARNBROOK SYSTEMS LIMITED,FAREHAM,,Tech,A rating
BASLAW CONSULTING SERVICES LTD,Sutton Coldfield,,Consultancy,A rating
BATCH CONTROL SYSTEMS LTD,GLASGOW,,Tech,A rating
BAYSAL CONSULTANCY LTD,London,Yes,Consultancy,A rating
BAeHAL Software Limited,SLOUGH,,Tech,A rating
BB TRADE AND CONSULTANCY LTD,London,Yes,Consultancy,A rating
BB2 Digital and Technology Services Ltd,London,Yes,Tech,A rating
BB7 Consulting Limited,Chatham,,Consultancy,A rating
BBD Software Limited,London,Yes,Tech,A rating
BCC CONSULTANCY SERVICES LTD,Harrow,Yes,Consultancy,A rating
BCG Digital Ventures,London,Yes,Tech,A rating
BCL Management and Consultancy Ltd,London,Yes,Consultancy,A rating
BCP Consulting Limited,London,Yes,Consultancy,A rating
BCS Data Centres Limited,London,Yes,Tech,A rating
BCT Consultants Ltd.,Milton,,Consultancy,A rating
BCT Consulting Ltd,Reading,,Consultancy,A rating
BD PROPERTY CONSULTANTS Ltd,LONDON,Yes,Consultancy,A rating
BEATY CONSULTANCY LIMITED,Carlisle,,Consultancy,A rating
BEEP DIGITAL LTD,Poole,,Tech,A rating
BEESPACE TECHNOLOGIES LTD,BELFAST,,Tech,A rating
BELGRAVIA CONCIERGE & CONSULTING LTD,London,Yes,Consultancy,A rating
BELHATI CONSULTING SERVICES LIMITED,Milton Keynes,,Consultancy,A rating
BELL IT & MANAGEMENT CONSULTANCY LTD,Burnley,,Consultancy,A rating
BELOGIC SYSTEMS LIMITED,MAIDSTONE,,Tech,A rating
BENEVOLENCE TECHNOLOGIES PRIVATE LIMITED,London,Yes,Tech,A rating
BENJAMIN & ISAAC TAX CONSULTANTS LTD,Glasgow,,Consultancy,A rating
BENOIT TECHNOLOGIES UK LTD,Bolton,,Tech,A rating
BEP Surface Technologies,Bury,,Tech,A rating
BEP Systems Limited,Manchester,,Tech,A rating
BERKUK TECHNOLOGY LTD,Sheffield,,Tech,A rating
BEST TECH SERVICES LIMITED,STOKE-ON-TRENT,,Tech,A rating
BFB Labs,London,Yes,Tech,A rating
BG Infotech Ltd,London,Yes,Tech,A rating
BG&E Consulting Engineers Ltd,London,Yes,Consultancy,A rating
BHS Consultants Limited,South Woodford,Yes,Consultancy,A rating
BIEL CONSULTANCY LTD,London,Yes,Consultancy,A rating
BIG DATA SCIENCE & TECHNOLOGY LIMITED,Feltham,Yes,Tech,A rating
BIG PICTURE (SOFTWARE) LIMITED,Snaith,,Tech,A rating
BILBERRY TECHNOLOGIES LTD T/A ADCLEAR,London,Yes,Tech,A rating
BILGIN CONSULTANCY LTD,London,Yes,Consultancy,A rating
BIM Technologies (Europe) Limited,Newcastle upon Tyne,,Tech,A rating
BINARY BUSINESS ADVISOR LIMITED,London,Yes,Consultancy,A rating
BIO-TECH SOLUTIONS LIMITED,Driffield,,Tech,A rating
BIOMARKER TECHNOLOGIES (BMKGENE) UK LTD,Cheshire,,Tech,A rating
BIONIQ HEALTH TECH-SOLUTIONS LTD,LONDON,Yes,Tech,A rating
BIP CONSULTING UK LIMITED,London,Yes,Consultancy,A rating
BITESIZE CONSULTING (CG) LTD,London,Yes,Consultancy,A rating
BIZMAX TECH LTD,Stockton-On-Tees,,Tech,A rating
BIZTECH CONSULTANTS LTD,Ilford,Yes,Consultancy,A rating
BIZZ EDUCATIONAL CONSULTANCY LTD,PRESTON,,Consultancy,A rating
BJD CONSULTING ENGINEERS LTD,London,Yes,Consultancy,A rating
BJK GLOBAL CONSULT LTD,Huddersfield,,Consultancy,A rating
BLACK OPAL CONSULTING LTD,London,Yes,Consultancy,A rating
BLACKSTOCK CONSULTING LTD,London,Yes,Consultancy,A rating
BLACKWATER TECH LTD,London,Yes,Tech,A rating
BLOCKCHAIN TECH LTD,Southend-On-Sea,,Tech,A rating
BLOOP AI LIMITED,LONDON,Yes,Tech,A rating
BLOSSOM CONSULTANCY LIMITED,Bromley,Yes,Consultancy,A rating
BLOW MOULDING TECHNOLOGIES,Belfast,,Tech,A rating
BLUE FIRE AI LIMITED,London,Yes,Tech,A rating
BLUEBERRY CONSULTANCY LIMITED,MANCHESTER,,Consultancy,A rating
BLUEGRID TECHNOLOGY LTD,Peterborough,,Tech,A rating
BLUESTAR SOFTWARE LIMITED,Reading,,Tech,A rating
BLUX CONSULTANCY LIMITED,London,Yes,Consultancy,A rating
BM Data Solutions Limited T/A BM Aluminium,Tewkesbury,,Tech,A rating
BMA CONSULTANCY LIMITED,Blackburn,,Consultancy,A rating
BMC Software Ltd,Winnersh Triangle,,Tech,A rating
BMLL Technologies Ltd,London,Yes,Tech,A rating
BN MANAGEMENT CONSULTANCY LIMITED,Ilford,Yes,Consultancy,A rating
BNP Paribas real Estate Advisory & Property Management UK Limited,London,Yes,Consultancy,A rating
BNW Technology Ltd,Reading,,Tech,A rating
BOB W TECHNOLOGIES UK LIMITED,London,Yes,Tech,A rating
BOGHANI CONSULTANCY SERVICES LTD,"St. Albans,",,Consultancy,A rating
BONA DESIGN & CONSULTANCY LTD,Coventry,,Consultancy,A rating
BOOTH WELSH AUTOMATION LIMITED,Irvine,,Tech,A rating
BOREAS SOFTWARE AND CONSULTING LTD,London,Yes,Tech & Consultancy,A rating
BORIS SOFTWARE LIMITED,LEEDS,,Tech,A rating
BOSE TECHNOLOGIES LIMITED,Reading,,Tech,A rating
BOSS Energy Consulting Limited,London,Yes,Consultancy,A rating
BOUCHON CONSULTING LIMITED,London,Yes,Consultancy,A rating
BP Telecoms,Blackburn,,Tech,A rating
BPAV Technology Group Ltd,Basingstoke,,Tech,A rating
BPI Learning Consulting UK,London,Yes,Consultancy,A rating
BRAIN BRIDGE TECHNOLOGY LIMITED,Brentwood,,Tech,A rating
BRAMA CAPITAL ADVISORS LTD,London,Yes,Consultancy,A rating
BREEZ TECHNOLOGY LIMITED,LONDON,Yes,Tech,A rating
BRG INFOTECH LIMITED,London,Yes,Tech,A rating
BRGR LAB LTD,Coventry,,Tech,A rating
BRICLOGIX TECHNOLOGIES LTD,Uxbridge,Yes,Tech,A rating
BRIDGE INTERNATIONAL CONSULTANCY AND MIGRATION LIMITED,Uxbridge,Yes,Consultancy,A rating
BRIGHT SITES CONSULTING LIMITED,LONDON,Yes,Consultancy,A rating
BRISTOL PHONES & TECH SPECIALISTS LIMITED,Bristol,,Tech,A rating
BRITANNIA BUSINESS CONSULTING LIMITED,London,Yes,Consultancy,A rating
BRITE CONSULTANCY SERVICES LIMITED,London,Yes,Consultancy,A rating
BRITISH CHINA INTERNATIONAL CONSULTING LIMITED,Oxford,,Consultancy,A rating
BRM Computers Services Limited,Southampton,,Tech,A rating
BROCKLEY TECH LTD,LONDON,Yes,Tech,A rating
BROOKLAND CONSULTANCY LTD,Croydon,Yes,Consultancy,A rating
BRS CONSULTING LTD,LONDON,Yes,Consultancy,A rating
BRS Technology Limited,GLASGOW,,Tech,A rating
BS Prospect Consultancy Limited,Manchester,,Consultancy,A rating
BS Tech Solutions Ltd,Manchester,,Tech,A rating
BSBI Consulting Limited,Rickmansworth,,Consultancy,A rating
BSOFT TECHNOLOGIES LTD,Wakefield,,Tech,A rating
BST Consulting Ltd,Dartford,,Consultancy,A rating
BTP Consultants,Cheltenham,,Consultancy,A rating
BTVK Advisory LLP,London,Yes,Consultancy,A rating
BUGNI LABS LTD,London,Yes,Tech,A rating
BUSINESS CONSULTING & ACCOUNTING LIMITED,Portsmouth,,Consultancy,A rating
BUSINESS DATA QUALITY LTD,LONDON,Yes,Tech,A rating
BW Flexible Systems UK Limited,Beeston,,Tech,A rating
BW1 Consultants Ltd,Nottingham,,Consultancy,A rating
BWB Consulting Ltd,Nottingham,,Consultancy,A rating
BWS Security Systems Limited,Bath,,Tech,A rating
BX Technologies Ltd,London,Yes,Tech,A rating
BXR Advisory Partners LLP,London,Yes,Consultancy,A rating
BZ Technology Limited,London,Yes,Tech,A rating
Babb Technologies LTD,London,Yes,Tech,A rating
Babcock Integrated Technology Limited,Bristol,,Tech,A rating
Babz Tech Ltd,Nottingham,,Tech,A rating
Bacchus Capital Advisers Limited,London,Yes,Consultancy,A rating
Back Lab Ltd,London,Yes,Tech,A rating
Backend Tech Services Ltd,London,Yes,Tech,A rating
Bahria Consulting LTD,Nottingham,,Consultancy,A rating
Bajwa Consulting Ltd,Hayes,Yes,Consultancy,A rating
Baker Consultants Ltd,Matlock,,Consultancy,A rating
Baker Hughes Energy Technology UK Limited,Bristol,,Tech,A rating
Baker Richards Consulting Ltd,Cambridge,,Consultancy,A rating
Baker Vaughn Consulting Ltd,Pontypridd,,Consultancy,A rating
Balaji IT Consultants Ltd,Wembley,Yes,Consultancy,A rating
Balance Technologies Ltd,London,Yes,Tech,A rating
Baldev Consulting ltd,Loanhead,,Consultancy,A rating
Balindra Software Limited,London,Yes,Tech,A rating
Balio Software Limited,Canterbury,,Tech,A rating
Ballykelly Consulting Ltd,Sutton,Yes,Consultancy,A rating
Baltimore Consulting Limited,Bristol,,Consultancy,A rating
Bandhan Technologies Limited,London,Yes,Tech,A rating
Banjo Tech Ltd,Belfast,,Tech,A rating
BankiFi Technology Limited,Manchester,,Tech,A rating
Bantham Technologies Limited,London,Yes,Tech,A rating
Banyan Educational Consultancy Ltd,London,Yes,Consultancy,A rating
Barker Tatham Investment Consultants Ltd,Croydon,Yes,Consultancy,A rating
Barnes Roffe Advisory Limited,London,Yes,Consultancy,A rating
Barnett Waddingham Actuaries and Consultants Ltd,Cheltenham,,Consultancy,A rating
Barrett Mahony Consulting Engineers UK Ltd,London,Yes,Consultancy,A rating
BaseKit Platform Ltd.,Bristol,,Tech,A rating
Bash Consult Ltd,London,Yes,Consultancy,A rating
Basingstoke College of Technology,Basingstoke,,Tech,A rating
Basis Cloud Solutions Ltd,Leicester,,Tech,A rating
Basis Technologies International Ltd,Bracknell,,Tech,A rating
Basis Technology Limited,Beaconsfield,,Tech,A rating
Baton Systems Limited,Elstead,,Tech,A rating
Battle Systems Ltd,Redditch,,Tech,A rating
Bauer Technologies Limited,Bishops Stortford,,Tech,A rating
Baya Systems Limited,Cambridge,,Tech,A rating
Bayforest Technologies Limited,London,Yes,Tech,A rating
Bays Consulting Limited,Guildford,,Consultancy,A rating
Be Shaping the Future Management Consulting Ltd,London,Yes,Consultancy,A rating
Beacon Apps Ltd,Redditch,,Tech,A rating
Beacon Platform Limited,London,Yes,Tech,A rating
Beacon Technologies Ltd,London,Yes,Tech,A rating
Bead Technologies Limited,London,Yes,Tech,A rating
Beauclerc Advisory Services Limited,London,Yes,Consultancy,A rating
Beauty Tech Lab Ltd,London,Yes,Tech,A rating
Bedford Consultancy Services Limited,London,Yes,Consultancy,A rating
Bee Robotics Ltd,Caernarfon,,Tech,A rating
Beebot AI,Sale,,Tech,A rating
Beeks Financial Cloud Group PLC t/a Beeks Group,Renfrew,,Tech,A rating
Bellrock Technology Limited,Edinburgh,,Tech,A rating
Bench Walk Advisors LLC,London,Yes,Consultancy,A rating
Bens Advisory LTD,Romford,Yes,Consultancy,A rating
Bent Oak Systems Ltd,London,Yes,Tech,A rating
BentallGreenOak Advisors (UK) LLP,London,Yes,Consultancy,A rating
Bentley Systems (UK) Ltd,London,Yes,Tech,A rating
Berkshire Global Advisors Ltd,London,Yes,Consultancy,A rating
Berkshire Technologies Limited,Bracknell,,Tech,A rating
Bermont Advisors Limited,London,Yes,Consultancy,A rating
Best Mortgage Adviser Ltd,BRISTOL,,Consultancy,A rating
Best Solutions Consulting Ltd,London,Yes,Consultancy,A rating
BetDEX Labs Ltd,Edinburgh,,Tech,A rating
Beta CAE Systems UK Limited,St Albans,,Tech,A rating
Beta Design Consultants Ltd,Brentford,Yes,Consultancy,A rating
Beta Technology Limited,Sheffield,,Tech,A rating
Betfred Technology Limited,Manchester,,Tech,A rating
Betty Technology UK Ltd.,London,Yes,Tech,A rating
Beyond Data Technologies Ltd,Sheffield,,Tech,A rating
Beyond Engineering Consulting Ltd,Wembley,Yes,Consultancy,A rating
Beyond Green Advisors Ltd,Edinburgh,,Consultancy,A rating
Beyond Now Technology Limited,London,Yes,Tech,A rating
Beyond Training & Consultation Ltd,Belfast,,Consultancy,A rating
Bhashini VBS Consultancy Limited,Bristol,,Consultancy,A rating
Biamp Systems,Wimbledon,Yes,Tech,A rating
Big Cookie Digital Ltd,Liverpool,,Tech,A rating
Big Data Lake Limited,Slough,,Tech,A rating
Big Leap Consulting Ltd,Carshalton,Yes,Consultancy,A rating
Big Little Technology Limited (trading as beloFX),Altrincham,,Tech,A rating
Big Orange Software trading as Sonin,Reigate,,Tech,A rating
Bigminds Technology Solutions Limited,Bromley,Yes,Tech,A rating
Bilfinger Piping Technologies UK Ltd,Bristol,,Tech,A rating
BiologIC Technologies,Soham,,Tech,A rating
Biopharma Process Systems,Winchester,,Tech,A rating
Biotech Consultants Limited (BTCL),London,Yes,Consultancy,A rating
BirdsEyeView Technologies Limited,London,Yes,Tech,A rating
Birl Technology Ltd,Liverpool,,Tech,A rating
Birla Technologies Limited,Harrow,Yes,Tech,A rating
Black Box Media Consultancy Limited,London,Yes,Consultancy,A rating
Black Cat Building Consultancy Limited,Manchester,,Consultancy,A rating
Black Cow Technology Limited,Oxford,,Tech,A rating
"Black Stone Construction, Trading & Consultancy Ltd",Croydon,Yes,Consultancy,A rating
Black Swan Data Limited,London,Yes,Tech,A rating
Blackline Systems Ltd,London,Yes,Tech,A rating
Bladon Technologies Ltd,Warwick,,Tech,A rating
Blake Clough Consulting Ltd,Slaithwaite,,Consultancy,A rating
Blayze Consulting Group Limited,London,Yes,Consultancy,A rating
Bliss software solutions Ltd,Aylesbury,,Tech,A rating
Blitz Consulting Limited,Oxford,,Consultancy,A rating
Bloc Digital Ltd,Derby,,Tech,A rating
Bloompark Software Services Ltd,Slough,,Tech,A rating
Blu Wireless Technology Limited,Bristol,,Tech,A rating
BluDot Digital Limited,Kingsbury,Yes,Tech,A rating
Blue Astral Consulting Ltd.,London,Yes,Consultancy,A rating
Blue Bear Systems Research Ltd.,OAKLEY,,Tech,A rating
Blue Car Technologies Limited,Wokingham,,Tech,A rating
Blue Chip Technologies Ltd,Wantage,,Tech,A rating
Blue Cloud Global UK Limited,London,Yes,Tech,A rating
Blue Consulting International Limited T/A Blue Education,London,Yes,Consultancy,A rating
Blue Matter Consulting Ltd,London,Yes,Consultancy,A rating
Blue Ocean Data Solution Ltd,London,Yes,Tech,A rating
Blue Precision Technologies Ltd,Maidstone,,Tech,A rating
Blue Ridge Partners Management Consulting (UK) Ltd,London,Yes,Consultancy,A rating
Blue State Digital UK Limited,London,Yes,Tech,A rating
Blue Strawberry AI Ltd,Sandwich,,Tech,A rating
Blue Tech (Scotland) Ltd t/a Cell Links,Glasgow,,Tech,A rating
Blue Thorn Technology Ltd,Birmingham,,Tech,A rating
Blue Yonder Technology Solutions (UK) Limited,Bracknell,,Tech,A rating
Blue Yonder Technology Solutions UK Limited,Bracknell,,Tech,A rating
BlueSkeye AI LTD,Nottingham,,Tech,A rating
Blueberry Systems Limited,Gloucester,,Tech,A rating
Bluecube Cyber Security Solutions Limited,Milton Keynes,,Tech,A rating
Blueleaf Consultants Ltd,Essex,,Consultancy,A rating
Bluelotus Technologies Limited,Coventry,,Tech,A rating
Bluemax Technology Support Ltd.,Cambridge,,Tech,A rating
Blueprint Sport Consulting Limited,Kington,,Consultancy,A rating
Blueprint Technologies Limited,Newark On Trent,,Tech,A rating
Bluerose Technologies Limited,London,Yes,Tech,A rating
Bluesea Technology ltd,Ilford,Yes,Tech,A rating
Bluesmith Information Systems Ltd,Leeds,,Tech,A rating
Bluestonex Consulting Ltd,OSWESTRY,,Consultancy,A rating
Blush Tech Limited,London,Yes,Tech,A rating
Bo Digital Ltd,Cambridge,,Tech,A rating
Boditrax Technologies Ltd,Nottingham,,Tech,A rating
Boku Labs Ltd,London,Yes,Tech,A rating
Bolders Consulting Group Ltd,London,Yes,Consultancy,A rating
Bond Financial Technologies Ltd,London,Yes,Tech,A rating
Bonus Consultancy Limited,London,Yes,Consultancy,A rating
BookNow Software Ltd,Camberley,,Tech,A rating
Boomerang Digital Ltd,Hessle,,Tech,A rating
Boost AI LTD,Woking,,Tech,A rating
Boost Capital Advisers Limited,London,Yes,Consultancy,A rating
Boost It Technologies LTD,Bristol,,Tech,A rating
Border Business Systems Limited,Wrexham,,Tech,A rating
Borer Data Systems Ltd,Winnersh,,Tech,A rating
Borivali Consultancy Limited,Milton Keynes,,Consultancy,A rating
Bosch Global Software Technologies Private Limited,Denham,,Tech,A rating
Boss Consulting Services Limited,London,Yes,Consultancy,A rating
Bottomline Technologies Limited,Theale,,Tech,A rating
Bowerbird Consulting Ltd,Bath,,Consultancy,A rating
Bowse Consultancy Limited,Maidstone,,Consultancy,A rating
Box Technologies Limited,Thame,,Tech,A rating
Box Twenty Consulting Engineers Ltd,Bristol,,Consultancy,A rating
Boxkite Software Ltd,Bristol,,Tech,A rating
Boyd Technologies Ashington UK Limited,Ashington,,Tech,A rating
Braavos Investment Advisers LLP,London,Yes,Consultancy,A rating
Brabers Consultancy Ltd,London,Yes,Consultancy,A rating
Bradstock Consulting Engineers Ltd,Edenbridge,,Consultancy,A rating
Brady Technologies Limited,London,Yes,Tech,A rating
Brain Analytics,London,Yes,Tech,A rating
Brain Labs Digital Ltd,London,Yes,Tech,A rating
Brainwave Business Consultants Ltd,Portsmouth,,Consultancy,A rating
Brand Apps Limited,Harrogate,,Tech,A rating
Brand Design Lab (Limited),Lutterworth,,Tech,A rating
Brand Up Consulting Limited,London,Yes,Consultancy,A rating
Brandpie Digital Limited,London,Yes,Tech,A rating
Branthill  Computing  Ltd,Covent,,Tech,A rating
Brave Software Europe Ltd,London,Yes,Tech,A rating
Bravesmile Tech Limited,London,Yes,Tech,A rating
Breathe Battery Technologies Limited,London,Yes,Tech,A rating
Briar Security Systems ltd,Cambridge,,Tech,A rating
Brick Digital,Watford,,Tech,A rating
Brickendon Consulting Limited,LONDON,Yes,Consultancy,A rating
Bricklane Technologies Ltd,London,Yes,Tech,A rating
Brickwise Labs Ltd,London,Yes,Tech,A rating
Bridewell Consulting Limited,Reading,,Consultancy,A rating
BridgeHead Software Limited,Leatherhead,,Tech,A rating
Bridgefellows Consultancy Limited,London,Yes,Consultancy,A rating
Bridgepoint Advisers Limited,London,Yes,Consultancy,A rating
Bridgeway Consulting Limited,Nottingham,,Consultancy,A rating
Bridgewell Consultants Ltd,Glasgow,,Consultancy,A rating
Briefcase Tech Ltd t/a Briefcase,London,Yes,Tech,A rating
Brigantes Consulting Ltd,EXETER,,Consultancy,A rating
Bright Consulting Limited,Southall,Yes,Consultancy,A rating
BrightSign Digital Ltd,Great Shelford,,Tech,A rating
BrightSign Technology Limited,London,Yes,Tech,A rating
Brightedge Technologies Limited,London,Yes,Tech,A rating
Brighteye Advisors London Limited,London,Yes,Consultancy,A rating
Brightly Software Limited,"Chatham Maritime, Chatham,",,Tech,A rating
Brillio Technologies Private Limited,London,Yes,Tech,A rating
Brink Technology Ltd,London,Yes,Tech,A rating
Briss Technologies LIMITED,West Molesey,,Tech,A rating
Brita Water Filter Systems Limited,Bicester,,Tech,A rating
Britain Tech Ltd,Middelsex,,Tech,A rating
Britannia Cloud Ltd,London,Yes,Tech,A rating
Brittania Consultancy Services Ltd,London,Yes,Consultancy,A rating
Broad Fintech Ltd,London,Yes,Tech,A rating
Broad Visions Technologies Ltd,Reading,,Tech,A rating
Broadvision Technologies (UK) Ltd,London,Yes,Tech,A rating
Brodie Consulting Limited,London,Yes,Consultancy,A rating
Broetje-Automation UK Ltd,Sandycroft,,Tech,A rating
Bromcom Computers Plc,Bromley,Yes,Tech,A rating
Bromley Computer And Laptop Repairs,Bromley,Yes,Tech,A rating
Brompton Technology Ltd,London,Yes,Tech,A rating
Bron Labs Limited,London,Yes,Tech,A rating
Brontide Consulting,"Chelmsford, Essex",,Consultancy,A rating
Brookbanks Consulting Limited,Birmingham,,Consultancy,A rating
Brothers Bridge Technology Ltd,London,Yes,Tech,A rating
Browline Consulting Ltd,Epping,,Consultancy,A rating
Brown & Co - Property and Business Consultants LLP,Norwich,,Consultancy,A rating
Brown Advisory Limited,London,Yes,Consultancy,A rating
Brown Earth Technologies UK Limited,Sutton,Yes,Tech,A rating
Brunswick Consultants LTD,London,Yes,Consultancy,A rating
Bubo AI Ltd,Middlesborough,,Tech,A rating
Buck Consultants Limited,London,Yes,Consultancy,A rating
Bud Systems Ltd,Bristol,,Tech,A rating
BuildPartner Technology Ltd,London,Yes,Tech,A rating
Building Automation and control Ltd,Southall,Yes,Tech,A rating
Building Design Consultants,Billericay,,Consultancy,A rating
Buildt AI Limited t/a Cosine,London,Yes,Tech,A rating
Bulletproof Cyber Ltd,Stevenage,,Tech,A rating
Bureau Consulting Limited,London,Yes,Consultancy,A rating
Burton International Consultancy Limited,London,Yes,Consultancy,A rating
Business I.T. Systems Ltd,Chessington,Yes,Tech,A rating
Business Link Consultancies UK Ltd,Liverpool,,Consultancy,A rating
Business Systems (U.K.) Limited,London,Yes,Tech,A rating
Business Systems International Ltd.,London,Yes,Tech,A rating
Button Tech UK Limited,London,Yes,Tech,A rating
Byfield Consultancy Ltd,London,Yes,Consultancy,A rating
Byte Code Software Solutions Limited,Rainham,,Tech,A rating
Bytes Software Services Limited,Leatherhead,,Tech,A rating
C for Consultancy T/A The One World,London,Yes,Consultancy,A rating
C&R Design LTD t/a AMA Consulting Engineers,Barnet,Yes,Consultancy,A rating
C-Kore Systems Limited,York,,Tech,A rating
C.D.S. Computer Design Systems Ltd,Salford,,Tech,A rating
C2B2 Consulting Ltd,Malvern,,Consultancy,A rating
C3 BIO-TECHNOLOGIES LIMITED,Lancaster,,Tech,A rating
C6 Digital Ltd,London,Yes,Tech,A rating
C8 Consulting Ltd,Reading,,Consultancy,A rating
CADRO TECHNOLOGIES LIMITED,London,Yes,Tech,A rating
CAE Technology Services Limited,Hemel Hempstead,,Tech,A rating
CAG Consulting Limited,London,Yes,Consultancy,A rating
CALTON SYSTEMS LIMITED,Rochdale,,Tech,A rating
CAMBRIDGE CONSULTATION SERVICES LTD,Cambridge,,Consultancy,A rating
CANKO CONSULTANCY LTD,NEWCASTLE,,Consultancy,A rating
CAPITAL PROPERTY & CONSTRUCTION CONSULTANTS LTD,London,Yes,Consultancy,A rating
CAPITRAD ADVISORS LIMITED,Ilford,Yes,Consultancy,A rating
CAPRICE CLOUD TECHNOLOGIES LTD,LONDON,Yes,Tech,A rating
CARDAMOM CONSULTING LTD,London,Yes,Consultancy,A rating
CARDINAL INSURANCE MANAGEMENT SYSTEMS LIMITED,London,Yes,Tech,A rating
CARE CONSULT ID LIMITED,Newmarket,,Consultancy,A rating
CARE EMBASSY CONSULTANCY AND TRAINING LTD,Hatfield,,Consultancy,A rating
CAREATHOMESERVICE.TECH LIMITED,Edinburgh,,Tech,A rating
CARMENTA TECHNOLOGIES LTD,London,Yes,Tech,A rating
CARTER TECH LTD,NEWQUAY,,Tech,A rating
CASHMERE SYSTEMS LTD,Manchester,,Tech,A rating
CASM Technology LLP,London,Yes,Tech,A rating
CASS INTERNATIONAL EDUCATION & CONSULTING LTD,London,Yes,Consultancy,A rating
CAVU Aerospace UK Tech Ltd.,Stirling,,Tech,A rating
CB Technology Ltd,Livingston,,Tech,A rating
CBG Consultants Ltd,Oxford,,Consultancy,A rating
CBS CONSULTING SERVICES LTD,Hounslow,Yes,Consultancy,A rating
CC GLOBAL CONSULTANCY t/a CC IMMIGRATION,Potters Bar,,Consultancy,A rating
CC MANAGEMENT CONSULTING LTD,Hornchurch,,Consultancy,A rating
CCL Technology Solutions Ltd,Bellshill,,Tech,A rating
CCS Consulting Limited,manchester,,Consultancy,A rating
CCS Technology Ltd,Coventry,,Tech,A rating
CCm Technologies Ltd,Swindon,,Tech,A rating
CDA Systems Limited,London,Yes,Tech,A rating
CDD Automation Solutions Ltd,Peterborough,,Tech,A rating
CECP ADVISORS LLP,LONDON,Yes,Consultancy,A rating
CEDE TECHNOLOGIES LTD,London,Yes,Tech,A rating
CEES TECH LTD,LONDON,Yes,Tech,A rating
CEH TECHNOLOGIES LTD,Manchester,,Tech,A rating
CELEBAL TECHNOLOGIES UK LTD,Harrow,Yes,Tech,A rating
CELFINET UK TELECOMMUNICATIONS CONSULTING SERVICES LTD,NEWBURY,,Consultancy,A rating
CELL TECH EXCHANGE LTD,ROMFORD,Yes,Tech,A rating
CENTAURI TECH LTD,Milton Keynes,,Tech,A rating
CENTRE OF INTELLIGENT TECHNOLOGIES LTD,Dewsbury,,Tech,A rating
CERIS E-COMMERCE & DIGITAL MARKETING LTD,LONDON,Yes,Tech,A rating
CERTAINLY MANAGEMENT & CONSULTANCY LTD,London,Yes,Consultancy,A rating
CFO ADVISORY SERVICES LTD,London,Yes,Consultancy,A rating
CFO360 Advisors Ltd,London,Yes,Consultancy,A rating
CGM UK Advisors Limited,London,Yes,Consultancy,A rating
CHAIN & CHAIN TECHNOLOGIES LIMITED,LONDON,Yes,Tech,A rating
CHAMPION TECHNOLOGIES LIMITED,ABERDEEN,,Tech,A rating
CHANDRAWAR IT TECHNOLOGIES PVT LTD,Manchester,,Tech,A rating
CHAPEL HILL ACCOUNTANTS & MANAGEMENT CONSULTANTS LTD,"Paddock, Huddersfield",,Consultancy,A rating
CHENDHUR INFOTECH LTD,London,Yes,Tech,A rating
CHERRY VENTURES ADVISORS UK LTD,London,Yes,Consultancy,A rating
CHIP TRAINING & CONSULTING LTD,"London,",Yes,Consultancy,A rating
"CHONGQING CABERS ENVIRONMENTAL PROTECTION TECHNOLOGY UK CO, LTD",London,Yes,Tech,A rating
CHRISTOPHER MANAGEMENT CONSULTINGS LIMITED,HERTFORDSHIRE,,Consultancy,A rating
CHRONICLE SOFTWARE LTD,London,Yes,Tech,A rating
CIL Strategy Consultants,London,Yes,Consultancy,A rating
CIM Software Ltd,Southampton,,Tech,A rating
CIMAS Consulting Group Ltd,London,Yes,Consultancy,A rating
CIMC Universal Tank Technologies (UK) Ltd,Skelmersdale,,Tech,A rating
CIP PLATFORM SOLUTIONS UK LTD.,Rotherham,,Tech,A rating
CIP TERRA TECHNOLOGIES UK LTD.,Rotherham,,Tech,A rating
CIT Digital Ltd,Sheffield,,Tech,A rating
CITATION CYBER LIMITED,Lancaster,,Tech,A rating
CITYSCAPE DIGITAL LIMITED,LONDON,Yes,Tech,A rating
CIVILS CONSULTING LTD,London,Yes,Consultancy,A rating
CJS Managed Cloud Services Ltd,Leeds,,Tech,A rating
CKR CONSULTANTS LTD T/A CAMERON KENNEDY,LONDON,Yes,Consultancy,A rating
CL Tech UK Limited,Southampton,,Tech,A rating
CLADMATE FACADE SYSTEMS LTD,London,Yes,Tech,A rating
CLAIMER TECH LTD,London,Yes,Tech,A rating
CLAIMWISE AI LIMITED,London,Yes,Tech,A rating
CLASS TECHNOLOGY SOLUTIONS LTD,Horsham,,Tech,A rating
CLEO Systems 24 Ltd,Ashford,,Tech,A rating
CLOUD 9 BEDS LIMITED,Huddersfield,,Tech,A rating
CLOUD COMPUTING SERVICES LTD,Livingston,,Tech,A rating
CLOUD CX LTD,London,Yes,Tech,A rating
CLOUD DATA CONSULTANTS LTD,Slough,,Tech & Consultancy,A rating
CLOUD DOING GOOD GROUP LIMITED,West Wycombe,,Tech,A rating
CLOUD IX KITCHENS LTD,UXBRIDGE,Yes,Tech,A rating
CLOUD MANAGER LIMITED,Reading,,Tech,A rating
CLOUD ODYSSEY IT SOLUTIONS LTD,London,Yes,Tech,A rating
CLOUD RETAIL LTD,London,Yes,Tech,A rating
CLOUD TAX LIMITED,London,Yes,Tech,A rating
CLOUD TECHEES LTD,Ipswich,,Tech,A rating
CLOUDFIRST TECHNOLOGIES LTD,CHELMSFORD,,Tech,A rating
CM CLOUD & DEVOPS LTD,London,Yes,Tech,A rating
CM TELECOM UK LTD,Tonbridge,,Tech,A rating
CMB.TECH Technology & Development Centre Ltd,Brentwood,,Tech,A rating
CMCA Integrated Systems Limited,Crook,,Tech,A rating
CN Consulting Ltd,London,Yes,Consultancy,A rating
CNC - Communications & Network Consulting Limited,London,Yes,Consultancy,A rating
CODIFAI TECH LTD,London,Yes,Tech,A rating
CODM SOFTWARE LIMITED,London,Yes,Tech,A rating
COGA AI Limited,Orpington,Yes,Tech,A rating
COGNATEBS CONSULTING LTD,Bradford,,Consultancy,A rating
COLLECTION-CONSULTING LIMITED,London,Yes,Consultancy,A rating
COMM-TECH VOICE & DATA LIMITED,Norwich,,Tech,A rating
COMMODITIES AI LTD,London,Yes,Tech,A rating
COMPLETE CONSULTANCY LIMITED,Pinner,Yes,Consultancy,A rating
COMPLIANCE ANALYTICS LIMITED,London,Yes,Tech,A rating
COMPUTER HYPE LTD,London,Yes,Tech,A rating
COMPUTER INTELLECTS LIMITED,Sutton,Yes,Tech,A rating
COMTEK NETWORK SYSTEMS (UK)LTD,DEESIDE,,Tech,A rating
CONECTERE CONSULTING LIMITED,ROMFORD,Yes,Consultancy,A rating
CONQUEST TECH SOLUTIONS LTD,England,,Tech,A rating
CONSTELLATION TECHNOLOGY SERVICES LTD,Milton Keynes,,Tech,A rating
CONSULTAANT LIMITED,Surrey,,Consultancy,A rating
CONSULTANTS AS A SERVICE LTD,Welwyn,,Consultancy,A rating
CONSULTONIC PVT LTD,London,Yes,Consultancy,A rating
CONTENT+CLOUD LIMITED,Manchester,,Tech,A rating
CONTEXTUAL TECHNOLOGIES LTD,London,Yes,Tech,A rating
CONTINUUM ADVISORY PARTNERS LIMITED,London,Yes,Consultancy,A rating
CONTRACTPOD TECHNOLOGIES LIMITED,LONDON,Yes,Tech,A rating
COOPERS CONSULTANTS LTD,Ilford,Yes,Consultancy,A rating
COPA-DATA UK LIMITED,Bristol,,Tech,A rating
CORENET TECH (UK) PVT LTD,COVENTRY,,Tech,A rating
CORENET TECH LTD,COVENTRY,,Tech,A rating
CORESTRAT DECISION ANALYTICS SOLUTIONS LIMITED,London,Yes,Tech,A rating
CORPORATE FINANCIAL MANAGEMENT SYSTEMS LIMITED,Watford,,Tech,A rating
CORTI AI UK LIMITED,London,Yes,Tech,A rating
CORVID CONSULTING UK LTD,CROYDON,Yes,Consultancy,A rating
COUNTWISE ADVISORS LTD,Manchester,,Consultancy,A rating
CP Automation Ltd,Scunthorpe,,Tech,A rating
CP TECH INTERNATIONAL LTD,Manchester,,Tech,A rating
CPC Consultancy Ltd,London,Yes,Consultancy,A rating
CPC Planning Consultants Limited,Southbourne,,Consultancy,A rating
CPI TMD Technologies Ltd,Hayes,Yes,Tech,A rating
CPL Energy Consultant Ltd,Leicester,,Consultancy,A rating
CPL Software Ltd,Glasgow,,Tech,A rating
CRAFTIFY TECH LTD,London,Yes,Tech,A rating
CREATION LABS AI LTD T.A HYPERMILE,LONDON,Yes,Tech,A rating
CREATIVE IT CONSULTANTS LTD,Solihull,,Consultancy,A rating
CREATUM CONSULTING LTD,UXBRIDGE,Yes,Consultancy,A rating
CREVATY TAX CONSULTANCY UK LIMITED,ENGLAND,,Consultancy,A rating
CREX Technologies Limited,London,Yes,Tech,A rating
CRM Business Consulting Services Limited,Solihull,,Consultancy,A rating
CROESUS DIGITAL MARKETING LIMITED T/A SOCIAL NUCLEUS,Manchester,,Tech,A rating
CROMPTON TECHNOLOGY GROUP LTD,BANBURY,,Tech,A rating
CROSSFIELDS CONSULTANTS LIMITED,Bromley,Yes,Consultancy,A rating
CROSSLAW CONSULTING LTD,London,Yes,Consultancy,A rating
CRSM Consulting LTD,Luton,,Consultancy,A rating
CRUCIAL VISUAL COMMUNICATIONS CONSULTANCY LIMITED,Dundee,,Consultancy,A rating
CSC Computer Sciences Limited,Farnborough,,Tech,A rating
CSK CONSULTANCY & TRADING LTD,LONDON,Yes,Consultancy,A rating
CSM CONSULTING SERVICES LTD,Slough,,Consultancy,A rating
CTE Advanced Technologies Ltd,Aylesbury,,Tech,A rating
CTI Digital Limited,Manchester,,Tech,A rating
CTO Data Services Group Ltd,London,Yes,Tech,A rating
CU Apps Ltd,Glasgow,,Tech,A rating
CULLINAN CONSTRUCTION CONSULTANTS LTD,SOLIHULL,,Consultancy,A rating
CVC Advisers Limited,London,Yes,Consultancy,A rating
CVK INFOTECH LTD,Watford,,Tech,A rating
CYBAGE SOFTWARE UK LIMITED,London,Yes,Tech,A rating
CYBER SHEKU LIMITED,LONDON,Yes,Tech,A rating
CYZ SOFTWARE CONSULTANCY LTD,Bristol,,Tech & Consultancy,A rating
Cad Cam Consultancy Ltd,Rotherham,,Consultancy,A rating
Cadcam Technology Ltd,Nottingham,,Tech,A rating
Cadence Design Systems Limited,Bracknell,,Tech,A rating
Caesars Trading and Technology Services Limited,Leeds,,Tech,A rating
Cagan Tech Limited,Thatcham,,Tech,A rating
Cahill Design Consultants,Colchester,,Consultancy,A rating
Caiman Software Development Limited,Banchory,,Tech,A rating
Cairn Risk Consulting Ltd,Glasgow,,Consultancy,A rating
Cairn technology Ltd,Sheffield,,Tech,A rating
Caldervale Technology Limited,Dewsbury,,Tech,A rating
Caldwell Consulting Engineers Limited,Belfast,,Consultancy,A rating
Caledonia Technologies Ltd,East Kilbride,,Tech,A rating
Caledonian Care Consultants Ltd,Glasgow,,Consultancy,A rating
Call Systems Technology Limited,Elstree,,Tech,A rating
Calsoft Labs UK Private LTD,London,Yes,Tech,A rating
Cambio Healthcare Systems Limited,Sutton,Yes,Tech,A rating
Cambrian Robotics Limited,London,Yes,Tech,A rating
Cambridge Consultants Limited,Cambridge,,Consultancy,A rating
Cambridge Crystallographic Data Centre,Cambridge,,Tech,A rating
Cambridge Digital Health,Cambridge,,Tech,A rating
Cambridge Display Technology Ltd,Godmanchester,,Tech,A rating
Cambridge Future Tech Ltd,Cambridge,,Tech,A rating
Cambridge Medical Technologies Limited,Harston,,Tech,A rating
Cambridge Photon Technology Limited,Saffron Walden,,Tech,A rating
Cambridge Touch Technologies Limited,Cambridge,,Tech,A rating
Camden AI Limited,London,Yes,Tech,A rating
Camdor Global Advisors Ltd,London,Yes,Consultancy,A rating
Camelott Digital Limited,Telford,,Tech,A rating
Cameron Flow Control Technology (UK) Limited,Crawley,,Tech,A rating
Camlin Technologies Limited,Lisburn,,Tech,A rating
Canalis Technology Limited,Stockport,,Tech,A rating
Candid HealthSystems Consultants Limited,Rickmansworth,,Consultancy,A rating
Candu Labs Limited,London,Yes,Tech,A rating
Canham Consulting Ltd,Norwich,,Consultancy,A rating
Canopy Technologies Ltd,Hamble,,Tech,A rating
Cantronik Ltd TA Veethree Technologies,Poole,,Tech,A rating
Canvas Software Limited,London,Yes,Tech,A rating
Canyon Capital Advisors (Europe) Ltd,London,Yes,Consultancy,A rating
Capillary Technologies Europe Limited,Hammersmith,Yes,Tech,A rating
Capital & Provincial Project Management & Building Consulting Ltd,Farnham,,Consultancy,A rating
Capital Administration Technology Ltd,London,Yes,Tech,A rating
Capital Computer Software Ltd,London,Yes,Tech,A rating
Capital Integration Systems UK Limited,London,Yes,Tech,A rating
Capital Tech Limited,Fleet,,Tech,A rating
Capitalise.com Platform Limited,London,Yes,Tech,A rating
Caplin Systems Limited,London,Yes,Tech,A rating
Capsa.AI Ltd,London,Yes,Tech,A rating
Capstone Investment Advisors  (UK) LLP,London,Yes,Consultancy,A rating
Capstones Consulting Ltd,Milton Keynes,,Consultancy,A rating
Captify Technologies Ltd,London,Yes,Tech,A rating
Car-Tech Prestige LTD,Durham,,Tech,A rating
Cara Advisory (UK) Ltd,London,Yes,Consultancy,A rating
Cara Technology Limited,Leatherhead,,Tech,A rating
Carbon (AI) Ltd,Middlesbrough,,Tech,A rating
Carbon Futures (Consultancy) Ltd,Glasgow,,Consultancy,A rating
Carbon Limiting Technologies,Fleet,,Tech,A rating
Cardens Business Advisers,Hove,,Consultancy,A rating
Cardonet Consultancy Ltd,London,Yes,Consultancy,A rating
Cardstack Consulting Limited,MANCHESTER,,Consultancy,A rating
Care Home Consultancy Services Ltd T/A Rushey Mead Manor,Leicester,,Consultancy,A rating
Care Systems (UK) Limited,Stoke-on-Trent,,Tech,A rating
Careberry Software Ltd,Aylesbury,,Tech,A rating
Carfax Educational Consultants Limited,Wantage,,Consultancy,A rating
Caring Bird Consultancy Ltd,Barnsley,,Consultancy,A rating
Caring Consultancy Ltd,Southall,Yes,Consultancy,A rating
Carlisle Fluid Technologies UK Lttd,Bournemouth,,Tech,A rating
Carmichael Engineering & Consulting Limited,Thame,,Consultancy,A rating
Casey Consultants LTD,Dungannon,,Consultancy,A rating
Cassini Systems Limited,London,Yes,Tech,A rating
Cast Software Limited,London,Yes,Tech,A rating
Castle Consulting Group Limited,Bromley,Yes,Consultancy,A rating
Castlefield Advisory Partners Limited,Manchester,,Consultancy,A rating
Castons Consulting Limited,London,Yes,Consultancy,A rating
Catalent Micron Technologies Limited,Dartford,,Tech,A rating
Catapult Labs Ltd,London,Yes,Tech,A rating
Catch Digital,London,Yes,Tech,A rating
Causeway Technologies Ltd,Gerrards Cross,,Tech,A rating
Cavendish Consulting Limited,London,Yes,Consultancy,A rating
Caysure Digital Limited,Leigh-On-Sea,,Tech,A rating
Celebrium Technologies Limited,Bradford,,Tech,A rating
Celebrus Technologies Plc,Sunbury,,Tech,A rating
Celer Technologies Limited,London,Yes,Tech,A rating
Celeres Capital Advisors Limited,London,Yes,Consultancy,A rating
Celestia Technologies Group - UK Ltd,Edinburgh,,Tech,A rating
Celestial Labs Ltd,Norton St Philip,,Tech,A rating
Cell Guidance Systems,Cambridge,,Tech,A rating
CellVoyant Technologies Limited,Bristol,,Tech,A rating
Cen QS Consulting Limited,Rugby,,Consultancy,A rating
Cenex (Centre of Excellence for Low Carbon and Fuel Cell Technologies),Loughborough,,Tech,A rating
Centaur Robotics Limited,London,Yes,Tech,A rating
Center for Countering Digital Hate LTD,London,Yes,Tech,A rating
CenterSquare Investment Advisors UK Ltd,London,Yes,Consultancy,A rating
Centile Partners Advisory Limited,London,Yes,Consultancy,A rating
Centillion Technology Limited,Cambridge,,Tech,A rating
Centium Software Limited,Milton Keynes,,Tech,A rating
Centra Technology UK Limited,London,Yes,Tech,A rating
Central Technology Ltd,Chesterfield,,Tech,A rating
"Centre for Finance, Technology and Entrepreneurship Ltd","London,",Yes,Tech,A rating
Centre for the Governance of AI,London,Yes,Tech,A rating
Centrepoint Computer Services Ltd,Epsom,,Tech,A rating
Centrus Financial Advisors Limited,London,Yes,Consultancy,A rating
Centryflow Technologies Ltd,SOUTHEND-ON-SEA,,Tech,A rating
Centurion Management Systems Limited t/a Breathe HR,Horsham,,Tech,A rating
Century-Tech Limited,London,Yes,Tech,A rating
Cerberus European Capital Advisors LLP,London,Yes,Consultancy,A rating
Cerillion Technologies Limited,London,Yes,Tech,A rating
Certs Assured Technology Limited,Letchworth,,Tech,A rating
Ceto AI Limited,Newcastle,,Tech,A rating
Chainlink Labs Ltd,London,Yes,Tech,A rating
Chalkie AI Ltd,Sheffield,,Tech,A rating
Chamberlains Aqua and Energy Systems Limited,Southampton,,Tech,A rating
Chameleon Technology Ltd,Harrogate,,Tech,A rating
Champ Systems Limited,London,Yes,Tech,A rating
Chancery Advisors Limited,London,Yes,Consultancy,A rating
Changepond Technologies Private Limited,Harrow,Yes,Tech,A rating
Channel 3 Consulting Ltd,London,Yes,Consultancy,A rating
Channel Digital Holdings Limited,London,Yes,Tech,A rating
Channoil Consulting Ltd,London,Yes,Consultancy,A rating
Chari Consulting Limited,Kirkliston,,Consultancy,A rating
Charles & Associates Consulting Engineers,Aylesford,,Consultancy,A rating
Charles Scott & Partners Consulting Engineers Limited,GLASGOW,,Consultancy,A rating
Charlotte's Cloud Ltd,London,Yes,Tech,A rating
Charterhouse Voice & Data Limited,London,Yes,Tech,A rating
Chartwell Consulting Ltd,London,Yes,Consultancy,A rating
Chase Buchanan Consulting Ltd,Basingstoke,,Consultancy,A rating
Chase Software Solutions Ltd,Surbiton,Yes,Tech,A rating
Chatresh Consultants Limited,London,Yes,Consultancy,A rating
Chattermill Analytics Limited,London,Yes,Tech,A rating
Cheq Technologies (UK) Limited,London,Yes,Tech,A rating
Chess Logistics Technology Limited,Manchester,,Tech,A rating
Chestergate Technologies Ltd,Macclesfield,,Tech,A rating
Chevalier Tech Limited,London,Yes,Tech,A rating
Chi Technology Ltd,Stratford-Upon-Avon,,Tech,A rating
Chief AI Ltd,Manchester,,Tech,A rating
Chilli Source Software Limited,Newry,,Tech,A rating
Chime Software Limited,Kings Langley,,Tech,A rating
China Telecom (Europe) Ltd.,London,Yes,Tech,A rating
China-Europe Networks of Technology and Innovation Limited,London,Yes,Tech,A rating
Chiplogic Technologies Limited,Maidenhead,,Tech,A rating
Chisquare Labs Ltd,Carshalton,Yes,Tech,A rating
Chloe Nelkin Consulting Limited,London,Yes,Consultancy,A rating
Chord Consult Limited,Nottingham,,Consultancy,A rating
Christie Digital Systems Canada Inc.,Wokingham,,Tech,A rating
Christol Consultancy Limited,Milton Keynes,,Consultancy,A rating
Churchill Tax Advisers and Accountants Ltd,Ilford,Yes,Consultancy,A rating
Cigniti Technologies (UK) Limited,London,Yes,Tech,A rating
Cimcon Software (UK) Limited,Reading,,Tech,A rating
Cincom Systems (UK) Limited,Maidenhead,,Tech,A rating
Cinemersive Labs Ltd,London,Yes,Tech,A rating
Circadia Technologies Ltd,London,Yes,Tech,A rating
Circle Cloud Communications Ltd,SOUTHAMPTON,,Tech,A rating
Circle One Limited t/a C1 Tech,London,Yes,Tech,A rating
Cirrus Logic International Semiconductor Limited,Edinburgh,,Tech,A rating
CitiusTech Healthcare Technology Pvt. Ltd,"New Denham, Uxbridge",,Tech,A rating
City Executive Consultants Limited,London,Yes,Consultancy,A rating
City Fios Consultants,London,Yes,Consultancy,A rating
City Tech Business Solutions Ltd,Harrow,Yes,Tech,A rating
Citywharf Property Investment Consultancy Ltd,London,Yes,Consultancy,A rating
Clancy Consulting Limited,Manchester,,Consultancy,A rating
Clara Technologies (UK) Limited,London,Yes,Tech,A rating
Clarity AI LTD,London,Yes,Tech,A rating
Clarity Consulting Associates Ltd,London,Yes,Consultancy,A rating
Clarity Software Group Limited,Solihull,,Tech,A rating
Clarivate Analytics (UK) Limited,London,Yes,Tech,A rating
Clay Labs UK Ltd,London,Yes,Tech,A rating
Clean Digital Limited,Edinburgh,,Tech,A rating
Clear AV Limited t/as OKTO Technologies,Lisburn,,Tech,A rating
Clear Ideas Consultancy LLP,London,Yes,Consultancy,A rating
Clear Score Technology Limited,London,Yes,Tech,A rating
Clearglass Analytics Limited,London,Yes,Tech,A rating
Clearly Technologies Limited,London,Yes,Tech,A rating
Clearmatics Technologies Ltd,London,Yes,Tech,A rating
"Clearwater Analytics, Ltd.",Edinburgh,,Tech,A rating
Cleo AI Ltd,London,Yes,Tech,A rating
Clermont Consultants (UK) Limited,Borehamwood,,Consultancy,A rating
Clictic Consulting Ltd,Watford,,Consultancy,A rating
Clientserver Technology Solutions Ltd,Rugby,,Tech,A rating
Clifford Street Advisors LLP,London,Yes,Consultancy,A rating
Climate Tech Insights UK Limited,London,Yes,Tech,A rating
Clinical Network Systems Limited,London,Yes,Tech,A rating
Clinton Consultancy Ltd,London,Yes,Consultancy,A rating
Clockwork Technologies UK Limited,London,Yes,Tech,A rating
Cloud & Compliance Ltd,Birmingham,,Tech,A rating
Cloud Agri LTD,Manchester,,Tech,A rating
Cloud Aiops Consulting Ltd,Swindon,,Tech & Consultancy,A rating
Cloud Analytics Limited,Hertfordshire,,Tech,A rating
Cloud Army UK Limited,Harrow,Yes,Tech,A rating
Cloud Aware Services Ltd,London,Yes,Tech,A rating
Cloud Bleu Management  Services Limited,Hampshire,,Tech,A rating
Cloud Bridge Technologies Limited,Manchester,,Tech,A rating
Cloud Capital LLP,London,Yes,Tech,A rating
Cloud Combinator LTD,Shenfield,,Tech,A rating
Cloud Construction Control Limited,Motherwell,,Tech,A rating
Cloud Consulting Group Ltd,Bristol,,Tech & Consultancy,A rating
Cloud Cycle Ltd,London,Yes,Tech,A rating
Cloud Digest Ltd,Oxted,,Tech,A rating
Cloud Digital Limited,Hinckley,,Tech,A rating
Cloud Flicker Solutions Ltd,Beaconsfield,,Tech,A rating
Cloud Galacticos,London,Yes,Tech,A rating
Cloud Imperium Games Limited,Manchester,,Tech,A rating
Cloud Kitchen London Ltd T/AS Hyderabad Wala {House of Biryani},London,Yes,Tech,A rating
Cloud Lending UK Ltd,London,Yes,Tech,A rating
Cloud Logics Ltd,BROMLEY,Yes,Tech,A rating
Cloud Made Ltd,London,Yes,Tech,A rating
Cloud Mantra Limited,New Barnet,,Tech,A rating
Cloud Master Limited,Reading,,Tech,A rating
Cloud Ninjas Limited,Halesowen,,Tech,A rating
Cloud SG UK Ltd,London,Yes,Tech,A rating
Cloud Technologies Ltd,Ilford,Yes,Tech,A rating
Cloud Travel Limited,Southall,Yes,Tech,A rating
Cloud Valley Ltd,Stratford,Yes,Tech,A rating
Cloud23 UK IT Consulting Services Ltd,Aylesbury,,Consultancy,A rating
CloudMind AI Limited,Bromley,Yes,Tech,A rating
CloudNet Technologies Limited,Manchester,,Tech,A rating
CloudPay Technology Limited,Andover,,Tech,A rating
Cloudex Consulting Limited,Woodford Green,,Consultancy,A rating
Cloudone Consultancy Services Ltd,Watford,,Consultancy,A rating
Cloudscouts Technology Services UK Ltd,Slough,,Tech,A rating
Cloudsec Systems Ltd,Crawley,,Tech,A rating
Cloudsharp Consultancy Services Limited,Slough,,Consultancy,A rating
Cloudsmart Consulting Ltd,London,Yes,Consultancy,A rating
Cloudwick Technologies UK,Kent,,Tech,A rating
Co Lab Engineering Limited,Whitehaven,,Tech,A rating
Co-Labs Global Group Ltd,London,Yes,Tech,A rating
CoMind Technologies Limited,London,Yes,Tech,A rating
Coalfire Systems Limited,Manchester,,Tech,A rating
Coatsink Software Ltd,Gateshead,,Tech,A rating
Cobalt Consulting (UK) Ltd,London,Yes,Consultancy,A rating
Cobalt Labs UK Limited,"Hammersmith, London",Yes,Tech,A rating
Cockroach Labs UK Limited,London,Yes,Tech,A rating
Coconut Platform Ltd,London,Yes,Tech,A rating
Code 42 Software UK Limited,Maidenhead,,Tech,A rating
Code Design Lab Ltd,London,Yes,Tech,A rating
Codereflex Technologies Ltd,Enderby,,Tech,A rating
Codex Software Solutions Ltd,Cheltenham,,Tech,A rating
Coefficient Systems Ltd,London,Yes,Tech,A rating
Cogentia Healthcare Consulting Ltd,Macclesfield,,Consultancy,A rating
Cognia Cloud Limited t/a Smarsh,London,Yes,Tech,A rating
Cognita Consultancy Limited,London,Yes,Consultancy,A rating
Cognito Technologies Limited,Leeds,,Tech,A rating
Coker Consult Ltd,Colchester,,Consultancy,A rating
Colet Systems Ltd,London,Yes,Tech,A rating
Collaborative Software Limited T/A Admit One,Wareham,,Tech,A rating
Colliers International Property Consultants Limited,London,Yes,Consultancy,A rating
Colt Technology Services Group Limited,London,Yes,Tech,A rating
Columbus Forty Five Limited T/A Vitality Consulting South West,Stockbridge,,Consultancy,A rating
"Column5 Consulting UK, Ltd.",Birmingham,,Consultancy,A rating
Colvir Software Solutions Ltd,London,Yes,Tech,A rating
ComIT Consulting Ltd,Slough,,Consultancy,A rating
Combine AI Limited,Guildford,,Tech,A rating
Commerce Software UK LTD,London,Yes,Tech,A rating
Commit IT Consultancy Ltd,London,Yes,Consultancy,A rating
Commodity Risk Consultants Limited,Norwich,,Consultancy,A rating
Commonplace Digital LTD,Manchester,,Tech,A rating
Communications Consultants Worldwide Limited,Bournemouth,,Consultancy,A rating
Communications Software (Airline systems) Limited,London,Yes,Tech,A rating
Communications Software Airline Systems Ltd,Ashbourne,,Tech,A rating
Commvault Systems Ltd,Reading,,Tech,A rating
Compass Labs Ltd,London,Yes,Tech,A rating
CompatibL Technologies Ltd,London,Yes,Tech,A rating
Compco Fire Systems Ltd,Worcester,,Tech,A rating
Complete Cyber Limited,Princes Risborough,,Tech,A rating
Complete Projects Consulting Limited (TA Complete Projects),London,Yes,Consultancy,A rating
Compound Digital Technologies Limited,London,Yes,Tech,A rating
Compound Semiconductor Applications Catapult Ltd,Newport,,Tech,A rating
Compufile Systems Limited,Godalming,,Tech,A rating
Computer Club Limited,Stockport,,Tech,A rating
Computer ConQuest ltd,Shangton,,Tech,A rating
Computer Gurus Limited,Tunbridge Wells,,Tech,A rating
Computer Says Maybe Ltd,London,Yes,Tech,A rating
Computer Specialist LTD,Birmingham,,Tech,A rating
Computer Task Group (UK) LTD,Reading,,Tech,A rating
Computer Troubleshooters Redbridge Limited,Ilford,Yes,Tech,A rating
Computing Distribution Group Ltd,Sunningdale,,Tech,A rating
Comviva Technologies Limited,London,Yes,Tech,A rating
ConVista Consulting Limited,Nottingham,,Consultancy,A rating
Concept Analytics LTD,Merseyside,,Tech,A rating
Concept Engineering Consultants Ltd,Leicester,,Consultancy,A rating
Concept Systems Limited,Edinburgh,,Tech,A rating
Concrete Batching Systems Limited,Armagh,,Tech,A rating
Concrete Panel Systems Limited,NANTWICH,,Tech,A rating
Concur Technologies (UK) Limited,Feltham,Yes,Tech,A rating
Concurrent Technologies Plc,Colchester,,Tech,A rating
Conduct AI Ltd,London,Yes,Tech,A rating
Conference Technologies UK Limited,Retford,,Tech,A rating
Connect Care Consultancy Ltd,Altrincham,,Consultancy,A rating
Connect Consultants Limited,Bristol,,Consultancy,A rating
Connect In Cloud Ltd,Tilbury,,Tech,A rating
Connect Software Solutions Limited,"Nelson, Lancashire",,Tech,A rating
Connected Data Company Ltd,London,Yes,Tech,A rating
ConsenSys Systems UK Limited,Nether Alderley,,Tech,A rating
Consleague Consulting Ltd,London,Yes,Consultancy,A rating
Constant Air Systems Ltd,High Wycombe,,Tech,A rating
Construction Fixings Systems Ltd,Marlow,,Tech,A rating
Construction Management Consulting Limited,Dartford,,Consultancy,A rating
Consult Inc. solutions Ltd,London,Yes,Consultancy,A rating
Consult Physio Limited,Peterborough,,Consultancy,A rating
Consult Plex Limited,London,Yes,Consultancy,A rating
Consult Red Ltd,Bradford,,Consultancy,A rating
Consult Search & Selection,Leeds,,Consultancy,A rating
Consult Search & Selection Limited,Leeds,,Consultancy,A rating
Consulta Limited,London,Yes,Consultancy,A rating
Consultant Connect Limited,Oxford,,Consultancy,A rating
Consultation Claims Limited,Liverpool,,Consultancy,A rating
Consultation For Everyone Ltd,Birmingham,,Consultancy,A rating
Consultdoc Limited,London,Yes,Consultancy,A rating
Consultika Limited,Sleaford,,Consultancy,A rating
Consulting & Accountancy Services Ltd trading as Elena Meskhi & Co,London,Yes,Consultancy,A rating
Consulting Block Ltd,SUTTON,Yes,Consultancy,A rating
Consulting Direct UK Limited,London,Yes,Consultancy,A rating
Consulting Engineers Group UK Limited,Southampton,,Consultancy,A rating
Consulting Point Executive Search & Selection Ltd,London,Yes,Consultancy,A rating
Consulting Structural Engineers Limited,Guildford,,Consultancy,A rating
Consulting W8 Ltd,London,Yes,Consultancy,A rating
Contained Technologies UK Ltd,Spalding,,Tech,A rating
Container Solutions Software Ltd,London,Yes,Tech,A rating
Contechs Consulting Limited,Basildon,,Consultancy,A rating
Contour Technologies Limited,Gloucester,,Tech,A rating
Contract & Construction Consultants (Southern) Limited,Bristod,,Consultancy,A rating
Contrarius Investment Advisory Limited,Windsor,,Consultancy,A rating
Control Flow Technologies Group Ltd,Sunderland,,Tech,A rating
Control Systems International (UK) Limited,Chippenham,,Tech,A rating
Control Technologies UK Ltd,Sharnbrook,,Tech,A rating
Conveo.ai UK Ltd,Altrincham,,Tech,A rating
Convergence labs ltd,Altrincham,,Tech,A rating
Convergint Technologies UK,Crowborough,,Tech,A rating
"Convergint Technologies UK, Limited",Crowborough,,Tech,A rating
Convex Labs Ltd,London,Yes,Tech,A rating
Conway Marsh Garrett Technologies Limited,Rendlesham,,Tech,A rating
Conway Marsh Garrett Technologies Limited CMG Technologies,Rendlesham,,Tech,A rating
Conzummate Tech Ltd,Bury,,Tech,A rating
Coolgarif Technologies Ltd,London,Yes,Tech,A rating
Cooper Research Technology Limited,Ripley,,Tech,A rating
Cooper Square Technologies UK Ltd,London,Yes,Tech,A rating
Cooperative AI Foundation,Exeter,,Tech,A rating
Copper Technologies (UK) Limited,London,Yes,Tech,A rating
Cord Technologies Limited,London,Yes,Tech,A rating
Cordiant Digital Infrastructure Management LLP,London,Yes,Tech,A rating
Cordon Technologies Ltd,LONDON,Yes,Tech,A rating
Core Automation Limited,Dunstable,,Tech,A rating
Core Consulting Information Technology Limited,South Croydon,Yes,Tech & Consultancy,A rating
Core Engineering Consulting Group Limited,London,Yes,Consultancy,A rating
Core Five Consulting Limited,Wolverhampton,,Consultancy,A rating
Core Technology Systems Uk Ltd,LONDON,Yes,Tech,A rating
Corporate Solutions Consulting Limited,Harrow,Yes,Consultancy,A rating
Corus Consultancy Ltd,London,Yes,Consultancy,A rating
Costello Medical Consulting Limited,Cambridge,,Consultancy,A rating
Cotham Technologies Limited,Bristol,,Tech,A rating
Cougar Automation Limited,Waterlooville,,Tech,A rating
Count Technologies Ltd,London,Yes,Tech,A rating
Coupa Software UK Ltd,London,Yes,Tech,A rating
Cov Tech Ltd,Coventry,,Tech,A rating
Covalent Systems Limited,Beaconsfield,,Tech,A rating
Covarius Technology Limited,London,Yes,Tech,A rating
Covasant Technologies (UK) Private Limited,London,Yes,Tech,A rating
Cowan Consultancy Ltd,Fareham,,Consultancy,A rating
Cowbell Cyber Ltd,London,Yes,Tech,A rating
Cowry Consulting Limited,London,Yes,Consultancy,A rating
Cozentus Technologies UK Limited,Harrow,Yes,Tech,A rating
Crane Merchandising Systems Limited,Chippenham,,Tech,A rating
Crayside Consulting Ltd,Basingstoke,,Consultancy,A rating
Creandum Advisor LLP,London,Yes,Consultancy,A rating
Create Consulting Engineers Ltd,Norwich,,Consultancy,A rating
Create Digital Solutions Ltd,Harrow,Yes,Tech,A rating
Creation Technology Solutions Limited,London,Yes,Tech,A rating
Creative Design Consultants Limited,London,Yes,Consultancy,A rating
Creative Network Consulting Ltd t/a Creative ITC,London,Yes,Consultancy,A rating
Creative Synergies Consulting Limited,Warwick,,Consultancy,A rating
Creative food consultants,Slough,,Consultancy,A rating
Creativity Software Ltd,"Kingston upon Thames,",,Tech,A rating
Creator Cloud Ltd,Northampton,,Tech,A rating
Creator Scaffold Designs & Temporary Works Consultants Ltd,Rotherham,,Consultancy,A rating
Credent Property Advisory Limited,London,Yes,Consultancy,A rating
Credit Data Research Ltd,London,Yes,Tech,A rating
Crednet Technologies Limited UK,Ruslip,Yes,Tech,A rating
Credo Technology Services UK Ltd,Leeds,,Tech,A rating
Cremexchange Technology Ltd,Queenborough,,Tech,A rating
Crest Advisory (UK) Ltd,London,Yes,Consultancy,A rating
Critical Software Ltd,Southampton,,Tech,A rating
Cron AI Ltd,London,Yes,Tech,A rating
Crondall Energy Consultants Limited,Southampton,,Consultancy,A rating
Crookes Walker Consulting Ltd.,Manchester,,Consultancy,A rating
Cross Ocean Adviser LLP,London,Yes,Consultancy,A rating
Crowd Data Systems Limited,Chelmsford,,Tech,A rating
Crownwise Consult Ltd,Erith,Yes,Consultancy,A rating
Crucible Digital Ltd,London,Yes,Tech,A rating
Crystal Business Consultants Ltd,Bradford,,Consultancy,A rating
Crystal Point Consulting Limited,Romford,Yes,Consultancy,A rating
CrystalMaker Software Ltd,Begbroke,,Tech,A rating
Cube Digital Scotland Ltd t/a CubeWraps,Hamilton,,Tech,A rating
Cube Technology IT Services Ltd,Harrow,Yes,Tech,A rating
Cubewise Software Ltd,Edgware,Yes,Tech,A rating
Cubic Transportation Systems Limited,Redhill,,Tech,A rating
Cubit Consulting Limited,London,Yes,Consultancy,A rating
Cudd Bentley Consulting Limited,Ascot,,Consultancy,A rating
Cultura Technologies Limited,Chorley,,Tech,A rating
Culuru Consulting Limited,London,Yes,Consultancy,A rating
Cumberland Platforms Limited,Kettering,,Tech,A rating
Cura Labs Ltd,Ascot,,Tech,A rating
Curiosity Software Ireland,Oxford,,Tech,A rating
Cursive AI Limited,London,Yes,Tech,A rating
Curtins Consulting Limited,Liverpool,,Consultancy,A rating
Curve Analytics Limited,London,Yes,Tech,A rating
Curve Digital Publishing Limited,London,Yes,Tech,A rating
Curve Royalty Systems Ltd,London,Yes,Tech,A rating
Curzon Advisers Ltd,London,Yes,Consultancy,A rating
Cusp AI Limited,Cambridge,,Tech,A rating
Cyber Alarm Limited,London,Yes,Tech,A rating
Cyber Prism Limited,London,Yes,Tech,A rating
Cyber Range Ltd,London,Yes,Tech,A rating
Cyber Security Hub Ltd,London,Yes,Tech,A rating
Cyber Strategies Ltd,Potters Bar,,Tech,A rating
Cyber-Ark Software (UK) Limited,London,Yes,Tech,A rating
Cyber-Weld,Southam,,Tech,A rating
CyberCube Analytics Europe Limited,London,Yes,Tech,A rating
Cybersys Technologies Ltd,London,Yes,Tech,A rating
Cyclone Robotics UK Limited,London,Yes,Tech,A rating
Cygnet Infotech Limited,London,Yes,Tech,A rating
Cymar Computer Ltd,London,Yes,Tech,A rating
Cytel Statistical Services and Software UK Limited,London,Yes,Tech,A rating
D & P Advisors LLP,London,Yes,Consultancy,A rating
D Hampshire Consulting Limited,"Chalfont, St Giles",,Consultancy,A rating
D TECH LONDON LTD,"Barking,",,Tech,A rating
D. I . Design & Development Consultants (UK) Limited,London,Yes,Consultancy,A rating
D2 Legal Technology Ltd,London,Yes,Tech,A rating
D2E International VT Consultants Ltd,London,Yes,Consultancy,A rating
D2I DATA MANAGEMENT LIMITED,Wembley,Yes,Tech,A rating
DA Systems Ltd,High Wycombe,,Tech,A rating
DACI Utilities Engineering Consultancy Limited,Salford,,Consultancy,A rating
DAMA Engineering Consultants Limited,London,Yes,Consultancy,A rating
DANLEO TELECOM SERVICES LIMITED,London,Yes,Tech,A rating
DAPHNE FINANCIAL CONSULTING LTD,COVENTRY,,Consultancy,A rating
DARK AND CLOUD LTD,LONDON,Yes,Tech,A rating
DART INFOTECH LIMITED,Bromley,Yes,Tech,A rating
DARe-me Consulting Engineers Ltd,Glasgow,,Consultancy,A rating
DAS CONSULTANCY SERVICES LIMITED,London,Yes,Consultancy,A rating
DASA CONSULTING LTD,Edgware,Yes,Consultancy,A rating
DATA ANALYTICS & VISUALISATION LIMITED,Rickmansworth,,Tech,A rating
DATA ENERGY MANAGEMENT SERVICES LIMITED,Hertfordshire,,Tech,A rating
DATA FIDELITY PVT LTD,London,Yes,Tech,A rating
DATA SIP LIMITED,Glasgow,,Tech,A rating
DATA TRANS TECHNOLOGIES LIMITED,HOUNSLOW,Yes,Tech,A rating
DATA TRIALS SOLUTIONS LTD,Milton Keynes,,Tech,A rating
DATA VISION SERVICES LTD,London,Yes,Tech,A rating
DATAFORM LAB LIMITED,London,Yes,Tech,A rating
DATAZONE TECHNOLOGIES LIMITED,London,Yes,Tech,A rating
DAVETHAN TECHNOLOGIES LIMITED,London,Yes,Tech,A rating
DAWN TECHNOLOGIES LTD,London,Yes,Tech,A rating
DAY TECHNOLOGIES LTD/ Trading name Duty Refunds,London,Yes,Tech,A rating
DB Engineering & Consulting GmbH,Derby,,Consultancy,A rating
DBAPRO CONSULTANCY LTD,Reading,,Consultancy,A rating
DBT LABS UK LIMITED,READING,,Tech,A rating
DBT Telecom Limited,Kettering,,Tech,A rating
DC Consulting (London) Limited,London,Yes,Consultancy,A rating
DC Voltage Gradient Technology and Supply Ltd,Hindley Green,,Tech,A rating
DCM Technologies Limited,London,Yes,Tech,A rating
DCV Technologies Limited,Hemel Hempstead,,Tech,A rating
DE CLIFTON CONSULTING LIMITED,Horley,,Consultancy,A rating
DE MONTFORT ADVISORY LTD,LEICESTER,,Consultancy,A rating
DECILLION DIGITAL LIMITED,Brentford,Yes,Tech,A rating
DECISION LAB LTD,LOUGHBOROUGH,,Tech,A rating
DELISYS TECHNOLOGIES LTD,NOTTINGHAM,,Tech,A rating
DELTA CAPITA CONSULTING LTD,London,Yes,Consultancy,A rating
DELTA TECH GLOBAL LIMITED,London,Yes,Tech,A rating
DENTAFLY CONSULTANCY LTD,England,,Consultancy,A rating
DENTCARE DENTAL LAB UK LTD,Kempston,,Tech,A rating
DESCO (DESIGN & CONSULTANCY) LIMITED,Sunderland,,Consultancy,A rating
DESIGNTECH CONSULTING SERVICES LIMITED,Slough,,Consultancy,A rating
"DESIMONE CONSULTING ENGINEERING UK, LIMITED",London,Yes,Consultancy,A rating
DESSEIN LAB LTD,Ilford,Yes,Tech,A rating
DEVELOPER LABS LIMITED,Miltonkeynes,,Tech,A rating
DEVIN CONSULTING LIMITED,NORTH SHIELDS,,Consultancy,A rating
DEVISE IT CONSULTING LTD,Farnham,,Consultancy,A rating
DEVOPSTER IT CONSULTANTS LTD,Newbury,,Consultancy,A rating
DEZAY CONSULTANCY LTD,London,Yes,Consultancy,A rating
DG Tech Solution Limited,Slough,,Tech,A rating
DG-UK GLOBAL MANAGEMENT & TECHNOLOGY LTD,Harrow,Yes,Tech,A rating
DGR DIGITAL LTD,London,Yes,Tech,A rating
DGS TECH LIMITED,Reading,,Tech,A rating
DH TELECOM FIBER OPTIC LTD,LONDON,Yes,Tech,A rating
DHARMIK DIGITAL SOLUTIONS LTD,London,Yes,Tech,A rating
DHD & CO Accountants & Business Advisors Ltd,Manchester,,Consultancy,A rating
DIA Systems Limited,Peacehaven,,Tech,A rating
DIAMOND PLUS TELECOM LTD,ILFORD,Yes,Tech,A rating
DIFFERENTIA CONSULTING LTD,HIGH WYCOMBE,,Consultancy,A rating
DIGITAIKEN TECH CORPORATION LTD,Park Royal,,Tech,A rating
DIGITAL (I) TECHNOLOGIES LTD,Preston,,Tech,A rating
DIGITAL AD CONSULTANT LTD,Stoke-On-Trent,,Tech & Consultancy,A rating
DIGITAL AGE PROFESSIONALS ENTERPRISE LIMITED,West Midlands,,Tech,A rating
DIGITAL CAFE LIMITED,Burgess Hill,,Tech,A rating
DIGITAL CLIPBOARD LIMITED,London,Yes,Tech,A rating
DIGITAL COMBAT AGENCY LTD,Romford,Yes,Tech,A rating
DIGITAL DIRECT SOLUTIONS LTD,London,Yes,Tech,A rating
DIGITAL DISRUPTION TECHNOLOGIES LTD,London,Yes,Tech,A rating
DIGITAL DREAM LTD,London,Yes,Tech,A rating
DIGITAL EARTH LTD,Aspley Guise,,Tech,A rating
DIGITAL EMERGENCY LTD,HUDDERSFIELD,,Tech,A rating
DIGITAL INSIGHTS CONSULTANCY LIMITED,Milton Keynes,,Tech & Consultancy,A rating
DIGITAL LIFE PARTNERS LTD,London,Yes,Tech,A rating
DIGITAL ORANGE NETWORKS LIMITED,Bromley,Yes,Tech,A rating
DIGITAL OUTLET LONDON LTD,LONDON,Yes,Tech,A rating
DIGITAL PORT LTD,Manchester,,Tech,A rating
DIGITAL RAINBOW PROJECT CONSULTANTS,BIRMINGHAM,,Tech & Consultancy,A rating
DIGITAL REALTY (UK) LIMITED,LONDON,Yes,Tech,A rating
DIGITAL SERVICES HUB LIMITED,London,Yes,Tech,A rating
DIGITAL STREAMING LIMITED,Manchester,,Tech,A rating
DIGITAL TRANSFORMATION CAPITAL PARTNERS UK LIMITED,London,Yes,Tech,A rating
DIGITAL TRAVEL MARKETING GROUP LIMITED,"Liverpool, Merseyside",,Tech,A rating
DIGITAL-I LIMITED,Bristol,,Tech,A rating
DIGITAL.CAMZ LTD,Ilford,Yes,Tech,A rating
DIGITALBRIDGE UK ADVISORS 1 LLP,LONDON,Yes,Consultancy,A rating
DIGITALDATA CONSULTING LIMITED,TEDDINGTON,,Consultancy,A rating
DIGITALK Technology Limited,Milton Keynes,,Tech,A rating
DIGITEC Financial Technologies and Services (UK) Ltd,London,Yes,Tech,A rating
DIGITEX TECHNOLOGIES LIMITED,Dagenham,Yes,Tech,A rating
DIGS Technology Limited,Swansea,,Tech,A rating
DILIGENCIA CONSULTING,"Oxford, United Kingdom",,Consultancy,A rating
DIMENSION FOUR TECHNOLOGY LIMITED,London,Yes,Tech,A rating
DIRECT ACCESS CONSULTANCY LIMITED,Nantwich,,Consultancy,A rating
DK LEGAL CONSULTANCY SOLUTIONS LTD,London,Yes,Consultancy,A rating
DK Practice & Lab Limited,Weymouth,,Tech,A rating
DKR IT Consulting UK Limited,Basingstoke,,Consultancy,A rating
DKR Services & Consultancy Ltd,Telford,,Consultancy,A rating
DL TECHNOLOGIES LTD,LONDON,Yes,Tech,A rating
DLT APPS LIMITED,York,,Tech,A rating
DMC CONSULTING SERVICES LTD,kent,,Consultancy,A rating
DMT Consulting Limited,Nottingham,,Consultancy,A rating
DNA MOBILES & COMPUTERS LTD,STOWMARKET,,Tech,A rating
DNH Lab,London,Yes,Tech,A rating
DNO CONSULTING LIMITED,Newport,,Consultancy,A rating
DNO Consulting Ltd,Newport,,Consultancy,A rating
DNS CONSULTANCY LTD,Harrow,Yes,Consultancy,A rating
DOCME TECHNOLOGIES LTD,Cambridge,,Tech,A rating
DONG THINH STUDY OVERSEA CONSULTANCY LIMITED,LONDON,Yes,Consultancy,A rating
DOOSAN DIGITAL INNOVATION EUROPE LIMITED,Renfrew,,Tech,A rating
DOT IT CONSULTING LTD,Bristol,,Consultancy,A rating
DOTCOM TECH LTD,London,Yes,Tech,A rating
DOUBLELIGHT TECHNOLOGY LIMITED,Harlow,,Tech,A rating
DR SIMON'S ACADEMY & CONSULTANCY OF SCIENCE LIMITED,MANCHESTER,,Consultancy,A rating
DR.TECH LTD,Grays,,Tech,A rating
DRAC Consulting Limited,Cardiff,,Consultancy,A rating
DROID IT SYSTEMS LTD,Stevenage,,Tech,A rating
DSI Technology Services Ltd,Dartford,,Tech,A rating
DSL Systems Ltd,West Bridgford,,Tech,A rating
DT ASSOCIATES RESEARCH AND CONSULTING SERVICES LIMITED,London,Yes,Consultancy,A rating
DTK Consultancy Ltd,London,Yes,Consultancy,A rating
DUCK Software Limited,Potters Bar,,Tech,A rating
DUNDAR LEGAL SERVICES AND CONSULTANCY LIMITED,LONDON,Yes,Consultancy,A rating
DURA Automotive Body & Glass Systems UK Ltd,Birmingham,,Tech,A rating
DWIP Consultants Ltd,Coventry,,Consultancy,A rating
"DX CELLS TECHNOLOGIES CO., (UK) LIMITED",London,Yes,Tech,A rating
DYMAG TECHNOLOGIES LIMITED,Chippenham,,Tech,A rating
DYNAMO SOFTWARE UK. LIMITED,Harrow,Yes,Tech,A rating
DZINE DIGITAL LTD,Cardiff,,Tech,A rating
Daaruk Consulting Ltd,Windsor,,Consultancy,A rating
Dabster Systems UK Limited,Staines-Upon-Thames,,Tech,A rating
Daella Digital LTD,Aberdeen,,Tech,A rating
Dahua Technology UK Limited,Maidenhead,,Tech,A rating
Daingade Building Automation Ltd.,Ilford,Yes,Tech,A rating
Daisymill Technologies Limited,Salford,,Tech,A rating
Daiwa Corporate Advisory Ltd,London,Yes,Consultancy,A rating
Dalberg Global Development Advisors Limited,London,Yes,Consultancy,A rating
Dalbergia Consulting Limited,Peterborough,,Consultancy,A rating
Daleside Consulting Limited,London,Yes,Consultancy,A rating
Dalziel & Pow Design Consultants Limited,Clerkenwell,Yes,Consultancy,A rating
Dama Tech Ltd. trading as kare Plus Kingston,Kingston Upon Thames,Yes,Tech,A rating
Danger Farms Software Ltd,London,Yes,Tech,A rating
Danube Properties Consultants Limited,Harrow,Yes,Consultancy,A rating
Daphne Technologies Ltd,London,Yes,Tech,A rating
Dar Al-Handasah Consultants (Shair & Partners) (UK) Ltd.,London,Yes,Consultancy,A rating
Dark Horse Digital Ltd,Altrincham,,Tech,A rating
Dark Spark Consulting Ltd,Woking,,Consultancy,A rating
Dartbridge Systems Limited,Camberley,,Tech,A rating
Dartington Service Design Lab,DEVON,,Tech,A rating
Darwin Evolution Technologies Ltd,London,Yes,Tech,A rating
Data 1St Ltd,SWINDON,,Tech,A rating
Data Care Solutions,Hayes,Yes,Tech,A rating
Data Center Erith Limited,Erith,Yes,Tech,A rating
Data Centre Dynamics Limited,LONDON,Yes,Tech,A rating
Data Clarity Limited,Derby,,Tech,A rating
Data Cloud Ltd,London,Yes,Tech,A rating
Data Connect Solutions Ltd,Reading,,Tech,A rating
Data Conversion Systems Limited,Swavesey,,Tech,A rating
Data Cubed Limited,Bristol,,Tech,A rating
Data Design Solutions Limited,Iver,,Tech,A rating
Data Engineering Project Limited,Glasgow,,Tech,A rating
Data HQ Ltd,Chelmsford,,Tech,A rating
Data Inc UK Ltd,London,Yes,Tech,A rating
Data Intellect Services Limited,Belfast,,Tech,A rating
Data Intelligance Services Ltd,London,Yes,Tech,A rating
Data Intensity Limited,Chelmsford,,Tech,A rating
Data Interconnect Ltd,Watchfield,,Tech,A rating
Data Kraken Consultancy Ltd,Oxford,,Tech & Consultancy,A rating
Data Market Information Technology Ltd,London,Yes,Tech,A rating
Data OPS Limited,Radlett,,Tech,A rating
Data Physics (UK) Ltd,Hailsham,,Tech,A rating
Data Privacy Simplified Ltd,Bedford,,Tech,A rating
Data Protection People Limited,Leeds,,Tech,A rating
Data Science Central UK Ltd.,London,Yes,Tech,A rating
Data Socket Limited,London,Yes,Tech,A rating
Data Solutionz Limited,Milton Keynes,,Tech,A rating
Data Spartan Limited,London,Yes,Tech,A rating
Data Technology Limited,Rickmansworth,,Tech,A rating
Data Theorem Limited,London,Yes,Tech,A rating
Data Trek Technologies Ltd,London,Yes,Tech,A rating
Data Vity Innovations T/A The Data City,Ilkely,,Tech,A rating
Data Yield Limited,Milton Keynes,,Tech,A rating
Data and Marketing Association Ltd,London,Yes,Tech,A rating
DataArt Technologies UK Ltd,London,Yes,Tech,A rating
Databook Labs UK Ltd,London,Yes,Tech,A rating
Datalineage Consulting Limited,Cardiff,,Consultancy,A rating
Datamatics Infotech Limited,Slough,,Tech,A rating
Datamato Technologies Limited,Greater London,Yes,Tech,A rating
Datascan Retail Systems Ltd,Coleshill,,Tech,A rating
Datascope Systems Ltd,Chester,,Tech,A rating
Datashrubs Technologies Ltd,Ilford,Yes,Tech,A rating
Datel Computing Limited,Warrington,,Tech,A rating
Daxtra Technologies Ltd,Musselburgh,,Tech,A rating
Dayshape Software Ltd,Edinburgh,,Tech,A rating
Dcube Technologies Ltd,Reading,,Tech,A rating
De Rossi Consulting Ltd,Leeds,,Consultancy,A rating
Debama Consulting Firm Limited,Dartford,,Consultancy,A rating
Decagon AI UK Ltd,London,Yes,Tech,A rating
DeciBio Consulting Ltd,London,Yes,Consultancy,A rating
Decimal Point Analytics Limited,Barking,Yes,Tech,A rating
Decimal Technologies Ltd,Bedford,,Tech,A rating
Decision Consultant Solutions Ltd,Hull,,Consultancy,A rating
Decision Technology limited,London,Yes,Tech,A rating
Decypher Technologies UK Limited,Cardiff,,Tech,A rating
Deecon Consulting Limited,Uxbridge,Yes,Consultancy,A rating
Deen Consult Services Ltd,London,Yes,Consultancy,A rating
Deep Consulting UK Ltd,Rugby,,Consultancy,A rating
Deep Knowledge Analytics Limited,London,Yes,Tech,A rating
Deepmay Technologies Limited,Birmingham,,Tech,A rating
Deepsea Technologies UK Ltd,Bromborough,,Tech,A rating
Deevi Technologies Ltd,Leeds,,Tech,A rating
Deimos Cloud Ltd,London,Yes,Tech,A rating
Delancey Investment Advisory Services Limited,London,Yes,Consultancy,A rating
Delaware Digital LLP,London,Yes,Tech,A rating
Delin Ventures Advisors Limited,London,Yes,Consultancy,A rating
Deliverance AI Ltd,Newry,,Tech,A rating
Delivers.AI LTD,Warwick,,Tech,A rating
Delmar Systems Ltd,Aberdeen,,Tech,A rating
Delphix Software Limited,Bracknell,,Tech,A rating
Delta Consulting Group Ltd,London,Yes,Consultancy,A rating
Delta Energy Systems (UK) Ltd,East Klibride,,Tech,A rating
Delta H Consulting Ltd,London,Yes,Consultancy,A rating
Deltaclass Technology Solutions Limited,Slough,,Tech,A rating
Deltapro Tech Ltd,London,Yes,Tech,A rating
Demse Technical Systems Limited,London,Yes,Tech,A rating
Dendrite Clinical Systems,New Malden,Yes,Tech,A rating
Denisa Telecom Limited,Horsham,,Tech,A rating
Denodo Technologies LTD,London,Yes,Tech,A rating
Dental Excellence Labs Ltd,Liverpool,,Tech,A rating
"Department for Science, Innovation and Technology",London,Yes,Tech,A rating
Deriv Technologies Limited,Reading,,Tech,A rating
Derma Consult Skincare Specialists LTD,London,Yes,Consultancy,A rating
Design Fire Consultants Ltd,Leeds,,Consultancy,A rating
Design ID Consulting Limited,Hillsborough,,Consultancy,A rating
Design and Management Consultants Ltd,Warrington,,Consultancy,A rating
Design and Plan Consultants Ltd,Southall,Yes,Consultancy,A rating
Designhouse Consultants Ltd,London,Yes,Consultancy,A rating
Desirefirm Consulting Group Limited,Barking,Yes,Consultancy,A rating
Despatch Cloud Ltd,Driffield,,Tech,A rating
Devbox Technologies Limited,London,Yes,Tech,A rating
Develop-IT Software Limited,Bishop's Stortford,,Tech,A rating
Developing World Systems,Marlow,,Tech,A rating
Dever Software Ltd,Cullompton,,Tech,A rating
Devi Technologies Limited,Bimingham,,Tech,A rating
Deviate Digital LTD,London,Yes,Tech,A rating
Devlearn Consultancy Ltd,Bury St. Edmunds,,Consultancy,A rating
Devolver Digital Games Limited,London,Yes,Tech,A rating
Dew Technology Limited,Surbiton,Yes,Tech,A rating
Dext Software Limited,London,Yes,Tech,A rating
Dheeraja Systems Limited,Ilford,Yes,Tech,A rating
Diabetes Consults,Rochester,,Consultancy,A rating
Diazone Computer Services Ltd,Sale,,Tech,A rating
Dice Consulting Engineers Ltd,Nottingham,,Consultancy,A rating
Diffractive Labs Ltd,London,Yes,Tech,A rating
Dig Ventures Advisors Limited,London,Yes,Consultancy,A rating
Digi Technology Limited,Hatfield,,Tech,A rating
Digi World Consulting Ltd,Tebay,,Consultancy,A rating
Digifier Consulting Limited,London,Yes,Consultancy,A rating
Digit Audio Technology Ltd,Leigh On Sea,,Tech,A rating
Digital Apple UK Ltd,London,Yes,Tech,A rating
Digital Applications International Limited,STOCKPORT,,Tech,A rating
Digital Back Office Limited,Harrow,Yes,Tech,A rating
Digital Boutique Limited,Edinburgh,,Tech,A rating
Digital Buying Partners Limited,Slough,,Tech,A rating
Digital Catapult,London,Yes,Tech,A rating
Digital Cinema Media Ltd,London,Yes,Tech,A rating
Digital Commonwealth Limited,London,Yes,Tech,A rating
Digital Completion UK Limited,Leeds,,Tech,A rating
Digital Cryogenics Limited,London,Yes,Tech,A rating
Digital Data Consultancy Ltd,High Wycombe,,Tech & Consultancy,A rating
Digital Detox Ltd,LONDON,Yes,Tech,A rating
Digital Devices Limited,London,Yes,Tech,A rating
Digital Devops Limited,Aylesbury,,Tech,A rating
Digital Diligence Ltd,London,Yes,Tech,A rating
Digital Directories Limited,London,Yes,Tech,A rating
Digital Edge Print Group Limited,Oldham,,Tech,A rating
Digital Eye Security System Limited,Staines,,Tech,A rating
Digital First Holdings UK Limited,London,Yes,Tech,A rating
Digital Futures Group Limited,London,Yes,Tech,A rating
Digital Gaming Corporation Limited,Elstree,,Tech,A rating
Digital Glue Ltd,Birmingham,,Tech,A rating
Digital Health Intelligence Ltd,London,Yes,Tech,A rating
Digital Health and Care Wales,Cardiff,,Tech,A rating
Digital Icon Agency Ltd,Derby,,Tech,A rating
Digital Infrastructure Services Ltd,Newton-le-Willows,,Tech,A rating
Digital Innk Limited,Birmingham,,Tech,A rating
Digital Insight Technologies Limited trading as Xapien,London,Yes,Tech,A rating
Digital Isle Limited,Newry,,Tech,A rating
Digital Manufacturing Centre Ltd,Towcester,,Tech,A rating
Digital Marmalade Limited,London,Yes,Tech,A rating
Digital Media Distribution Limited,Tyne And Wear,,Tech,A rating
Digital Media Gang,Solihull,,Tech,A rating
Digital Media Innovations UK LTD,Gloucester,,Tech,A rating
Digital Media Services UK Ltd,London,Yes,Tech,A rating
Digital Media Technologies LTD,Hertford,,Tech,A rating
Digital Medical Supply UK Ltd,London,Yes,Tech,A rating
Digital Mobile Innovations Limited,London,Yes,Tech,A rating
Digital Moneybox Limited,London,Yes,Tech,A rating
Digital News Agency Ltd,London,Yes,Tech,A rating
Digital Office Systems Ltd,Ashby de la Zouch,,Tech,A rating
Digital Orchard Group Ltd,Chalfont St Giles,,Tech,A rating
Digital Prosthetics Limited,Birmingham,,Tech,A rating
Digital Quotient Solutions Limited,Cheltenham,,Tech,A rating
Digital RFQ Limited,London,Yes,Tech,A rating
Digital Reality Corp Ltd (trading as Pupil and/or Stak),London,Yes,Tech,A rating
Digital Science & Research Solutions Limited,London,Yes,Tech,A rating
Digital Select Ltd,Lowestoft,,Tech,A rating
Digital Sign UK Ltd T/A Digital Signage UK,London,Yes,Tech,A rating
Digital Space Group Limited,Newark,,Tech,A rating
Digital Spring Limited,London,Yes,Tech,A rating
Digital Staff Solutions T/A Florence,London,Yes,Tech,A rating
Digital Sterling Limited,Leeds,,Tech,A rating
Digital Surgery Limited,London,Yes,Tech,A rating
Digital Taxonomy Limited,London,Yes,Tech,A rating
Digital Therapeutics Ltd,London,Yes,Tech,A rating
Digital Uncut,London,Yes,Tech,A rating
Digital Unlimited Group Ltd,London,Yes,Tech,A rating
Digital Voices Limited,London,Yes,Tech,A rating
Digital Willow Ltd,London,Yes,Tech,A rating
Digital Workforce Services Ltd,Warwick,,Tech,A rating
Digital.ai Software (UK) Ltd.,London,Yes,Tech,A rating
Digitech Solutions and Consulting Limited,Coventry,,Consultancy,A rating
Dimensional Fund Advisors Ltd,London,Yes,Consultancy,A rating
Diodes Semiconductor GB Ltd,Greenock,,Tech,A rating
Diodes Zetex Semiconductors Ltd,Oldham,,Tech,A rating
Dirac Software Limited,London,Yes,Tech,A rating
Direct Channel Support Systems Limited,Tipton,,Tech,A rating
Direct Link Technologies Ltd,London,Yes,Tech,A rating
Discover Digital Solutions Limited,Reading,,Tech,A rating
Disguise Technologies Ltd,London,Yes,Tech,A rating
Distinctly Digital Limited,London,Yes,Tech,A rating
Distributed Systems Management Limited,Cheltenham,,Tech,A rating
Diti Tech Ltd,Amersham,,Tech,A rating
Docky Tech Limited,Warwick,,Tech,A rating
Dog Digital Ltd,Glasgow,,Tech,A rating
Doka UK Formwork Technologies Ltd,Sittingbourne,,Tech,A rating
Dome Consulting Ltd,London,Yes,Consultancy,A rating
Dome Group Financial Advisers Limited,London,Yes,Consultancy,A rating
Dominion Consultancy Group,Wellinborough,Yes,Consultancy,A rating
Domino Data Lab Limited,London,Yes,Tech,A rating
Donavalli Consulting Limited,Reading,,Consultancy,A rating
Donesol Tech Services Ltd T/A Dr Gadgets,Romforfd,,Tech,A rating
Doosan Power Systems S.A. (UK branch),Crawley,,Tech,A rating
Doran Consulting Limited,Belfast,,Consultancy,A rating
Dortech Architectural Systems Ltd,Huddersfield,,Tech,A rating
Doshi App Limited,London,Yes,Tech,A rating
Dot Square Lab Limited,London,Yes,Tech,A rating
Downforce Technologies Limited,London,Yes,Tech,A rating
Doyuk & Co Legal Consultancy Ltd,London,Yes,Consultancy,A rating
Drac Consulting LTD,Cardiff,,Consultancy,A rating
Dragon Information Systems Limited,Newport Pagnell,,Tech,A rating
Dragonfly Technology Solutions Limited,Kemble,,Tech,A rating
Drawish Consultancy Group Ltd,Chesterfield,,Consultancy,A rating
Dream AI Ltd t/a Dream Agility,Rossendale,,Tech,A rating
Dreams-Ai-Cambridge Ltd,Cambridge,,Tech,A rating
Dreamz Tech Solutions Pvt. Ltd,Watford,Yes,Tech,A rating
Drennan Consultancy Limited,Coleraine,,Consultancy,A rating
DriWay International Technologies Limited,London,Yes,Tech,A rating
Drie Secure Systems Limited,London,Yes,Tech,A rating
Drivenation Digital LTD,Sherburn In Elmet,,Tech,A rating
Drives and Automation Limited,Chesterfield,,Tech,A rating
Dubarry Technology Ltd,Egham,,Tech,A rating
Duck Creek Technologies Limited,London,Yes,Tech,A rating
Duco Technology Limited,London,Yes,Tech,A rating
Dudley College of Technology,Dudley,,Tech,A rating
Duende Lab Limited,London,Yes,Tech,A rating
Duffel Technology Ltd,London,Yes,Tech,A rating
Dufrain Consulting Limited,Edinburgh,,Consultancy,A rating
Dune Advisors Limited,London,Yes,Consultancy,A rating
Duradiamond Software Ltd,Dunfermline,,Tech,A rating
Durell Software Ltd,Taunton,,Tech,A rating
Durham Tech Ltd,Durham,,Tech,A rating
Durst Image Technology UK Ltd,Leatherhead,,Tech,A rating
Dux Advisory Limited,Aylesbury,,Consultancy,A rating
Dyer Baade & Company Advisory Ltd,London,Yes,Consultancy,A rating
Dynamic Design Consultants Ltd,Banbridge,,Consultancy,A rating
Dynamic Shelving Systems Limited,Manchester,,Tech,A rating
Dynamic Visual Technologies Ltd,Croydon,Yes,Tech,A rating
Dynamo Analytics Ltd,London,Yes,Tech,A rating
Dynex Semiconductor Limited,Lincoln,,Tech,A rating
E & S Consultancy (UK) Limited,London,Yes,Consultancy,A rating
E R A Consulting (UK) Ltd,London,Yes,Consultancy,A rating
E T P Technologies Ltd,London,Yes,Tech,A rating
E TRADE TECH LIMITED,LONDON,Yes,Tech,A rating
E VISION CONSULTANCY LTD,Manchester,,Consultancy,A rating
E&P Consulting Ltd,London,Yes,Consultancy,A rating
E- Event Platform Ltd,London,Yes,Tech,A rating
E-BERK CONSULTANCY LIMITED,London,Yes,Consultancy,A rating
E-COMPUTING (EUROPE) LIMITED,London,Yes,Tech,A rating
E-Cube Strategy Consultants Limited,London,Yes,Consultancy,A rating
E-MIND TECHNOLOGIES LIMITED,Liverpool,,Tech,A rating
E-Serve Technologies Limited,Brooklands,,Tech,A rating
E-TECH GENERAL TRADING LIMITED,Coventry,,Tech,A rating
E2E CYBER SOLUTIONS LTD,BIRMINGHAM,,Tech,A rating
E2E Human Resource Consultancy Ltd,BIRMINGHAM,,Consultancy,A rating
E3 Consulting Engineers,Bristol,,Consultancy,A rating
EA Global AI Limited,Newport,,Tech,A rating
EA Technology Limited,Chester,,Tech,A rating
EAGLEWISE CONSULTING LIMITED,Birmingham,,Consultancy,A rating
EAI SYSTEMS LIMITED,London,Yes,Tech,A rating
EARTHLINK CONSULTANTS LIMITED,HARROW,Yes,Consultancy,A rating
EASTECH INTEGRATED SYSTEMS LTD,Manchester,,Tech,A rating
EASY GO CONSULTING LIMITED,Manchester,,Consultancy,A rating
EATRON TECHNOLOGIES LIMITED,Warwick,,Tech,A rating
EBDAA ISLAMIC FINANCE CONSULTANCY LTD,London,Yes,Consultancy,A rating
EBENEZER PROPERTY CONSULTANTS LTD,Milton Keynes,,Consultancy,A rating
EBIZ TECHNOLOGY LTD,London,Yes,Tech,A rating
EBT CONSULTANCY LIMITED,Kingston upon Thames,Yes,Consultancy,A rating
ECCELLENZA CONSULTING LTD,SUTTON WEAVER,,Consultancy,A rating
ECHOS CONSULTANCY LTD,London,Yes,Consultancy,A rating
ECONOMIC DATA SCIENCES LTD,SLOUGH,,Tech,A rating
EDA CONSULTING ENGINEERS LTD,NOTTINGHAM,,Consultancy,A rating
EDGEI TECH UK LTD,London,Yes,Tech,A rating
EDGEMATICS TECHNOLOGIES UK LTD,Reading,,Tech,A rating
EDGWARE ACCOUNTANTS & TAX ADVISORS LTD T/As Edgware Associates,Edgware,Yes,Consultancy,A rating
EDIFY SOFTWARE LTD,London,Yes,Tech,A rating
EDU TECH INTERNATIONAL LTD,London,Yes,Tech,A rating
EDUCARE CONSULTANTS LTD,London,Yes,Consultancy,A rating
EDUCY CONSULTANCY LIMITED,London,Yes,Consultancy,A rating
EDUVENTURE CONSULTANCY LIMITED,London,Yes,Consultancy,A rating
EDW Technology Limited,Milton Keynes,,Tech,A rating
EFESO Consulting UK Limited,Birmingham,,Consultancy,A rating
EFFICIENT SALON CONSULTANTS LTD,London,Yes,Consultancy,A rating
EFJ CONSULTING LTD,WELLING,Yes,Consultancy,A rating
EGA TECH LIMITED T/A GRIDIRON,London,Yes,Tech,A rating
EGIS UK - CONSULTING AND ENGINEERING LIMITED,London,Yes,Consultancy,A rating
EHK CONSULTING LIMITED,London,Yes,Consultancy,A rating
EHOME Systems LTD,London,Yes,Tech,A rating
EHON CONSULTANCY LTD,Kent,,Consultancy,A rating
EIDIKO SYSTEMS INTEGRATORS PVT LTD,LONDON,Yes,Tech,A rating
EILLA AI LTD,London,Yes,Tech,A rating
EIX CONSULTING LTD,London,Yes,Consultancy,A rating
EJ Peak Technology Solutions Limited,Daresbury,,Tech,A rating
EKCO CLOUD (UK) LIMITED,London,Yes,Tech,A rating
EKCO CLOUD AND SECURITY LIMITED,Milton Keynes,,Tech,A rating
EKY Technology LIMITED,Birmingham,,Tech,A rating
EL -ROI UK CONSULTING LIMITED,ILFORD,Yes,Consultancy,A rating
ELDERFLOWER CONSULTING LTD,South Croydon,Yes,Consultancy,A rating
ELDOS TECHNOLOGY LIMITED,Wembley,Yes,Tech,A rating
ELEGAL CONSULTANTS LTD,London,Yes,Consultancy,A rating
ELEGANT TECHNOLOGIES UK LIMITED,London,Yes,Tech,A rating
ELEKS Software UK Limited,London,Yes,Tech,A rating
ELEMENT MATERIALS TECHNOLOGY SHARED SERVICES LIMITED,Newbridge,,Tech,A rating
ELEMENTS TALENT CONSULTANCY LIMITED,London,Yes,Consultancy,A rating
ELIPOS SYSTEMS LIMITED,"Walsall,",,Tech,A rating
ELITE FINANCIAL CONSULTANTS LTD,Birmingham,,Consultancy,A rating
ELITE MOVING SYSTEMS LTD,LONDON,Yes,Tech,A rating
ELIXIR CONSULTANTS UK LTD,ABERDEEN,,Consultancy,A rating
ELMEC SYSTEMS LTD,Newark,,Tech,A rating
ELSTON CONSULTING LTD,LONDON,Yes,Consultancy,A rating
EM Advisors Ltd,London,Yes,Consultancy,A rating
EMC-Energy Market Consultants (UK) Ltd,London,Yes,Consultancy,A rating
EMI CONSULTING LTD,London,Yes,Consultancy,A rating
EMPEL Systems Limited,Milton Keynes,,Tech,A rating
EMPIRE CONSULTANCY & SOLUTION LTD,London,Yes,Consultancy,A rating
ENA Digital Services Ltd,Slough,,Tech,A rating
ENATIONS TECHNOLOGY LTD,London,Yes,Tech,A rating
ENCOM Energy Compliance Consultancy Limited,Milton Keynes,,Consultancy,A rating
ENERGY & COMPLIANCE TECHNOLOGY LTD,Wakefield,,Tech,A rating
ENERGYWINS HI-TECH MATERIALS LIMITED,London,Yes,Tech,A rating
ENG Consulting Limited,London,Yes,Consultancy,A rating
ENGAGE DIGITAL PARTNERS,LONDON,Yes,Tech,A rating
ENGINEERING AND CONSULTANCY GROUP LTD,Newcastle upon Tyne,,Consultancy,A rating
ENGINEERING CONSULTANCY SERVICES LIMITED,Derby,,Consultancy,A rating
ENGINEERING TECH LIMITED,Manchester,,Tech,A rating
ENSEMBLE SOFTWARE (UK) LIMITED,London,Yes,Tech,A rating
ENSY SYSTEMS LTD,London,Yes,Tech,A rating
ENVELOP RISK ANALYTICS LIMITED,BRISTOL,,Tech,A rating
EOS Deal Advisory Ltd,LONDON,Yes,Consultancy,A rating
EOS Electro Optical Systems Limited,Warwick,,Tech,A rating
EP Advisory Group Limited,London,Yes,Consultancy,A rating
EPAM Systems Ltd,London,Yes,Tech,A rating
EPI CONSULTANT LIMITED,London,Yes,Consultancy,A rating
EPI-USE Labs Limited,Manchester,,Tech,A rating
EPLOUGH CONSULTING LIMITED,Cambridgeshire,,Consultancy,A rating
EPROD SOFTWARE UK LTD,Dronfield,,Tech,A rating
EQUUS SOFTWARE UK LIMITED,London,Yes,Tech,A rating
ERI BANKING SOFTWARE LIMITED,London,Yes,Tech,A rating
ERIKA TECHNOLOGY LTD,"London, Greater London",Yes,Tech,A rating
ERKEN CONSULTING LIMITED,London,Yes,Consultancy,A rating
ERP Data Services Ltd,Milton Keynes,,Tech,A rating
ERP TECH SOLUTIONS LIMITED,Wokingham,,Tech,A rating
ERPTREE TECHNOLOGIES LIMITED,London,Yes,Tech,A rating
ERS Consultancy Ltd,Watford,,Consultancy,A rating
ERS Consultants Ltd,oxford,,Consultancy,A rating
ES SPARK DIGITAL LTD,Edinburgh,,Tech,A rating
ESC CONSULTANCY,HARROW,Yes,Consultancy,A rating
ESC CONSULTING LTD,CHESTER,,Consultancy,A rating
ESI Technology Ltd,Wrexham,,Tech,A rating
ESL Gulfood Systems LTD,Kent,,Tech,A rating
ESMT CONSULTANCY LTD,Liverpool,,Consultancy,A rating
ESPL Regulatory Consulting Ltd,Glasgow,,Consultancy,A rating
ESR Technology Ltd,Warrington,,Tech,A rating
ESSURE TECHNOLOGIES LTD,Coventry,,Tech,A rating
ETG Consulting Limited,Crawley,,Consultancy,A rating
ETL Systems,Hereford,,Tech,A rating
ETT FINANCIAL CONSULTANCY LTD,London,Yes,Consultancy,A rating
EUK Consulting Ltd,London,Yes,Consultancy,A rating
EURO DIGITAL PRINT LTD,LONDON,Yes,Tech,A rating
EURO-ASIAN CONSULTANCY LIMITED,Belfast,,Consultancy,A rating
EVAM ANALYTICS LIMITED,London,Yes,Tech,A rating
EVBULB TECHNOLOGY LTD,London,Yes,Tech,A rating
EVERYDAY COMPUTER SOLUTIONS LTD,London,Yes,Tech,A rating
EVERYMATRIX TECHNOLOGY (UK) LIMITED,London,Yes,Tech,A rating
EXCEL BUSINESS CONSULTANTS & TRAINING ACADEMY LTD,LONDON,Yes,Consultancy,A rating
EXCHANGE DATA INTERNATIONAL LTD,LONDON,Yes,Tech,A rating
EXCHANGE TECH LTD,Yarm,,Tech,A rating
EXECUTIVE INSIGHT HEALTHCARE CONSULTANTS LTD,London,Yes,Consultancy,A rating
EXPERTEST CONSULTANCY LIMITED,London,Yes,Consultancy,A rating
EXUS SOFTWARE LTD,LONDON,Yes,Tech,A rating
EZI TECHNOLOGY LIMITED,EAST TILBURY,,Tech,A rating
Eames Consulting Group Limited,London,Yes,Consultancy,A rating
Eames Consulting Group Ltd,London,Yes,Consultancy,A rating
Eapps Technologies Ltd,Uxbridge,Yes,Tech,A rating
EarthId Technology Ltd,Chessington,Yes,Tech,A rating
EarthSense Systems Limited,Leicester,,Tech,A rating
East London Advanced Technology Training,London,Yes,Tech,A rating
Eastmillet International Consulting Services Ltd,Nottingham,,Consultancy,A rating
Eastpoint Software Ltd,Cambridge,,Tech,A rating
Eastwood & Partners (Consulting Engineers) Ltd,Sheffield,,Consultancy,A rating
Easy Computer Consultants Limited,London,Yes,Tech & Consultancy,A rating
Echion Technologies LTD,Sawston,,Tech,A rating
Echosec Systems UK Ltd,Cardiff,,Tech,A rating
Eco Systems Group Ltd,Kent,,Tech,A rating
EcoHub Technologies Limited,Exeter,,Tech,A rating
Ecommerce Technologies Ltd,Essex,,Tech,A rating
Econic Technologies Ltd,Macclesfield,,Tech,A rating
Economic Consulting Associates Limited,London,Yes,Consultancy,A rating
Economics for the Environment Consultancy Ltd,London,Yes,Consultancy,A rating
Econova Consultancy Limited,London,Yes,Consultancy,A rating
Ecospend Technologies Limited,London,Yes,Tech,A rating
Eden Smith Consulting Ltd,Rochford,,Consultancy,A rating
Edge Impact Consulting Ltd,Reading,,Consultancy,A rating
Edgewing Systems Limited,Reading,,Tech,A rating
Editec Marketing Consulting Limited,London,Yes,Consultancy,A rating
Edpro Consultants Limited,Loughton,,Consultancy,A rating
Education International Cooperation UK Consulting Limited,Manchester,,Consultancy,A rating
Edwings Overseas Educational Consultants Limited,Manchester,,Consultancy,A rating
Effectiv AI UK Ltd,London,Yes,Tech,A rating
Effective Advisors Limited,London,Yes,Consultancy,A rating
Egress Software Technologies Limited,London,Yes,Tech,A rating
Egton Medical Information Systems Limited,Leeds,,Tech,A rating
Eigen Software Limited,Birmingham,,Tech,A rating
Eigen Technologies Ltd,London,Yes,Tech,A rating
Eiger Trading Advisors Limited,Leatherhead,,Consultancy,A rating
Eight Advisory UK Limited,London,Yes,Consultancy,A rating
Eightfold AI UK Ltd,London,Yes,Tech,A rating
Eikon Peters Technology Consulting Ltd,Preston,,Tech & Consultancy,A rating
Einride Technologies UK Limited,Hindhead,,Tech,A rating
EirEng Consulting Engineers Limited,Bath,,Consultancy,A rating
Ekistics Property Advisors LLP,London,Yes,Consultancy,A rating
Elaine Chivers Consultancy Services Ltd,BRISTOL,,Consultancy,A rating
Elastic Path Software (UK) Ltd,Newcastle Upon Tyne,,Tech,A rating
Elastic Path Software Inc.,Reading,,Tech,A rating
Elbit Systems UK Limited,Bristol,,Tech,A rating
Elcom Systems Ltd,London,Yes,Tech,A rating
Elder Technologies Limited,London,Yes,Tech,A rating
Electric Systems Limited,Manchester,,Tech,A rating
Electrified Automation,Bridgwater,,Tech,A rating
Elegant Systems Pvt Ltd,Swindon,,Tech,A rating
Elemental Consulting Group Ltd,Coventry,,Consultancy,A rating
Elements Digital Ltd,London,Yes,Tech,A rating
Elenor Consulting Limited,Bristol,,Consultancy,A rating
Elerian Conversational AI Limited,London,Yes,Tech,A rating
Elevate Edge Consulting Limited,London,Yes,Consultancy,A rating
Elevation Advisors LLP,London,Yes,Consultancy,A rating
Eleven Labs Ltd,London,Yes,Tech,A rating
Elevondata Labs Private Limited,Milton Keynes,,Tech,A rating
Elicit Research & Analytics Ltd,Glasgow,,Tech,A rating
Eligarf Technologies (UK) Limited,Harrow,Yes,Tech,A rating
Elite Control Systems Limited,Livingston,,Tech,A rating
Elite Electronic Systems Ltd,Enniskillen,,Tech,A rating
Elite Sport Performance Technologies Ltd,Loughborough,,Tech,A rating
Elite Tech Ltd,Iver,,Tech,A rating
Elite Technical Consulting Ltd T/A CyberForte,Reading,,Consultancy,A rating
Elite Thermal Systems Ltd,Market Harbarough,,Tech,A rating
EliteNurse Research Nurse Consultancy,York,,Consultancy,A rating
Elizes Consultancty Ltd,COVENTRY,,Consultancy,A rating
Elliott Advisors (UK) Limited,London,Yes,Consultancy,A rating
Ellipse Data Ltd,London,Yes,Tech,A rating
Ellipse Marketing Consultants Limited,London,Yes,Consultancy,A rating
"Ellison Institute of Technology, Oxford Limited",Littlemore,,Tech,A rating
Elmac Technologies Limited,Greenfield,,Tech,A rating
Elmleigh Electrical Systems Limited,Barwell,,Tech,A rating
Elo AI Ltd,London,Yes,Tech,A rating
Eloi Consulting Ltd,London,Yes,Consultancy,A rating
Eltek Systems Limited,Peterborough,,Tech,A rating
Elwood Technologies Services Limited,London,Yes,Tech,A rating
EmTech Hatchery Systems Ltd,Sparkford,,Tech,A rating
Emerald Tech UK Ltd,Basildon,,Tech,A rating
Emerald Technology Recruitment Limited,Birmingham,,Tech,A rating
Emerald Telecom Limited,London,Yes,Tech,A rating
Emerging Markets Advisory Limited,London,Yes,Consultancy,A rating
Emerging Markets Property Advisers Limited,London,Yes,Consultancy,A rating
Emergo Consulting (UK) Limited,Cambridge,,Consultancy,A rating
Emerson Climate Technologies Limited,Reading,,Tech,A rating
Eminens Consulting Limited,High Wycombe,,Consultancy,A rating
Emma Technologies LTD,London,Yes,Tech,A rating
Emmalex Consult Ltd.,Milton Keynes,,Consultancy,A rating
Empel Systems Ltd,MILTON KEYNES,,Tech,A rating
Emperor Design Consultants Limited,London,Yes,Consultancy,A rating
Emplas Window Systems Limited,Wellingborough,,Tech,A rating
Emtalent Digital Limited,Reading,,Tech,A rating
Emu Analytics,London,Yes,Tech,A rating
Encoen Consulting Ltd,Corby,,Consultancy,A rating
Encompass Digital Media Services Limited,London,Yes,Tech,A rating
Encora Software (UK) Private Limited,London,Yes,Tech,A rating
Encore Software Limited,Horsham,,Tech,A rating
Endo (UK) Consultancy Ltd,Brighouse,,Consultancy,A rating
Enel X Advisory Services UK Limited,London,Yes,Consultancy,A rating
Ener-Vate Consultancy Limited,Stoke on Trent,,Consultancy,A rating
Energeia Technologies,Antrim,,Tech,A rating
Energy Efficiency Consultancy Ltd.,Macclesfield,,Consultancy,A rating
Energy Potential Tech Solutions Limited,Denbighshire,,Tech,A rating
Energy Research Lab Ltd,London,Yes,Tech,A rating
Energy Space Systems Limited,Leicester,,Tech,A rating
Energy Systems Catapult,Birmingham,,Tech,A rating
EnergyDrive Systems Ltd,Milton Keynes,,Tech,A rating
Energylab Consulting Ltd,London,Yes,Consultancy,A rating
Enfusion Systems UK Ltd,London,Yes,Tech,A rating
Engage Digital Partners Limited,London,Yes,Tech,A rating
Engage Technology Partners Limited,Ipswich,,Tech,A rating
Engine AI Limited,London,Yes,Tech,A rating
Engine Creative Consultants Ltd,LONDON,Yes,Consultancy,A rating
Engineer.ai Global Ltd,London,Yes,Tech,A rating
Engineering Design Consultants London Limited,London,Yes,Consultancy,A rating
Engineering Systems Design (Group) Ltd,Bolton,,Tech,A rating
Engineering Technology Group,Wellesbourne,,Tech,A rating
Enigma Software Solutions Limited,London,Yes,Tech,A rating
Enji Technologies,London,Yes,Tech,A rating
Enjoy Digital Communications Ltd,Leeds,,Tech,A rating
Enlighten Software Limited,London,Yes,Tech,A rating
Enmarq Technologies Limited,Reading,,Tech,A rating
Ennovision Technology Solutions Limited,Rickmansworth,,Tech,A rating
Enovate Systems Limited,Aberdeen,,Tech,A rating
Enovation Consulting Limited,Northampton,,Consultancy,A rating
Enrisk Consulting Ltd,London,Yes,Consultancy,A rating
Enterprise AI Technology Ltd,London,Yes,Tech,A rating
Enterprise Analytics UK&I Ltd,Cambridge,,Tech,A rating
Entralon Technology Limited,London,Yes,Tech,A rating
Envertiz Consultancy Ltd,Aberdeen,,Consultancy,A rating
Enviro SP Consulting Ltd,London,Yes,Consultancy,A rating
Enviro-Safety Consultancy Ltd.,London,Yes,Consultancy,A rating
Environ Consultants Limited,New Mills,,Consultancy,A rating
Envisage Digital,Bournemouth,,Tech,A rating
Enwa Water Technology UK,Desford,,Tech,A rating
Epicor Software (UK) Limited,Bracknell,,Tech,A rating
Epiq Systems Ltd,London,Yes,Tech,A rating
Epoch Consultancy London Limited,Hertfordshire,,Consultancy,A rating
Equals Consulting Ltd,London,Yes,Consultancy,A rating
Equiduct Systems Limited,London,Yes,Tech,A rating
Equilibrium Labs Group Limited,London,Yes,Tech,A rating
Equinox Automation & controls Ltd.,Wellingborough,,Tech,A rating
Equip Outdoor Technologies UK Limited,Alfreton,,Tech,A rating
Equiteq Advisors Ltd,London,Yes,Consultancy,A rating
Equitie Advisory Ltd,London,Yes,Consultancy,A rating
Eram Capital Advisors Ltd,LONDON,Yes,Consultancy,A rating
Eric Low Consulting Ltd,Haddington,,Consultancy,A rating
Erudite Technologies Limited,Bletchley,,Tech,A rating
Esaloni Systems Limited,Gerrards Cross,,Tech,A rating
Eschmann Technologies Ltd,Lancing,,Tech,A rating
Escrow-Tech Limited,Bristol,,Tech,A rating
Esmil Process Systems Limited,High Wycombe,,Tech,A rating
Esoterix Systems Ltd,Bristol,,Tech,A rating
Esprit Automation Limited,Sandiacre,,Tech,A rating
Essar Consulting Limited,Slough,,Consultancy,A rating
Essentia Analytics Ltd,London,Yes,Tech,A rating
Et Al Design Consultants Ltd,Oxford,,Consultancy,A rating
Ethnic Technologies (London) Limited,London,Yes,Tech,A rating
Ethos-tech ltd,London,Yes,Tech,A rating
Etude Consulting Limited,London,Yes,Consultancy,A rating
Euler Labs Ltd,London,Yes,Tech,A rating
Eunomia Research & Consulting Ltd,Bristol,,Consultancy,A rating
Eunomia Systems Ltd trading as OneCare Platform,Farnborough,,Tech,A rating
Euro Petroleum Consultants Limited,London,Yes,Consultancy,A rating
Euro Tech Roofing Ltd,Aberdare,,Tech,A rating
Eurofins Digital Product Testing UK Limited,Bristol,,Tech,A rating
Eurograph Computer Supplies Ltd,Newport,,Tech,A rating
Eurogroup Consulting London Limited,Tunbridge Wells,,Consultancy,A rating
Eurolaser Technologies Limited,Datchet,,Tech,A rating
Eurolink Technology Ltd,Leatherhead,,Tech,A rating
European Braking Systems Ltd,Manchester,,Tech,A rating
European Data Analytics Limited,Edinburgh,,Tech,A rating
European Engineering & Consultancy Ltd,Kingston Upon Thames,Yes,Consultancy,A rating
European Environmental Monitoring and Consultancy Limited,London,Yes,Consultancy,A rating
European Software Solutions (UK) Limited,Borehamwood,,Tech,A rating
European Technology Development Limited,Leatherhead,,Tech,A rating
European Technology Group Ltd.,London,Yes,Tech,A rating
Eurosoft Tech Limited,London,Yes,Tech,A rating
Eurovent Purifying Systems UK Ltd,Gateshead,,Tech,A rating
Evalucom Consulting Ltd,London,Yes,Consultancy,A rating
Evans Randall Advisors Limited,London,Yes,Consultancy,A rating
Evariste Technologies Limited,Reading,,Tech,A rating
Eve & Adam Consultancy Ltd,Basingstoke,,Consultancy,A rating
Everest Advisors (UK) Ltd,London,Yes,Consultancy,A rating
Everest Group Consulting Ltd,London,Yes,Consultancy,A rating
Everest Software Systems Limited,London,Yes,Tech,A rating
Everett Capital Advisors UK LLP,London,Yes,Consultancy,A rating
Evergreen Investment Advisors (UK) LLP,London,Yes,Consultancy,A rating
Eviee Technologies Limited,Northampton,,Tech,A rating
Evoke Systems Limited,Hethel,,Tech,A rating
Evolution Systems Limited,Newcastle,,Tech,A rating
Evolvi Rail Systems Ltd.,Oxford Street,,Tech,A rating
Evoqua Water Technologies Ltd,Caldicot,,Tech,A rating
Exactpro Systems Limited,London,Yes,Tech,A rating
Exate Technology,London,Yes,Tech,A rating
Excel Search & Advisory Limited,London,Yes,Consultancy,A rating
Experion Technologies UK Ltd,"Staines-Upon-Thames,",,Tech,A rating
Expert Energy Consultancy Ltd,Sheffield,,Consultancy,A rating
Expert Insights Tech Ltd,Plymouth,,Tech,A rating
Expert Thinking (Consulting) Limited,London,Yes,Consultancy,A rating
Expert Tooling & Automation Limited,Coventry,,Tech,A rating
Expo Technology Ltd,Sunbury On Thames,,Tech,A rating
Exponentia.ai Limited,London,Yes,Tech,A rating
Exponential Climate Technologies Ltd,London,Yes,Tech,A rating
Exposure Analytics Limited,Portsmouth,,Tech,A rating
Exroid Technology Ltd,Sandwich,,Tech,A rating
Exscientia AI Limited,Abingdon,,Tech,A rating
Extend Robotics Limited,London,Yes,Tech,A rating
Extreme Networks UK Technology Limited,Reading,,Tech,A rating
Eyeballs to Data Points Limited,Manchester,,Tech,A rating
F&J CONSULTANTS LTD,Ilford,Yes,Consultancy,A rating
F&T DESIGN CONSULTANTS LIMITED,London,Yes,Consultancy,A rating
F/CE. LONDON LAB LTD,London,Yes,Tech,A rating
F4 CONSULTANCY LTD,London,Yes,Consultancy,A rating
FA PHARMA CONSULTING LTD,Altrincham,,Consultancy,A rating
FACCHINI CONSULTING LIMITED,Beverley,,Consultancy,A rating
FAIR CONSULTING GROUP UK LIMITED,London,Yes,Consultancy,A rating
FAIRSHOT AI LTD,London,Yes,Tech,A rating
FALCON TECH SOLUTIONS LTD,"Lincoln,",,Tech,A rating
"FANYOU ENTERPRISE MANAGEMENT CONSULTING (UK) CO., LTD",London,Yes,Consultancy,A rating
FARAN CONSULTANTS LIMITED,Feltham,Yes,Consultancy,A rating
FARAZAD ADVISORY LTD.,LONDON,Yes,Consultancy,A rating
FAST TRACK CONSULTANCY LIMITED,London,Yes,Consultancy,A rating
FAULTFIXERS TECHNOLOGIES LIMITED,WINCHESTER,,Tech,A rating
FBED LABS LTD,London,Yes,Tech,A rating
FCamara Consulting & Training,St. Albans,,Consultancy,A rating
FD Technologies Plc,Newry,,Tech,A rating
FDS Building Services Consultancy Limited,Greenhithe,,Consultancy,A rating
FDS Systems Limited,Leeds,,Tech,A rating
FDTK Consultancy Ltd,London,Yes,Consultancy,A rating
FEMACK TRAINING AND RECRUITMENT CONSULTANCY LIMITED,Crayford,,Consultancy,A rating
FERMI LABS RESEARCH LTD,Harrow,Yes,Tech,A rating
FIDELITY CONSULTANCY LTD,London,Yes,Consultancy,A rating
FIDUCIAM ADVISORY LIMITED,Watford,,Consultancy,A rating
FIFE BUSINESS CONSULTANTS LTD,DUNERMLINE,,Consultancy,A rating
FIFTH ROW TECHNOLOGIES LIMITED,London,Yes,Tech,A rating
FINANCE SOLUTIONS & ADVISORS LTD,Rainham,,Consultancy,A rating
FINGDOM FINANCIAL CONSULTANTS LTD,London,Yes,Consultancy,A rating
FINOPTUS CONSULTING LIMITED,SHEFFIELD,,Consultancy,A rating
FINTECH FARM LTD,London,Yes,Tech,A rating
FINTECH SCION LIMITED,London,Yes,Tech,A rating
FINTECHOS TECHNOLOGY UK LTD,London,Yes,Tech,A rating
FIRE SYSTEMS LTD,KINGSTON UPON THAMES,Yes,Tech,A rating
FIRST MEDICAL CONSULTANTS LTD,STOKE ON TRENT,,Consultancy,A rating
FIVE AI Limited,Cambridge,,Tech,A rating
FIZZ CONSULTANCY LTD,Ipswich,,Consultancy,A rating
FLASH TECH IT SOLUTIONS LTD,Coventry,,Tech,A rating
FLIPPER TECHNOLOGIES LTD,London,Yes,Tech,A rating
FLOWER LABS CAMBRIDGE LTD,LONDON,Yes,Tech,A rating
FLYING COLOURS CONSULTANCY LTD,Bristol,,Consultancy,A rating
FMC Technologies Ltd,Dunfermline,,Tech,A rating
FN Computers Ltd,Westcliff-on-Sea,,Tech,A rating
FOCUS CLOUD LIMITED,East Sussex,,Tech,A rating
FONE TECH COMMUNICATION LTD.T/As iTECH,High Wycombe,,Tech,A rating
FONE WORLD TECH LTD,Chester,,Tech,A rating
FOOD JOY WISE CONSULTING LIMITED,BRIGHTON,,Consultancy,A rating
FORESCOUT TECHNOLOGIES UK LTD,London,Yes,Tech,A rating
FORESEE TECH LIMITED,Guildford,,Tech,A rating
FORMAL TECHNOLOGY LIMITED,Bradwell,,Tech,A rating
FORMATECH LABS LTD,Feltham,Yes,Tech,A rating
FORMATION ADVISORY LTD,Hertfordshire,,Consultancy,A rating
FORTA Advisors Limited,London,Yes,Consultancy,A rating
FORTUNE CONSULTANCY LTD,Hounslow,Yes,Consultancy,A rating
FORVIS Global Advisory UK Limited,London,Yes,Consultancy,A rating
FOSSIL PROPERTY AND CONSULTANCY LTD,London,Yes,Consultancy,A rating
FPT Software United Kingdom Ltd.,London,Yes,Tech,A rating
FRANCISCO PARTNERS CONSULTING LTD,London,Yes,Consultancy,A rating
FRENGER CONSULTING SERVICES LIMITED,London,Yes,Consultancy,A rating
FRESH GRAVITY SOFTWARE SERVICES UK LTD,London,Yes,Tech,A rating
FRESHWORKS TECHNOLOGIES UK LIMITED,London,Yes,Tech,A rating
FRICTIONLESS TECHNOLOGIES LTD,London,Yes,Tech,A rating
FRONTIER GLOBAL CONSULTANTS LTD,Leeds,,Consultancy,A rating
FRONTIER SPACE TECHNOLOGIES LTD,Birmingham,,Tech,A rating
FRONTLINE TECHNOLOGY SERVICES UK LIMITED,Belfast,,Tech,A rating
FRP Advisory Group PLC,London,Yes,Consultancy,A rating
FRUITFUL SOFTWARE LIMITED,London,Yes,Tech,A rating
FS GROUP ADVISORY LIMITED,London,Yes,Consultancy,A rating
FS Training and Consultancy Limited,Manchester,,Consultancy,A rating
FSP Consulting Services Limited,Reading,,Consultancy,A rating
FT Pipeline Systems Ltd.,Lichfield,,Tech,A rating
FT Technologies (UK) Ltd,Sunbury-on-Thames,,Tech,A rating
FTG Care and Consultancy Services Limited,Stoke-On-Trent,,Consultancy,A rating
FTI Consulting LLP,London,Yes,Consultancy,A rating
FUJIFILM Speciality Ink Systems Limited,Broadstairs,,Tech,A rating
FULCRUM DIGITAL (UK) LIMITED,London,Yes,Tech,A rating
FUSION APPS CONSULTING LIMITED,READING,,Tech & Consultancy,A rating
FUTURE TECH INFO LIMITED,Barnet,Yes,Tech,A rating
FUTURETECH CONSULTANCY SOLUTIONS LTD,Leicester,,Consultancy,A rating
FUTURETRACK ADVISORS LTD,Manchester,,Consultancy,A rating
FWP CONSULTANCY SERVICES LIMITED,LIVERPOOL,,Consultancy,A rating
FX Digital Ltd,London,Yes,Tech,A rating
FYRE DIGITAL LTD T/A YUZE,Darlington,,Tech,A rating
FZ SOFTWARE SOLUTIONS LIMITED,Ilford,Yes,Tech,A rating
Fable Data Ltd,London,Yes,Tech,A rating
Face Consultants Ltd,Huddersfield,,Consultancy,A rating
Facit Data Systems,Milton Keynes,,Tech,A rating
Facultatieve Technologies Limited,Leeds,,Tech,A rating
Fairfield Control Systems Limited,Retford,,Tech,A rating
Fairport Engineering Limited t/a Fairport Tunnelling Technologies,Chorley,,Tech,A rating
Fajr.A.Tech Ltd,Bolton,,Tech,A rating
Fam Tech Ltd,Dagenham,Yes,Tech,A rating
Fan Systems Group Limited,Halifax,,Tech,A rating
Fantastic Tech Ltd,Brighton,,Tech,A rating
Farad.ai,Oxford,,Tech,A rating
Fareni Consultants Ltd,London,Yes,Consultancy,A rating
Fareye Technologies Pvt Ltd,Milton Keynes,,Tech,A rating
Fargo Systems Ltd,Ipswich,,Tech,A rating
Farient Advisors Limited,London,Yes,Consultancy,A rating
Farrant Consulting Ltd,Gloucester,,Consultancy,A rating
Farrer Digital Ltd,London,Yes,Tech,A rating
Farsight Consulting Ltd,London,Yes,Consultancy,A rating
Fast Computers & Mobile Services Ltd,London,Yes,Tech,A rating
Fast PC & Mobile Tech LTD,Leeds,,Tech,A rating
Fast Technologies Limited,Chadwell Heath,,Tech,A rating
Fat Fish Digital Ltd,Dunstable,,Tech,A rating
Fathom Financial Consulting Ltd,London,Yes,Consultancy,A rating
Fedash Consultancy Limited,Sunderland,,Consultancy,A rating
Federated Financial Technology Limited,London,Yes,Tech,A rating
Felix Consultants Private Limited,Solihull,,Consultancy,A rating
Fellows Construction Consultants Ltd,Birmingham,,Consultancy,A rating
Fenchurch Advisory Partners LLP,London,Yes,Consultancy,A rating
Fentics Technology Limited,London,Yes,Tech,A rating
Ferguson Engineering Consultants Ltd,Newcastle,,Consultancy,A rating
Fermentation Technologies Ltd,Oxford,,Tech,A rating
Fern Computer Services Limited,Belfast,,Tech,A rating
Fernhill Systems (Scotland) Ltd,Edinburgh,,Tech,A rating
Ferns IT Consultancy Limited,Colchester,,Consultancy,A rating
Fether Labs Limited,London,Yes,Tech,A rating
FiberLean Technologies Limited,Par,,Tech,A rating
Fibre-Tech Industries (UK) Limited,Melbourn,,Tech,A rating
Fibretrace Technologies Limited,London,Yes,Tech,A rating
Fichtner Consulting Engineers Ltd,Stockport,,Consultancy,A rating
Fido Tech,Bicester,,Tech,A rating
Field Consulting Ltd,London,Yes,Consultancy,A rating
Field Systems Designs Limited,Surrey,,Tech,A rating
Fieldwork Robotics Limited,Cambridge,,Tech,A rating
Fifth Dimension AI Ltd,London,Yes,Tech,A rating
Fifty Technology Limited,London,Yes,Tech,A rating
Figured Software UK Limited,London,Yes,Tech,A rating
Fike Safety Technology Ltd.,Gwent,,Tech,A rating
Filament Consultancy Group Limited,London,Yes,Consultancy,A rating
FinTech Collective UK Ltd,London,Yes,Tech,A rating
FinTech Partners Ltd,London,Yes,Tech,A rating
Financial Advisory Services Limited,London,Yes,Consultancy,A rating
Financial Data Management Limited,London,Yes,Tech,A rating
Financial Network Analytics Ltd,London,Yes,Tech,A rating
Financial Recovery Technologies UK Limited,London,Yes,Tech,A rating
Finbourne Technology Limited,London,Yes,Tech,A rating
Fincons Consulting Limited,London,Yes,Consultancy,A rating
Fincra Technologies Ltd.,Nuneaton,,Tech,A rating
Finesse Control Systems Ltd,Arbroath,,Tech,A rating
Finmile AI Limited,London,Yes,Tech,A rating
Finsen Technologies Limited,London,Yes,Tech,A rating
Finsoft Consultancy Limited,Chester,,Consultancy,A rating
"Finster AI, UK",London,Yes,Tech,A rating
Fintech Digital Solutions Ltd,London,Yes,Tech,A rating
Fintech Rhythm Solutions Ltd,London,Yes,Tech,A rating
Fintech Sandpit Limited,London,Yes,Tech,A rating
Fintech Valley LTD,Luton,,Tech,A rating
Fintiple Advisors Limited,Croydon,Yes,Consultancy,A rating
Fintop Consulting Ltd,London,Yes,Consultancy,A rating
Fire Consultancy Specialists Ltd,Nottingham,,Consultancy,A rating
Fire Investigation Risk Evaluation Consultancy Limited,Pontarddulais,,Consultancy,A rating
Fire Suppression Technology Ltd,WOKING,,Tech,A rating
FireAngel Safety Technology Limited,Coventry,,Tech,A rating
Firefinch Software Ltd,Edinburgh,,Tech,A rating
Firefish Software,Glasgow,,Tech,A rating
Firetecnics Systems Limited,London,Yes,Tech,A rating
Firmament Capital Advisors UK LLP,London,Yes,Consultancy,A rating
First Call Community Systems Limited,Chester,,Tech,A rating
First Citi CONSULT Ltd,Barnoldswick,,Consultancy,A rating
First Lane Education UK Consultancy Ltd,London,Yes,Consultancy,A rating
First Place Consulting Limited,London,Yes,Consultancy,A rating
First Technology Holdings Ltd,Reading,,Tech,A rating
Firstchoice Consultancy Ltd,Dagenham,Yes,Consultancy,A rating
Fisher Financial Advisors Ltd,Wallington,Yes,Consultancy,A rating
Fishgate Consulting Limited,Kent,,Consultancy,A rating
Five Tech Limited,London,Yes,Tech,A rating
Fix Tech Experts Limited,Hove,,Tech,A rating
Flag Telecom UK Limited,London,Yes,Tech,A rating
Flagship Advisory Partners Ltd,London,Yes,Consultancy,A rating
Flagship Technologies ltd,Heathrow,,Tech,A rating
Flashpoint Management Consultants UK Ltd,London,Yes,Consultancy,A rating
Flatt Consulting Ltd,Caterham,,Consultancy,A rating
Fleet Catering Consultants Ltd,Northallerton,,Consultancy,A rating
FlexEnable Technology Ltd,Cambridge,,Tech,A rating
Flexera Software Limited,Risley,,Tech,A rating
Flexible Power Systems Ltd,Cowden,,Tech,A rating
Flexible Technology Solutions UK Ltd,Beaconsfield,,Tech,A rating
Flick. Tech Ltd,London,Yes,Tech,A rating
Flight Data Systems Limited,West Drayton,Yes,Tech,A rating
Flint Consulting Limited,Watford,,Consultancy,A rating
Flint UK Technology Services Ltd,Watford,,Tech,A rating
Florence Care and Consultancy Service Ltd,Mitcham,Yes,Consultancy,A rating
Floreon Technology Ltd,Hessle,,Tech,A rating
Fluro Platform Limited,London,Yes,Tech,A rating
Flutter Labs AI Ltd,London,Yes,Tech,A rating
Fm Care and Consultancy Limited,Ilford,Yes,Consultancy,A rating
Focused Labs UK Ltd,Bristol,,Tech,A rating
Fold Consulting Engineers Limited,Bath,,Consultancy,A rating
Folio Technologies Ltd,London,Yes,Tech,A rating
Folio3 Software UK,Woking,,Tech,A rating
Fonoa Technologies UK Ltd,London,Yes,Tech,A rating
Food Cloud Limited T/A Tikka Nation,Dorking,,Tech,A rating
Foragers AI Limited,London,Yes,Tech,A rating
Forecast Technologies limited,London,Yes,Tech,A rating
Foreks Financial Technologies Ltd,London,Yes,Tech,A rating
Foreman Roberts Consulting Limited,London,Yes,Consultancy,A rating
Foresight Data Machines Ltd,London,Yes,Tech,A rating
Forest Rock Systems Ltd,Loughborough,,Tech,A rating
Foretell Digital Limited,Chelmsford,,Tech,A rating
Forever Consultancy Ltd,Christchurch,,Consultancy,A rating
Forge Software Inc Limited,London,Yes,Tech,A rating
Form3 Technology Limited,London,Yes,Tech,A rating
Forma Advisory Services UK Limited,London,Yes,Consultancy,A rating
Forrit Technology Limited,Edinburgh,,Tech,A rating
Fortress Technology (Europe) Limited,Banbury,,Tech,A rating
Fortunate Masiye Consulting,Oxford,,Consultancy,A rating
Fortune Technology Ltd,Glasgow,,Tech,A rating
Forty Four Tech Ltd,Heathrow,Yes,Tech,A rating
Forum Energy Technologies (UK) Limited,Westhill,,Tech,A rating
Fossil Consultancy UK,London,Yes,Consultancy,A rating
Fostro Technologies Ltd,Feltham,Yes,Tech,A rating
FotoFinder Systems Ltd,London,Yes,Tech,A rating
Fountainhead software ltd,Bristol,,Tech,A rating
FourJaw Manufacturing Analytics Ltd,Sheffield,,Tech,A rating
Fractal Analytics UK Ltd,London,Yes,Tech,A rating
Fractal Labs Ltd,London,Yes,Tech,A rating
Francis Bradshaw Consulting Ltd,Wilmslow,,Consultancy,A rating
Franke Coffee Systems UK Ltd,St Albans,,Tech,A rating
Frankham Consultancy Group Limited,Sidcup,Yes,Consultancy,A rating
Freedom Dairy Systems Limited,Somerton,,Tech,A rating
Freight Systems Express (Wales) Ltd,Cardiff,,Tech,A rating
Freshwater Consult (UK) Limited,London,Yes,Consultancy,A rating
Freston Analytics UK Limited,Ipswich,,Tech,A rating
Freudenberg Filtration Technologies UK Ltd,Crewe,,Tech,A rating
Freudenberg Flow Technologies Limited,Port Talbot,,Tech,A rating
Freudenberg Sealing Technologies Ltd,North Shields,,Tech,A rating
Friends World Committee for Consultation,London,Yes,Consultancy,A rating
Frischmann Process Technology Limited,London,Yes,Tech,A rating
Frontdoor Labs Ltd,London,Yes,Tech,A rating
Frontier AI Ltd,London,Yes,Tech,A rating
Frontier Computer Corp Limited,Maidstone,,Tech,A rating
Froxy Labs Ltd,London,Yes,Tech,A rating
Fuel Additive Science Technologies Ltd,Shrewsbury,,Tech,A rating
Fuel Cell Systems Limited,Hungerford,,Tech,A rating
Fulcrum Global Technologies UK Limited,London,Yes,Tech,A rating
Fulcrum Labs UK Limited,London,Yes,Tech,A rating
Fully Distributed Systems Ltd,Loughborough,,Tech,A rating
Funfair Technologies Limited,London,Yes,Tech,A rating
Fusion Consulting Ltd,London,Yes,Consultancy,A rating
Fusion Health Technology Solutions UK Ltd,London,Yes,Tech,A rating
Fusion Solutions Consulting Ltd,Milton Keynes,,Consultancy,A rating
FusionAIx Technologies Limited,London,Yes,Tech,A rating
Fusionride Technology (UK) Limited,London,Yes,Tech,A rating
Future Agency Consulting Ltd,York,,Consultancy,A rating
Future IT Consultancy Limited,Manchester,,Consultancy,A rating
Future Intelligence Technology Solutions Limited,Reading,,Tech,A rating
Future Platforms Limited,London,Yes,Tech,A rating
Future Steps Childrens Occupational Therapy Consultancy Limited,Thornaby,,Consultancy,A rating
Future Tech Labs Limited,Guildford,,Tech,A rating
Future Technology Group Ltd,Chatteris,,Tech,A rating
Future Transport Systems,Newcastle Upon Tyne,,Tech,A rating
Future of Finance Consulting Limited,Telford,,Consultancy,A rating
Futuregen Telecoms Ltd,London,Yes,Tech,A rating
Futuresource Consulting Ltd,St Albans,,Consultancy,A rating
Futuristic Technologies Ltd,Hounslow,Yes,Tech,A rating
Futuristic Technology Limited,London,Yes,Tech,A rating
Fuzzy Labs,Manchester,,Tech,A rating
Fyber Digital UK Ltd,London,Yes,Tech,A rating
Fyxer AI Limited,London,Yes,Tech,A rating
G K TELECOM LTD,SLOUGH,,Tech,A rating
G PEERS CONSULTANCY LIMITED,London,Yes,Consultancy,A rating
G Tech Innovation LTD,Wolverhampton,,Tech,A rating
G&J Geoenvironmental Consultants Ltd,Loughborough,,Consultancy,A rating
G-Tech Motor-Works Ltd,Derby,,Tech,A rating
G2 Digital Video Limited,Alton,,Tech,A rating
G2O Water Technologies Ltd,Manchester,,Tech,A rating
G3 Systems Ltd,Portland,,Tech,A rating
GABA Media and Consultancy Services Ltd,Harrow,Yes,Consultancy,A rating
GALATEA ADVISORS LIMITED,London,Yes,Consultancy,A rating
GALAXY HOME IMPROVEMENT CONSULTANTS LIMITED TRADING AS GALAXY WINDOWS,Harrow,Yes,Consultancy,A rating
"GALL ZEIDLER CONSULTANTS - UK, LTD",Croydon,Yes,Consultancy,A rating
GALVANI TECH LTD,Belfast,,Tech,A rating
GAME TECH POINT LIMITED,London,Yes,Tech,A rating
GATEWAY CONSULTANCY LEICESTER LIMITED,Leicestershire,,Consultancy,A rating
GAZI CONSULTANCY & CO LIMITED,London,Yes,Consultancy,A rating
GB Copier Systems Ltd,Stoke-on-Trent,,Tech,A rating
GB Infotech Retail Ventures Limited,"Nottingham,",,Tech,A rating
GB SPORTS ADVISORS LIMITED,WALTON-ON-THAMES,,Consultancy,A rating
GBA Technologies Ltd,Grimsby,,Tech,A rating
GBBC Digital Finance Limited,London,Yes,Tech,A rating
GBL Advisors Ltd,London,Yes,Consultancy,A rating
GBR Technology Limited,"Silchester, Reading",,Tech,A rating
GBTEC Software UK Ltd,London,Yes,Tech,A rating
GCL Building Technologies Ltd,Tunbridge Wells,,Tech,A rating
GCP Applied Technologies (UK) Limited,Slough,,Tech,A rating
GDG TECHNOLOGIES LTD,London,Yes,Tech,A rating
GDK Software Ltd,Orpington,Yes,Tech,A rating
GE Aviation Systems Limited,Cheltenham,,Tech,A rating
GE Medical Systems Limited,Chalfont St. Giles,,Tech,A rating
GEM Data Group UK Limited,London,Yes,Tech,A rating
GENASYS TECHNOLOGIES UK LTD,London,Yes,Tech,A rating
GEOFF HALL DIGITAL PRINT LTD T/A Ghdigitalprint.com,glasgow,,Tech,A rating
GEONOVA CONSULTANCY LTD,London,Yes,Consultancy,A rating
GGP CONSULTING LIMITED,Croydon,Yes,Consultancy,A rating
GHO Capital Partners Advisory Ltd,London,Yes,Consultancy,A rating
GHW Consulting Engineers Ltd,Sutton Coldfield,,Consultancy,A rating
GIFTYPE TECH LIMITED,Grays,,Tech,A rating
GILBRALTAR Technologies limited,Reading,,Tech,A rating
GIOS Technology Limited,Harrow,Yes,Tech,A rating
GITHUB SOFTWARE UK LTD,Motherwell,,Tech,A rating
GJS Design Consultants Limited,Colchester,,Consultancy,A rating
GKIM Digital Ltd,Impington,,Tech,A rating
GKN Aerospace Services - Engineering and Technology,Bristol,,Tech,A rating
GLASS DOOR DESIGN TECH LTD,Bristol,,Tech,A rating
GLENCROWN TRAINING AND CONSULTING SERVICES LIMITED,London,Yes,Consultancy,A rating
GLOBAL ASSOCIATE & BUSINESS CONSULTANT UK LTD,London,Yes,Consultancy,A rating
GLOBAL COMPUTER SPECIALISTS LTD,Woodford Green,,Tech,A rating
GLOBAL EDUCATION AND CAREER CONSULTANTS LIMITED,LONDON,Yes,Consultancy,A rating
GLOBAL PV QA CONSULTANCY LTD,London,Yes,Consultancy,A rating
GLOBAL TRAINING AND EDUCATION CONSULTANCY LTD,Birmingham,,Consultancy,A rating
GLOVALTH HEALTH TECH CARE LTD,Leicester,,Tech,A rating
GMK Advisory Ltd,London,Yes,Consultancy,A rating
GMK Software Solutions Limited,Aylesbury,,Tech,A rating
GO FIT LIFE SCIENCE AND TECHNOLOGY UK LIMITED,LONDON,Yes,Tech,A rating
GOAHEAD CONSULTING LIMITED,Southampton,,Consultancy,A rating
GOBITREE EVENT ADVISORY LIMITED,London,Yes,Consultancy,A rating
GOLDEN TREE ACCOUNTING & BUSINESS CONSULTING LTD,London,Yes,Consultancy,A rating
GOOD LAW SOFTWARE LTD,London,Yes,Tech,A rating
GOODMAYSYS SOFTWARE TECHNOLOGIES LIMITED,Ilford,Yes,Tech,A rating
GOODS & SERVICES TECHNOLOGY LIMITED,LONDON,Yes,Tech,A rating
GOT Technologies (UK) Ltd,London,Yes,Tech,A rating
GOWRI CONSULTANTS LIMITED,Leicester,,Consultancy,A rating
GP Management Consultancy Ltd,Birmingham,,Consultancy,A rating
GPC Computer Software Ltd,Manchester,,Tech,A rating
GR Digital Ltd T/A Zygo Media,Swansea,,Tech,A rating
GRAIN ADVISERS UK LTD,London,Yes,Consultancy,A rating
GRAPHY TECHNOLOGIES LTD,London,Yes,Tech,A rating
GRDJ Technology Ltd,Ashurstwood,,Tech,A rating
GREAT PELANKS TECH LTD,Lancashire,,Tech,A rating
GREEN DEAL ENERGY ADVISOR LTD,Huddersfield,,Consultancy,A rating
GREEN DREAM MARRIAGE AND CONSULTANCY LTD,LONDON,Yes,Consultancy,A rating
GREY MATTERS TRADING AND CONSULTANCY LIMITED,Chelmsford,,Consultancy,A rating
GREYKITE Investment Adviser Limited,London,Yes,Consultancy,A rating
GRIP Technologies Limited,Surrey,,Tech,A rating
GROWA BUSINESS CONSULTANT LTD,Edinburgh,,Consultancy,A rating
GRP UNITED LTD T/A TECH REPAIRS EPSOM,EPSOM,,Tech,A rating
GS INNOVATIVE TECHNOLOGY LTD,Dagenham,Yes,Tech,A rating
GSB Consulting Ltd,Brentford,Yes,Consultancy,A rating
GSC Technologies Limited,Dartford,,Tech,A rating
GSR Technology Europe Ltd.,Bracknell,,Tech,A rating
GT Wings t/a GT Green Technologies Limited,Liverpool,,Tech,A rating
GTN Market Data Services Ltd,London,Yes,Tech,A rating
GUHA INFOTECH LTD,London,Yes,Tech,A rating
GVS Filter Technology UK Ltd,Lancaster,,Tech,A rating
GW Consulting Engineers Ltd,Kidderminster,,Consultancy,A rating
GWP Software Solutions Limited t/a FormusPro,Hereford,,Tech,A rating
Gaap Consultancy Ltd,Milton Keynes,,Consultancy,A rating
Gaea AI Limited,London,Yes,Tech,A rating
Galaxi Consulting Group Ltd,London,Yes,Consultancy,A rating
Galaxy Digital UK Limited,London,Yes,Tech,A rating
Gameplan Technology Limited,London,Yes,Tech,A rating
Gaming Technology Solutions Ltd (Trading as GTS Ltd),London,Yes,Tech,A rating
Gamma Systems Ltd,Harlow,,Tech,A rating
Gamma Telecom Holdings Limited,London,Yes,Tech,A rating
Garage Door Systems Ltd.,Ballymena,,Tech,A rating
Gardenia Technologies Ltd,London,Yes,Tech,A rating
Garrison Technology Ltd,London,Yes,Tech,A rating
Garware Hi-Tech Films International Limited,London,Yes,Tech,A rating
Gate Technology Systems Ltd,Hove,,Tech,A rating
Gatehouse Advisory Partners Limited,London,Yes,Consultancy,A rating
Gateview Technologies Limiited,Leeds,,Tech,A rating
Gateway Digital UK Limited,Hook,,Tech,A rating
Gauvin Tech Consultancy Ltd,Bradford,,Tech & Consultancy,A rating
Gaw Capital Advisors (UK) Limited,London,Yes,Consultancy,A rating
Gazelle Global Consulting Ltd,London,Yes,Consultancy,A rating
Geared Consulting Partnerships Ltd,Aylesbury,,Consultancy,A rating
Gem Compliance Consulting Ltd,Edinburgh,,Consultancy,A rating
Gemraj Technologies Ltd.,Rayleigh,,Tech,A rating
Gen AI ML Ltd,London,Yes,Tech,A rating
Generative Finance Technologies Limited,London,Yes,Tech,A rating
Generis Enterprise Technology Limited,London,Yes,Tech,A rating
Genesis Analytics,London,Yes,Tech,A rating
Genesis Cloud Technologies Limited,Southall,Yes,Tech,A rating
Genesis Global Technology Limited.,London,Yes,Tech,A rating
Genesis Oil & Gas Consultants Limited,London,Yes,Consultancy,A rating
Genesis Technology Services Limited,Peterborough,,Tech,A rating
Genie AI Limited,London,Yes,Tech,A rating
Genie Technology Limited,London,Yes,Tech,A rating
Genisys Software Ltd,London,Yes,Tech,A rating
Genius Software Solutions Limited,Glasgow,,Tech,A rating
Genomic Labs LTD,Bristol,,Tech,A rating
Genuine Technologies Ltd t/a TruthEngine,Esher,,Tech,A rating
Geomasters Consult Ltd,Essex,,Consultancy,A rating
Geordie AI Ltd,London,Yes,Tech,A rating
George W. Consulting Limited,London,Yes,Consultancy,A rating
Geosyntec Consultants Ltd,Delph,,Consultancy,A rating
Geotechnical Consulting Group LLP,London,Yes,Consultancy,A rating
Gerent Technologies Limited,Hatfield,,Tech,A rating
Germains Seed Technology (a division of ABF Grain Products Limited),London,Yes,Tech,A rating
Germane Consultancy Limited,Stifford Clays,,Consultancy,A rating
Get Consult Ltd,London,Yes,Consultancy,A rating
GfK Retail and Technology UK Limited,London,Yes,Tech,A rating
Giacom (Cloud) Limited,Hull,,Tech,A rating
Giesecke+Devrient Currency Technology GB Ltd,Milton Keynes,,Tech,A rating
Gill Insurance & Finance Consultants Ltd,Bedford,,Consultancy,A rating
Gilmore Consultancy Ltd,London,Yes,Consultancy,A rating
Ginger Digital Ltd,Hungerford,,Tech,A rating
Ginza Technologies Ltd,Solihull,,Tech,A rating
Girik Consultancy Ltd,High Wycombe,,Consultancy,A rating
Girling & Company Software Limited,Bury St Edmunds,,Tech,A rating
GivEnergy Software Ltd,Newcastle-under-Lyme,,Tech,A rating
Glamorous AI Limited,Altrincham,,Tech,A rating
Glassbox Digital UK Ltd,NORWICH,,Tech,A rating
Glaube Consultancy Ltd,Chelmsford,,Consultancy,A rating
Glentzes Tech Limited,Edinburgh,,Tech,A rating
Glimpse Analytics Ltd,Central Milton Keynes,,Tech,A rating
Glite Tech Limited,London,Yes,Tech,A rating
GloR Consultancy ltd,London,Yes,Consultancy,A rating
Globacap Technology Limited,London,Yes,Tech,A rating
Global Apartment Advisors Limited,London,Yes,Consultancy,A rating
Global Change Data Lab,Oxford,,Tech,A rating
Global Computers Ltd,Mitcham,Yes,Tech,A rating
Global Design Consultants Ltd,Hayes,Yes,Consultancy,A rating
Global Digital Express Limited,LONDON,Yes,Tech,A rating
Global Digital Systems Limited,Hook,,Tech,A rating
Global Education Management Systems Limited,Bristol,,Tech,A rating
Global Graduate Consultants Ltd,Stockport,,Consultancy,A rating
Global Infrastructure Advisors Limited,London,Yes,Consultancy,A rating
Global Inkjet Systems Limited,Cambridge,,Tech,A rating
Global Legal Consultants,London,Yes,Consultancy,A rating
Global Management Consultants Ltd,New Maldon,,Consultancy,A rating
Global Partners Digital,London,Yes,Tech,A rating
Global Reach Technology EMEA Ltd,London,Yes,Tech,A rating
Global Tech Team Ltd,Ilford,Yes,Tech,A rating
Global Technologies International Limited,Glasgow,,Tech,A rating
Global Technology Ltd,Warrington,,Tech,A rating
Global Telecom Networks Ltd,Milton Keynes,,Tech,A rating
Global Vision Education Consulting Ltd,LONDON,Yes,Consultancy,A rating
Globe Technologies Uk Ltd,Coleshill,,Tech,A rating
Glory Technology Development UK Ltd,London,Yes,Tech,A rating
Glyphic AI Limited,Sevenoaks,,Tech,A rating
GoTo Technologies UK Limited,London,Yes,Tech,A rating
Godavari Consultancy Services Limited,Hemel Hempstead,,Consultancy,A rating
Goddard Consulting LLP,London,Yes,Consultancy,A rating
Godel Technologies Europe Ltd,Manchester,,Tech,A rating
Gold Mountain Labs Ltd,London,Yes,Tech,A rating
Golden Data Limited,Ardwick,,Tech,A rating
Golden Lay London Limited T/A OptiScale Consulting,London,Yes,Consultancy,A rating
Golden Management Consultancy Ltd,London,Yes,Consultancy,A rating
Goldenpeaks Advisers Ltd,London,Yes,Consultancy,A rating
Goldmoon Consulting Ltd,Harrow,Yes,Consultancy,A rating
Goldtakas Technologies Limited,London,Yes,Tech,A rating
Goldtime Systems Ltd,Slouugh,,Tech,A rating
Goodboy Digital Limited,London,Yes,Tech,A rating
Goodfire AI UK Limited,London,Yes,Tech,A rating
Goodhub Platforms Limited,Bath,,Tech,A rating
Gooding & Co Ltd t/a Data Privacy Advisory Service,Exeter,,Tech & Consultancy,A rating
Goodman Wolfe Consulting Ltd,Rayleigh,,Consultancy,A rating
Goodrich Actuation Systems Ltd,Wolverhampton,,Tech,A rating
Goraya Business Consultant LTD,Staines Upon thames,,Consultancy,A rating
Gordon Murray Technologies Limited,Shalford,,Tech,A rating
Gormley Robotics Ltd,Dungannon,,Tech,A rating
Governance House for Consulting Training and Development Limited,London,Yes,Consultancy,A rating
Gracechurch Consulting Ltd,Richmond upon Thames,Yes,Consultancy,A rating
Gracia AI Ltd,London,Yes,Tech,A rating
Gradient Labs Limited,London,Yes,Tech,A rating
Grafana Labs Ltd,London,Yes,Tech,A rating
Graham Hart (Process Technology) Ltd,Bradford,,Tech,A rating
Gran Lab Limited,Belfast,,Tech,A rating
Grand Cru Consulting Limited,Layham,,Consultancy,A rating
Grand Cru Consulting Ltd,Layhall,,Consultancy,A rating
Grande Prosperity Development Consultancy Ltd,London,Yes,Consultancy,A rating
Granite Oak Advisors UK Ltd,London,Yes,Consultancy,A rating
Granola Labs,London,Yes,Tech,A rating
Grant Thornton Advisors (NI) LLP,Belfast,,Consultancy,A rating
Graphite Digital Ltd,Brighton,,Tech,A rating
Grasp Technologies Limited,London,Yes,Tech,A rating
Gravis Advisory Limited,London,Yes,Consultancy,A rating
Gravity Consulting Engineers Ltd,Bracknell,,Consultancy,A rating
Gravity Labs London Ltd,Wembley,Yes,Tech,A rating
Grayson Automotive Services Limited T/A Grayson Thermal Systems,Birmingham,,Tech,A rating
Great IT Co Ltd / TA Cirrus Technology Solutions,Chester,,Tech,A rating
Greco Advisors Limited,London,Yes,Consultancy,A rating
Green Delta Consulting Ltd,Birmingham,,Consultancy,A rating
Green Harvest Capital Consulting Limited,Exeter,,Consultancy,A rating
Green Harvest Capital Consulting Ltd,Chislehurst,,Consultancy,A rating
Green Palm Marine Consultancy Ltd,Hull,,Consultancy,A rating
Green Soft Technologies LTD,London,Yes,Tech,A rating
Green Street Advisors (UK) Limited,London,Yes,Consultancy,A rating
Green Technologies Limited t/a AA Labels,Peterborough,,Tech,A rating
GreenScale Data Centres Limited,London,Yes,Tech,A rating
Greenback Recycling Technologies,London,Yes,Tech,A rating
Greenbuild Consult,CARDIFF,,Consultancy,A rating
Greenlight Computers Limited,Manchester,,Tech,A rating
Greenowl AI Ltd,Rochdale,,Tech,A rating
Greenrich Consulting Ltd,Livingston,,Consultancy,A rating
Greenstar Technology Limited,Harrow,Yes,Tech,A rating
Greenswan Consultants Limited,Loughton,,Consultancy,A rating
Greenware Technologies UK Ltd,Brentford,Yes,Tech,A rating
Greenwhite Consulting Limited,Greenwich,Yes,Consultancy,A rating
Gresham Technologies (Solutions) Limited,London,Yes,Tech,A rating
Gresham Technologies plc,Southampton,,Tech,A rating
Grey Tech Limited,Manchester,,Tech,A rating
Grey Technology Limited (Gtech),Worcester,,Tech,A rating
GreyMatters Technologies LTD,Bristol,,Tech,A rating
Greym Consulting Limited,Amersham,,Consultancy,A rating
Grit Digital Ltd,Norwich,,Tech,A rating
Groove Platforms Africa Ltd,Forest Hill,Yes,Tech,A rating
Ground Control Technologies UK Ltd,Churcham,,Tech,A rating
Ground Truth Labs Ltd,London,Yes,Tech,A rating
Group Consultations Ltd,Glasgow,,Consultancy,A rating
Grove Automation,LEICESTER,,Tech,A rating
Growatt New Energy Technology Limited,Ilford,Yes,Tech,A rating
Growth Partner & Consultancy Ltd,London,Yes,Consultancy,A rating
Growth Technologies Limited,"London,",Yes,Tech,A rating
Grunt Software Ltd,Norwich,,Tech,A rating
Guggenheim Investment Advisors (Europe) Limited,London,Yes,Consultancy,A rating
Guidance Automation,Leicester,,Tech,A rating
Guidance Technologies Limited,London,Yes,Tech,A rating
Guided Technology Ltd t/a Go2Guide,Harrogate,,Tech,A rating
Guidewire Software (UK) Limited,London,Yes,Tech,A rating
Gujjula Consulting Limited,Welwyn Garden City,,Consultancy,A rating
Guralp Systems Limited,Reading,,Tech,A rating
Gurney Consulting Engineers,Woking,,Consultancy,A rating
Guru Systems Limited,London,Yes,Tech,A rating
Gyro Technologies Ltd,Tewkesbury,,Tech,A rating
H & R Corporate Consultants Ltd,Nottingham,,Consultancy,A rating
H S Business & PR Consultant limited,Staines-Upon-Thames,,Consultancy,A rating
H&Z Management Consulting Ltd,London,Yes,Consultancy,A rating
H. AI Technology Limited,London,Yes,Tech,A rating
H.I. EXECUTIVE CONSULTING LIMITED,London,Yes,Consultancy,A rating
H.I.G. Capital International Advisors LLP,London,Yes,Consultancy,A rating
H2I consultancy ltd,Slough,,Consultancy,A rating
HAAS AUTOMATION LIMITED,NORWICH,,Tech,A rating
HAHN Automation Ltd,Tyne & Wear,,Tech,A rating
HAHNBECK BUSINESS SYSTEMS LTD,London,Yes,Tech,A rating
HALLEYIN SOFTWARE CONSULTANCY LTD,"Fitzrovia, London",Yes,Tech & Consultancy,A rating
HAMILTONS CONSULTING LTD,Redditch,,Consultancy,A rating
HAMPTON DATA SERVICES LTD,CHESSINGTON,Yes,Tech,A rating
HANOTO TECHNOLOGY LTD,Barcombe,,Tech,A rating
HAPPY EDUCATION CONSULTANCY LTD,London,Yes,Consultancy,A rating
HARID TECH LTD,WEST BROMWICH,,Tech,A rating
HASHEM CONSULTANCY LTD,London,Yes,Consultancy,A rating
HAYAN TECH LTD,Birmingham,,Tech,A rating
HBP Advisers Limited,Bath,,Consultancy,A rating
HCF International Advisers Limited,London,Yes,Consultancy,A rating
HCL Technologies UK Limited,London,Yes,Tech,A rating
HCP Advisors Limited,London,Yes,Consultancy,A rating
HDR Consulting Limited,London,Yes,Consultancy,A rating
HELMGUARD TECHNOLOGIES UK LIMITED,London,Yes,Tech,A rating
HENLEAZE CONSULTANTS LTD,Birmingham,,Consultancy,A rating
HENLEAZE TAX CONSULTANCY LIMITED,Bristol,,Consultancy,A rating
HEURISTIX DIGITAL TECHNOLOGIES (UK) LIMITED,Ilford,Yes,Tech,A rating
HEXAWARE TECHNOLOGIES UK LTD,LONDON,Yes,Tech,A rating
HEYMOBILE TECH LTD,London,Yes,Tech,A rating
HFE Consultancy Ltd,London,Yes,Consultancy,A rating
HFH CONSULTING SERVICES LTD,Derby,,Consultancy,A rating
HFS CONSULTANCY LTD,LONDON,Yes,Consultancy,A rating
HGR CONSULTANTS LIMITED,London,Yes,Consultancy,A rating
HI TECH DESIGN AND BUILD LTD,Cheshunt,,Tech,A rating
HI- Tech Finishing Limited,Wolverhampton,,Tech,A rating
HI-TECH PEST MANAGEMENT LIMITED,London,Yes,Tech,A rating
HI-TECH RESOURCING LIMITED,BRIDPORT,,Tech,A rating
HI-TECH TECHNOLOGIES LTD,Worcester,,Tech,A rating
HIGH-LEVEL CONSULTING LTD,London,Yes,Consultancy,A rating
HIGH-TECH IT LIMITED,Chessington,Yes,Tech,A rating
HII-TECH-TECHNOLOGIES LTD,Worcester,,Tech,A rating
HINDUJA TECH LIMITED (UK Branch),London,Yes,Tech,A rating
HIPPO LABS LTD,London,Yes,Tech,A rating
HIS CONSULTANTS LTD,Blackburn,,Consultancy,A rating
HIYA ADVISORY LIMITED,Reading,,Consultancy,A rating
HJS Emission Technology Limited,Swindon,,Tech,A rating
HK IT Consulting LTD,Milton Keynes,,Consultancy,A rating
HK-CARE CONSULTING LTD,Leicester,,Consultancy,A rating
HKHR CONSULTING LIMITED,Langley,,Consultancy,A rating
HKK Consultancy Services Ltd,Keighley,,Consultancy,A rating
HLD CONSULTANCY SERVICES LTD,London,Yes,Consultancy,A rating
HM Services and Consultancy LTD,London,Yes,Consultancy,A rating
HMA Advisory Ltd,Horsham,,Consultancy,A rating
HMA Consultancy Ltd,Edmonton,Yes,Consultancy,A rating
HMF Engineering and Project Management Consultants Ltd,Newcastle,,Consultancy,A rating
HNS Infotech Limited,Harrow,Yes,Tech,A rating
"HONOR TECHNOLOGIES (UK) CO., LTD",London,Yes,Tech,A rating
HOOFPRINTS TECHNOLOGIES LTD T/A CHETTINAD MESS,Stirling,,Tech,A rating
HOOK TECHNOLOGY LTD,LONDON,Yes,Tech,A rating
HOP Consulting Ltd,Hove,,Consultancy,A rating
HOPE TECH SOLUTION LIMITED,GREATER LONDON,Yes,Tech,A rating
HORIBA Test Automation Limited,Worcester,,Tech,A rating
HORIZON CONSULTANCY LTD,COVENTRY,,Consultancy,A rating
HOSPITALITY AND RETAIL SYSTEMS LTD,Mortimer,,Tech,A rating
HOTEL SYSTEMS & SOLUTIONS LIMITED,Cardiff,,Tech,A rating
HR DIGITAL CONSULTANCY LTD,London,Yes,Tech & Consultancy,A rating
HR Recruitment & consultancy Services Limited,Ilford,Yes,Consultancy,A rating
HR-People First Consultancy Ltd,London,Yes,Consultancy,A rating
HRA IT CONSULTANTS & RECRUITERS LTD,Birmingham,,Consultancy,A rating
HS Printing & Computing Ltd T/A Broadway Printers & Computers,Wallington,Yes,Tech,A rating
HSG Advisors (UK) Limited,London,Yes,Consultancy,A rating
HSP Consulting Engineers,"Eastwood,",,Consultancy,A rating
HSSMI Consulting Limited,London,Yes,Consultancy,A rating
HT Digital Ltd,London,Yes,Tech,A rating
HT Digital Services Ltd,London,Yes,Tech,A rating
HT SOFTWARE UK LTD,Chadwell Heath,,Tech,A rating
HTE Consultancy Limited,Mitcham,Yes,Consultancy,A rating
HUP TECHNOLOGY LIMITED,London,Yes,Tech,A rating
HV Engineering Consultancy Ltd,Edinburgh,,Consultancy,A rating
HWA MANAGEMENT CONSULTANCY UK LTD,SHEFFIELD,,Consultancy,A rating
HYDAC TECHNOLOGY LIMITED,Witney,,Tech,A rating
HYNT LABS LIMITED,LONDON,Yes,Tech,A rating
Haana Tech LTD,London,Yes,Tech,A rating
Haefele Software Limited,London,Yes,Tech,A rating
Haefele Software Ltd,London,Yes,Tech,A rating
Haes Technologies Ltd,West Drayton,Yes,Tech,A rating
Hai Robotics U.K. Limited,Northampton,,Tech,A rating
Hair Colour Consultants Ltd,LONDON,Yes,Consultancy,A rating
Halal Consultations 2013 Limited,Solihull,,Consultancy,A rating
Hale Engineering Consultancy Services Ltd,Islington,Yes,Consultancy,A rating
Haller Consultants Ltd,Sunbury-on-Thames,,Consultancy,A rating
Hambrand Technology Limited,"Bedford,",,Tech,A rating
Hamillroad Software Limited,Cambridge,,Tech,A rating
Hampton Tech Repair Limited,Hampton Hill,,Tech,A rating
Handel Consultancy Limited,London,Yes,Consultancy,A rating
Handle Technologies Ltd,London,Yes,Tech,A rating
Hanningfield Process Systems Limited,Rochford,,Tech,A rating
Hansen Technologies CDE Limited,London,Yes,Tech,A rating
Hansuke Consulting Limited,London,Yes,Consultancy,A rating
Happening Technology Ltd,London,Yes,Tech,A rating
Happiest Minds Technologies Pvt Ltd,Reading,,Tech,A rating
Harasoft Technologies Limited,Milton Keynes,,Tech,A rating
Hard Drive Technology Limited,Atherstone,,Tech,A rating
Harichy Consultants Ltd,Grays,,Consultancy,A rating
Haritha Consultants Limited,Sutton,Yes,Consultancy,A rating
Harlequin Software Ltd,Marlborough,,Tech,A rating
Harmonic Consulting Services UK Limited,London,Yes,Consultancy,A rating
Harri Technologies (UK) Limited,Barnet,Yes,Tech,A rating
Harris Systems Limited,Wokingham,,Tech,A rating
Harsh Software Solutions Limited,Hounslow,Yes,Tech,A rating
Harvest Digital Ltd,London,Yes,Tech,A rating
Harvey AI UK Ltd,Cheltenham,,Tech,A rating
Harvey Medical Consulting Limited,Cambridge,,Consultancy,A rating
Hatigen Consulting Services Limited,Rainham,Yes,Consultancy,A rating
Haud Systems UK Limited,London,Yes,Tech,A rating
Haulmont Technology Limited,London,Yes,Tech,A rating
Haver Analytics Limited,London,Yes,Tech,A rating
Hawthorn Advisors Limited,London,Yes,Consultancy,A rating
Hay Technology Limited,London,Yes,Tech,A rating
Haydn Evans Consulting Ltd,Ipswich,,Consultancy,A rating
Headland Consultancy Limited,London,Yes,Consultancy,A rating
Headlands Tech UK Limited,London,Yes,Tech,A rating
Health Consultants International Ltd,Oxford,,Consultancy,A rating
Health Data Insight CIC,Cambridge,,Tech,A rating
Heat Geek Technologies Ltd,London,Yes,Tech,A rating
Heating & Oven Technology Limited,Isleworth,Yes,Tech,A rating
Hedgehog Lab Limited,Newcastle Upon Tyne,,Tech,A rating
Heim Advisory UK Limited,London,Yes,Consultancy,A rating
Helios Technology,Farnborough,,Tech,A rating
Helix Property Advisors Ltd,London,Yes,Consultancy,A rating
Helix Technologies Limited,Abingdon,,Tech,A rating
Helpful Technology Limited,London,Yes,Tech,A rating
Henderson Park HP Advisors Limited,London,Yes,Consultancy,A rating
Henigan Consulting Group Limited,London,Yes,Consultancy,A rating
Heramba Tech UK Ltd,Uxbridge,Yes,Tech,A rating
Heritage Advisors Limited,London,Yes,Consultancy,A rating
Hermes Logistics Technologies Ltd,Bracknell,,Tech,A rating
Heroes Technology Ltd,London,Yes,Tech,A rating
Herrington Consulting Ltd,Canterbury,,Consultancy,A rating
Hertswel digital ltd,Hertford,,Tech,A rating
Hesha Consultancy Ltd,London,Yes,Consultancy,A rating
Het Technologies Ltd.,Harrow,Yes,Tech,A rating
Hewson Consulting Engineers Limited,Guildford,,Consultancy,A rating
Hexa Consultancy Services Ltd,Harrow,Yes,Consultancy,A rating
Hexa Consulting Ltd,Nottingham,,Consultancy,A rating
Hexagon Consultants Limited,Leeds,,Consultancy,A rating
Hgk Tech Ltd,London,Yes,Tech,A rating
Hi Tech Solutions and Consulting Ltd,Suffolk,,Tech & Consultancy,A rating
Hi Tech Wardrobe Limited,Hayes,Yes,Tech,A rating
Hi-Tech iSolutions Limited,Cambridge,,Tech,A rating
HiETA Technologies Limited,Bristol,,Tech,A rating
Hicom Technology Limited,"Brookwood, woking",,Tech,A rating
Hiden Japanese Curry Lab,London,Yes,Tech,A rating
High Digital Limited,London,Yes,Tech,A rating
High Tech Expert Ltd,Clacton-On-Sea,,Tech,A rating
High Temperature Material Systems (HTMS),Malmesbury,,Tech,A rating
High-Tech MOT'S LTD,Stoke-On-Trent,,Tech,A rating
High-Tech Membrane Roofing Ltd,Benfleet,,Tech,A rating
Higher Concept Software Limited,Reading,,Tech,A rating
Higher Oak Consulting Limited,London,Yes,Consultancy,A rating
Highgate Advisory Ltd,London,Yes,Consultancy,A rating
Highlander Computing Solutions Ltd,Sheffield,,Tech,A rating
Highstead Consulting Limited T/A Highstead Partners Limited,London,Yes,Consultancy,A rating
Hightest Technology Limited,Hampton,,Tech,A rating
Hillside (Technology) Limited,Stoke-On-Trent,,Tech,A rating
Himanyu Technologies Limited,Hemel Hempstead,,Tech,A rating
Hippo Digital Limited,Leeds,,Tech,A rating
Hirehop Software Limited,London,Yes,Tech,A rating
Hitachi Digital Services UK Limited,London,Yes,Tech,A rating
Hitachi High-Tech Analytical Science Ltd,Abingdon,,Tech,A rating
Hitachi High-Tech Europe GmbH,Warrington,,Tech,A rating
Hitachi Information Control Systems Europe Ltd.,Bradford on Avon,,Tech,A rating
HitecVision Advisory UK Limited,London,Yes,Consultancy,A rating
Hivebyte Technology Ltd,Manchester,,Tech,A rating
Hodimo Info Tech Ltd,London,Yes,Tech,A rating
Hodkinson Consultancy,Rickmansworth,,Consultancy,A rating
Hohner Automation Limited,Wrexham,,Tech,A rating
Hoist Global Tech Solutions UK & Europe Ltd,Staines,,Tech,A rating
Holistic AI,London,Yes,Tech,A rating
Holloway Control Systems Ltd,Telford,,Tech,A rating
Hollway Advisory Services UK Ltd,Borehamwood,,Consultancy,A rating
Holly Rise Consultants Limited,Feltham,Yes,Consultancy,A rating
Hollyinfinity Consulting Ltd,London,Yes,Consultancy,A rating
Homelink Technologies,Bristol,,Tech,A rating
Hometrack Data Systems Limited,London,Yes,Tech,A rating
Homey Technology Ltd,London,Yes,Tech,A rating
Honey Consultancy Ltd,Amersham,,Consultancy,A rating
Hoonar Tekwurks Consulting Limited,London,Yes,Consultancy,A rating
Hoopla Digital Ltd,London,Yes,Tech,A rating
Horizon Business Consultants Ltd,Ilford,Yes,Consultancy,A rating
Horn Advisory Services Limited,Barnet,Yes,Consultancy,A rating
Horstman Defence Systems Limited,Bath,,Tech,A rating
Hosana Technologies Limited,Rugby,,Tech,A rating
Hospitality Software Solutions Limited,Bedford,,Tech,A rating
Hot Pot Digital Limited,London,Yes,Tech,A rating
Hotel Technology Management (htm) ltd,Milton Keynes,,Tech,A rating
House of Computers Ltd,London,Yes,Tech,A rating
House-on-the-Hill Software Ltd,Stockport,,Tech,A rating
Howell Marine Consulting Limited,Morpeth,,Consultancy,A rating
Hu-Tech Experts Ltd,Swansea,,Tech,A rating
"Huawei Technologies (UK) Co., Ltd",Reading,,Tech,A rating
Huawei Technologies Research & Development (UK) Limited,Cambridge,,Tech,A rating
Hub Platform Technology Partners Ltd,London,Yes,Tech,A rating
Huble Digital Limited,London,Yes,Tech,A rating
Huboo Tech LTD.,Bristol,,Tech,A rating
Hudson Advisors UK Ltd.,London,Yes,Consultancy,A rating
Hugo Technologies Limited,Bromley,Yes,Tech,A rating
Hulley & Kirkwood Consulting Engineers Ltd,Glasgow,,Consultancy,A rating
Humaans Software UK Limited,London,Yes,Tech,A rating
Human Digital Twin Limited,London,Yes,Tech,A rating
Humble AI Limited,London,Yes,Tech,A rating
Hummingle Technology And Media Private Limited,Stoke-on-trent,,Tech,A rating
Huron Consulting Services UK Ltd,London,Yes,Consultancy,A rating
Hurst Media Labs,London,Yes,Tech,A rating
Hush Project Management & Consulting Limited,London,Yes,Consultancy,A rating
Hutchison Technologies Limited,Dundee,,Tech,A rating
Hutton Consulting Services Limited,London,Yes,Consultancy,A rating
Hyble Technology Ltd,Edinburgh,,Tech,A rating
Hydro Building Systems UK Limited,Tewkesbury,,Tech,A rating
Hydropath Technology Ltd,Nottingham,,Tech,A rating
Hylink (UK) Digital Solution Limited,London,Yes,Tech,A rating
Hyper Apps Ltd,London,Yes,Tech,A rating
Hyperbaric Consult Limited,Bollington,,Consultancy,A rating
Hyperion Systems Limited,Guildford,,Tech,A rating
Hyran Technologies Ltd,Cambridge,,Tech,A rating
I -Exceed Technology Solutions Limited,Halesowen,,Tech,A rating
I D P ENGINEERING CONSULTANCY UK LTD,Birmingham,,Consultancy,A rating
I Solution Technology Ltd,London,Yes,Tech,A rating
I Squared Capital Advisors (UK) LLP,London,Yes,Consultancy,A rating
I Tech Accessories LTD,Bishop Stortford,,Tech,A rating
I-Net Software Solutions,Hounslow,Yes,Tech,A rating
I-Systems Ltd,Quedgeley,,Tech,A rating
I-TECH BUSINESS GROUP UK LTD,London,Yes,Tech,A rating
I.D.T.-Systems Ltd,FARNHAM,,Tech,A rating
IA COMPUTERS & SERVICES LIMITED,Dagenham,Yes,Tech,A rating
IA CONSULTANT SERVICES LTD,Barking,Yes,Consultancy,A rating
IA Consultancy Services Ltd,Slough,,Consultancy,A rating
IAM TECH LIMITED,ESSEX,,Tech,A rating
IAM Technology Group Limited,Huddersfield,,Tech,A rating
IAP (UK) SUB LIMITED T/A Insurance Advisory Partners,London,Yes,Consultancy,A rating
IBASE SOFTWARE SOLUTIONS PVT LIMITED,Cheshire,,Tech,A rating
IBCOS COMPUTERS LTD,Poole,,Tech,A rating
IBIS Integrated Bindery Systems Ltd,High Wycombe,,Tech,A rating
IBRAHIM & RAYAN TECHNOLOGIES LTD,Didcot,,Tech,A rating
IBRAHIM CONSULTANTS LIMITED,BOLTON,,Consultancy,A rating
IBS Software Europe Ltd,Bracknell,,Tech,A rating
IBU Consulting Ltd,Harrow,Yes,Consultancy,A rating
IC Impact Consulting Ltd,London,Yes,Consultancy,A rating
ICAREER CONSULTANCY UK LTD,London,Yes,Consultancy,A rating
ICE Data Services Europe Limited,London,Yes,Tech,A rating
ICF Consulting Services Limited,London,Yes,Consultancy,A rating
ICONNECT GP SERVICES LIMITED TA Bags and More   Tech Solution,Bedworth,,Tech,A rating
ICS Consulting Limited,Leeds,,Consultancy,A rating
ICS.AI Limited,Basingstoke,,Tech,A rating
ICTS Europe Systems Limited,London,Yes,Tech,A rating
ID Cyber Solutions Ltd,Glasgow,,Tech,A rating
IDC Technologies (UK) Limited,Middlesex,,Tech,A rating
IDEABEAN SOFTWARE TECHNOLOGY LTD,keighley,,Tech,A rating
IDEAL COMPUTING.CO.UK LIMITED,EDINBURGH,,Tech,A rating
IDEAL SOLUTIONS MEDIA AND TECHNOLOGY LTD,Leicester,,Tech,A rating
IDEAL TECH LONDON LIMITED,Ilford,Yes,Tech,A rating
IDEAS LAB LTD,Warwick,,Tech,A rating
IDIADA Automotive Technology UK Ltd,Nuneaton,,Tech,A rating
IDRAK AI LTD,London,Yes,Tech,A rating
IDS TECHNOLOGY LIMITED,London,Yes,Tech,A rating
IDX Technology Europe Ltd,Slough,,Tech,A rating
IEXPAND CONSULTANCY SERVICES LIMITED,Twickenham,Yes,Consultancy,A rating
IFIX COMPUTING LTD,Letchworth Garden City,,Tech,A rating
IFUTURE CONSULTANT LTD,Oxford,,Consultancy,A rating
IG4 Capital Advisors LLP,London,Yes,Consultancy,A rating
IGNITE TECHNOLOGIES INTERNATIONAL LIMITED,London,Yes,Tech,A rating
IIT Software Limited,London,Yes,Tech,A rating
IKIGAI DIGITAL LIMITED,Malmesbury,,Tech,A rating
IKNOW TECHNOLOGY UK LTD,London,Yes,Tech,A rating
IKOS Consulting UK Limited,Derby,,Consultancy,A rating
ILPRA SYSTEMS UK LTD,Swindon,,Tech,A rating
IM Automation Systems Limited,Basildon,,Tech,A rating
IMAAN CONSULTANTS LTD,Harrow,Yes,Consultancy,A rating
IMC Systems Ltd,Chesham,,Tech,A rating
IMD Technologies Ltd,London,Yes,Tech,A rating
IMI BODY TECH SPECIALIST LIMITED,Bolton,,Tech,A rating
IMMERSIVE CLOUD SOLUTIONS GROUP LIMITED,Windsor,,Tech,A rating
IMMO Investment Technologies UK Ltd,London,Yes,Tech,A rating
IMPACT CONTROL SYSTEMS LTD,LIVERPOOL,,Tech,A rating
IMPERIAL CONSULTANCY SERVICES PVT. LTD,Northamptonshire,,Consultancy,A rating
IMPERIAL WORLD TECHNOLOGIES LTD T/A PHOTOPLACE,PINNER,Yes,Tech,A rating
IMPERIUM LABS LTD T/A Imperium Acquisition,Leyland,,Tech,A rating
IMPRESSION DIGITAL LIMITED,NOTTINGHAM,,Tech,A rating
INCTURE TECHNOLOGY LIMITED,Harrow,Yes,Tech,A rating
INDECS Consulting Limited,London,Yes,Consultancy,A rating
INDRA RENEWABLE TECHNOLOGIES LIMITED,Worcestershire,,Tech,A rating
INDUK CONSULTANTS LIMITED,Southall,Yes,Consultancy,A rating
INDUSTRIAL IT SYSTEMS LTD,Brighton,,Tech,A rating
INFINITE COMPUTER SOLUTIONS LIMITED,London,Yes,Tech,A rating
INFINITE SOFTWARE SOLUTIONS LTD,Preston,,Tech,A rating
INFOCUS CONSULTANTS LIMITED,ILFORD,Yes,Consultancy,A rating
INFORMATION TECH CONSULTANTS LTD,London,Yes,Tech & Consultancy,A rating
INFOSEC CYBER SECURITY LTD,LONDON,Yes,Tech,A rating
INFOTECH SYSTEM SOLUTIONS LIMITED,Northolt,Yes,Tech,A rating
INFOTECH WEB TECHNOLOGIES LIMITED,Tyne & Wear,,Tech,A rating
INFOWEB CONSULTING LTD,Staines,,Consultancy,A rating
INICIO TECH Limited,Birmingham,,Tech,A rating
INNOTECH DIGITAL & DISPLAY LTD,"Bardon,",,Tech,A rating
INNOVA TECHNOLOGY SOLUTIONS UK LIMITED,London,Yes,Tech,A rating
INNOVATION CONSULTING AND SOLUTIONS LTD,Birmingham,,Consultancy,A rating
INNOVATION IT CONSULTING LIMITED,London,Yes,Consultancy,A rating
INNOVATIVE TECHNOLOGY LTD,OLDHAM,,Tech,A rating
INNOVISION GLOBAL CONSULTING LTD,Chelmsford,,Consultancy,A rating
INSPIRATION TECH LTD,London,Yes,Tech,A rating
INTEGRA SOFTWARE SERVICES PRIVATE LTD,Berkshire,,Tech,A rating
INTEGRA TECH SOLUTIONS LTD,Bristol,,Tech,A rating
INTERIM ENTERPRISES MANAGEMENT & CONSULTANCY SERVICES LIMITED,NOTTINGHAM,,Consultancy,A rating
INTURI CONSULTING LTD,Hounslow,Yes,Consultancy,A rating
INVEON DIGITAL COMMERCE SOLUTIONS LTD,Buckinghamshire,,Tech,A rating
INVISIBLE SYSTEMS LTD,Manchester,,Tech,A rating
INVO PROJECT CONSULTANT UK LTD,COVENTRY,,Consultancy,A rating
IO Consulting (Energy) UK LLP,London,Yes,Consultancy,A rating
IOKODA TECHNOLOGIES LTD,London,Yes,Tech,A rating
IOPEX TECHNOLOGIES LTD,LONDON,Yes,Tech,A rating
IOT Innovation Lab Ltd,Leyton,Yes,Tech,A rating
IOTech Systems Limited,Newcastle Upon Tyne,,Tech,A rating
IPC Information Systems,London,Yes,Tech,A rating
IPCO UK Process Systems Limited,Kingswinford,,Tech,A rating
IPEARL TECH SOLUTIONS LTD,Abergavenny,,Tech,A rating
IPP Analytics Limited,Basildon,,Tech,A rating
IQ Data Group Limited trading as DataIQ,London,Yes,Tech,A rating
IQEQ DIGITAL LTD,Birmingham,,Tech,A rating
IQUANTA INTERNATIONAL FINANCIAL CONSULTANCY LIMITED,London,Yes,Consultancy,A rating
IR IT Consultancy Services Limited,Slough,,Consultancy,A rating
IRG ADVISORS LLP,LONDON,Yes,Consultancy,A rating
IRIS Advisors Limited,London,Yes,Consultancy,A rating
IRIS Audio Technologies Limited,London,Yes,Tech,A rating
ISB TECH SOLUTIONS LIMITED,HARROW,Yes,Tech,A rating
ISLAND AUDIT AND CONSULTING SERVICES LIMITED,London,Yes,Consultancy,A rating
ISMART APPS LIMITED,Glasgow,,Tech,A rating
ISN Software UK Ltd,London,Yes,Tech,A rating
ISS Consultancy Ltd,BIRMINGHAM,,Consultancy,A rating
ISTENI CONSTRUCTIONS & CONSULTANTS LTD,Bristol,,Consultancy,A rating
ISUPERIOR CONSULTING LTD T/A Mooboo Bubble Tea,BRISTOL,,Consultancy,A rating
IT Global Consulting Limited,Slough,,Consultancy,A rating
IT Retail Systems Ltd,Huddersfield,,Tech,A rating
IT Software Consultancy Services Limited.,Reading,,Tech & Consultancy,A rating
IT Support Consultancy Ltd,Portsmouth,,Consultancy,A rating
IT TECHNOLOGY SOLUTION LTD,Leicester,,Tech,A rating
IT TRANSMUTER CLOUD FORCE LIMITED,Bexleyheath,,Tech,A rating
ITC Infotech Limited,London,Yes,Tech,A rating
ITEC Systems LTD,Pembury,,Tech,A rating
ITS Digital Ltd,Hertford,,Tech,A rating
ITvantage Systems Limited,Essex,,Tech,A rating
IVY TECH LTD,Derby,,Tech,A rating
IXICO Technologies Ltd.,London,Yes,Tech,A rating
IZDIAR CONSULTANCY LIMITED,London,Yes,Consultancy,A rating
IceMOS Technology,Belfast,,Tech,A rating
Iceni Labs Limited,London,Yes,Tech,A rating
Iceotope Technologies Limited,Catcliffe,,Tech,A rating
Iconic Consulting Limited,London,Yes,Consultancy,A rating
Icore Digital Ltd,Silsoe,,Tech,A rating
Ideal Property Consultant,London,Yes,Consultancy,A rating
Idox Software Ltd.,Woking,,Tech,A rating
Ieso Digital Health Limited,Cambridge,,Tech,A rating
Ignitho Technologies UK Ltd,Falmer,,Tech,A rating
Ignitus Labs Ltd.,London,Yes,Tech,A rating
Ignota Labs Limited,Cambridge,,Tech,A rating
Ikarus Capital Advisory,Richmond,,Consultancy,A rating
Ikigai Data Ltd,London,Yes,Tech,A rating
Ikonic Technology Ltd,Heywood,,Tech,A rating
Ilika Technologies Ltd,Romsey,,Tech,A rating
Illuminate Digital Limited,London,Yes,Tech,A rating
Illuminate Tech Ltd,London,Yes,Tech,A rating
Illumination Consulting Limited,Ilford,Yes,Consultancy,A rating
Illustrate Digital LTD,Cardiff,,Tech,A rating
Image Data Systems (UK) Ltd,London,Yes,Tech,A rating
Image Sign Systems LTD,Weston-Super-Mare,,Tech,A rating
Imagination Technologies Limited,Kings Langley,,Tech,A rating
"Imagine Software (UK), Ltd.",London,Yes,Tech,A rating
Imbil Consultancy Services Limited,London,Yes,Consultancy,A rating
Immersive Labs Holdings,Bristol,,Tech,A rating
Immigration Advice Consultants Ltd,London,Yes,Consultancy,A rating
Immortal Tech Ltd,Huntingdon,,Tech,A rating
Immunodiagnostic Systems Holdings Limited,Boldon,,Tech,A rating
Impact Cubed Data Analytics Limited,London,Yes,Tech,A rating
Impact Data Metrics Ltd,Liverpool,,Tech,A rating
Impact and Growth Advisors Ltd,London,Yes,Consultancy,A rating
Imperf Consulting limited,Chatham,,Consultancy,A rating
Imperial Advisory LTD,London,Yes,Consultancy,A rating
Imperial Developments and Consultancy Ltd,London,Yes,Consultancy,A rating
Imperium Consultancy Global LTD,London,Yes,Consultancy,A rating
Imply Data UK Limited,London,Yes,Tech,A rating
Improvability AI,London,Yes,Tech,A rating
In App Video Services UK LTD,Stratford upon Avon,,Tech,A rating
In Digital Ltd,London,Yes,Tech,A rating
In Digital Marketing Limited,London,Yes,Tech,A rating
In-Form Consult Ltd,Leeds,,Consultancy,A rating
In-tech Group Ltd,Warwick,,Tech,A rating
InBusiness Advisory (UK) Ltd,London,Yes,Consultancy,A rating
InControl Systems Limited,Chesterfield,,Tech,A rating
InHaus.ai Limited,London,Yes,Tech,A rating
InSync Technology Ltd,Petersfield,,Tech,A rating
InTandem Systems Ltd,Southampton,,Tech,A rating
InVision Software Limited,Leicester,,Tech,A rating
Inardua Consulting,Stroud,,Consultancy,A rating
Inbound Fintech Limited,London,Yes,Tech,A rating
Incode Technology UK Limited,Nottingham,,Tech,A rating
Incredible Technologies Limited,London,Yes,Tech,A rating
Independent Control Systems Limited t/a Iconsys,Telford,,Tech,A rating
Independent Digital News and Media Limited,London,Yes,Tech,A rating
Independent Technology Systems Limited,Bristol,,Tech,A rating
India Business Consultancy Ltd (TA) India Business Group,Southampton,,Consultancy,A rating
Indices AI Limited,Washington,,Tech,A rating
Indigo Consulting  London Limited,London,Yes,Consultancy,A rating
Indigo Platform Limited,Newport,,Tech,A rating
Indigo Software Ltd,Durham City,,Tech,A rating
Indigo Telecom Group Limited,Magor,,Tech,A rating
Indus Consultant Ltd,London,Yes,Consultancy,A rating
Indus Valley Partners Tech Solutions UK Ltd,London,Yes,Tech,A rating
"Industrial & Financial Systems, IFS UK Ltd",Staines-upon-Thames,,Tech,A rating
Industrial Design Consultancy Ltd,Datchet,,Consultancy,A rating
Industrial Technology Systems,Middlesbrough,,Tech,A rating
Industrial Tomography Systems plc,Manchester,,Tech,A rating
Inetum Digital Services UK Limited,London,Yes,Tech,A rating
Infineon Technologies UK Limited,Bristol,,Tech,A rating
Infinity Labs IT Services Limited,Birmingham,,Tech,A rating
Infinity Nexus Tech Ltd,Sunbury-On-Thames,,Tech,A rating
Infinity Technology Solutions,Tunbridge Wells,,Tech,A rating
Influence Digital Limited,London,Yes,Tech,A rating
Influential Software Services Ltd,Maidstone,,Tech,A rating
Info-Tech Research Group Ltd,London,Yes,Tech,A rating
Infoplus Technologies UK Limited,London,Yes,Tech,A rating
Infopro Digital Services Ltd,London,Yes,Tech,A rating
Informatica Software Ltd,Maidenhead,,Tech,A rating
Information Services Consulting Limited,Eastleigh,,Consultancy,A rating
Information Technologies Limited,Hitchin,,Tech,A rating
Inforom Consultancy Services 2 Ltd,London,Yes,Consultancy,A rating
Infosight Consulting Group Ltd,Brentford,Yes,Consultancy,A rating
Infosys Tech Solutions Ltd,B radford,,Tech,A rating
Infotel UK Consulting Ltd,Newcastle upon Tyne,,Consultancy,A rating
Infotree Consulting Limited,High Wycombe,,Consultancy,A rating
Infracon Consultancy Limited,London,Yes,Consultancy,A rating
Inframind Labs Ltd,Cambridge,,Tech,A rating
Infrasoft Technologies Limited,London,Yes,Tech,A rating
Infuse Consulting Limited,Leicester,,Consultancy,A rating
Infy Consulting Company Limited,London,Yes,Consultancy,A rating
Ingenuity Digital Limited,Leeds,,Tech,A rating
Initiate Consultancy Limited,Alderton,,Consultancy,A rating
Ink Digital Ltd,Brentwood,,Tech,A rating
Inland and Coastal Marina Systems UK,Newry,,Tech,A rating
Innate Telecoms Ltd,Basingstoke,,Tech,A rating
Innatus Digital,Taunton,,Tech,A rating
Inner Circle Consulting Limited,London,Yes,Consultancy,A rating
InnoWave-Tech Limited,Newbury,,Tech,A rating
Innovation Technology and Business Solutions Limited,London,Yes,Tech,A rating
Innovations Consulting Ltd,Bedford,,Consultancy,A rating
Innovative Risk Labs Limited,London,Yes,Tech,A rating
Innovative Safety Systems Limited,Pershore,,Tech,A rating
Innovative Systems Incorporated,London,Yes,Tech,A rating
Innovatus Telecom Services Limited,Wellesbourne,,Tech,A rating
Innovent Technology Limited,Roslin,,Tech,A rating
Innovia Technology Ltd,Cambridge,,Tech,A rating
Innovis Consulting Limited,London,Yes,Consultancy,A rating
Inovex Systems Limited,Kettering,,Tech,A rating
Ins Tech Engineering Solution Ltd,Slough,,Tech,A rating
Insider Technologies Limited,Greater Manchester,,Tech,A rating
Insiders Ventures Advisors Limited,London,Yes,Consultancy,A rating
Insight Advisory Partners Ltd,Brentford,Yes,Consultancy,A rating
Insight Analytics Solutions Limited,Nottingham,,Tech,A rating
Insight Data Analytics Limited,Hatfield,,Tech,A rating
Insight Philanthropy and Brand Consulting Ltd,London,Yes,Consultancy,A rating
Insight Technology Ltd,Lonon,,Tech,A rating
Insightful Technology Limited,London,Yes,Tech,A rating
Insignia Medical Systems Limited,Basingstroke,,Tech,A rating
Inspira Digital Ltd.,Barnstaple,,Tech,A rating
InspireXT Consulting Ltd,London,Yes,Consultancy,A rating
Inspired Educational Consulting Limited,Cambridge,,Consultancy,A rating
Instant Access Technologies,Wokingham,,Tech,A rating
Instill AI Ltd,London,Yes,Tech,A rating
Insurance Data Solutions,Chelmsford,,Tech,A rating
Intact Software (UK) Limited,Hemel Hempstead,,Tech,A rating
Intangles Lab UK Private Ltd,Bicester,,Tech,A rating
Integra Consultants Ltd,London,Yes,Consultancy,A rating
Integrate Pro Tech Ltd,Liverpool,,Tech,A rating
Integrated Digital Solutions Limited,Buckinghamshire,,Tech,A rating
Integrated Fire Safety Systems Ltd,London,Yes,Tech,A rating
Integrated Solutions Consultancy Limited,London,Yes,Consultancy,A rating
Integrated System Technologies Limited,Lichfield,,Tech,A rating
Integrated Technologies Limited,Ashford,,Tech,A rating
Integrated Technology Corporation Ltd,London,Yes,Tech,A rating
Integration Consultancy Ltd,London,Yes,Consultancy,A rating
Integration Management Consulting Limited,London,Yes,Consultancy,A rating
Intelance Digital Enablement Services Ltd,Hayes,Yes,Tech,A rating
Intelliam AI Plc,Sheffield,,Tech,A rating
Intelligent Data Technologies Limited,Weybridge,,Tech,A rating
Intelligent Maintenance Systems Limited,Milton Keynes,,Tech,A rating
Intellium AI,BRISTOL,,Tech,A rating
Intelys Technology Limited,Windlesham,,Tech,A rating
Intense Technologies UK Limited,Reading,,Tech,A rating
Interactive Software Ltd,Solihull,,Tech,A rating
Interactive Systems Ktd,Manchester,,Tech,A rating
Interactive Technology Corporation Ltd,Manchester,,Tech,A rating
Intercom Software UK Limited,London,Yes,Tech,A rating
Intergence Systems Ltd,Cambridge,,Tech,A rating
Interlink Software Services Limited,Wilmslow,,Tech,A rating
Intermedia Technologies Company Ltd,Bristol,,Tech,A rating
International Fire Consultants Ltd.,Princes Risborough,,Consultancy,A rating
International Food Technologies Ltd,London,Yes,Tech,A rating
International Pheromone Systems (IPS) Ltd,Neston,,Tech,A rating
International Wildlife Consultants (UK) Ltd,Carmarthen,,Consultancy,A rating
Internet Consultants and Associates Ltd,Southampton,,Consultancy,A rating
Interogo Global Private Equity Advisors Ltd,London,Yes,Consultancy,A rating
Interrupt Labs Ltd,Basingstoke,,Tech,A rating
Intersoft Systems & Programming Ltd,Egham,,Tech,A rating
Intrade Consultant UK Limited,London,Yes,Consultancy,A rating
Intrepid Control Systems Ltd,Nuneaton,,Tech,A rating
Intrinsic Semiconductor Technologies Limited,Brill,,Tech,A rating
Intrix systems Limited,Rickmansworth,,Tech,A rating
Introba Consulting Limited,London,Yes,Consultancy,A rating
Intropy AI Ltd,London,Yes,Tech,A rating
Introworld Technology Limited,London,Yes,Tech,A rating
Intruder Systems Ltd,London,Yes,Tech,A rating
Intumescent Systems Limited,Dover,,Tech,A rating
Inventive Technologies Limited,Basingstoke,,Tech,A rating
Inventors Tech Ltd,Birmingham,,Tech,A rating
Investement Software Limited,London,Yes,Tech,A rating
Investindustrial Advisors Limited,London,Yes,Consultancy,A rating
Investis Digital Limited,London,Yes,Tech,A rating
Invincible Software Holdings Ltd,Abingdon,,Tech,A rating
Invoka Consulting,london,Yes,Consultancy,A rating
Ion Technologies Ltd,Belfast,,Tech,A rating
Ionic Systems Ltd,SWINDON,,Tech,A rating
Ionic Technologies International Limited,Belfast,,Tech,A rating
Island Technology (UK) Limited,Reading,,Tech,A rating
Isometrix Software UK Ltd,London,Yes,Tech,A rating
Isomorphic Labs Limited,London,Yes,Tech,A rating
Isquare Tech Solutions Ltd,Morden,Yes,Tech,A rating
Italo Pizza Lab Limited,Royal Tunbridge Wells,,Tech,A rating
Itineris Software UK Ltd,Kingston upon Thames,Yes,Tech,A rating
Ivy Farm Technologies,Oxford,,Tech,A rating
Ivy Marketing and Consulting Ltd T/A East India Cafe,Gloucestershire,,Consultancy,A rating
Iyris Technology Ltd,Port Talbot,,Tech,A rating
J & A IT Consultancy Limited,London,Yes,Consultancy,A rating
J & J Insurance & Financial Consultants Limited,London,Yes,Consultancy,A rating
J & S BUSINESS CONSULTANT LIMITED,London,Yes,Consultancy,A rating
J P L FLAVOUR TECHNOLOGIES LIMITED,Neston,,Tech,A rating
J P Mann Consulting Limited,London,Yes,Consultancy,A rating
J'S Business Consulting Ltd,London,Yes,Consultancy,A rating
J.E.B. Technologies Limited,Suffolk,,Tech,A rating
J2 Design Marketing Digital Ltd,Bushey,,Tech,A rating
J2 Software Limited,Williton,,Tech,A rating
J2D Consulting Ltd,London,Yes,Consultancy,A rating
JAAM AUTOMATION LTD,London,Yes,Tech,A rating
JAFFERSONS ENERGY CONSULTANTS LTD,Watford,,Consultancy,A rating
JAI TECHNOLOGIES LTD,READING,,Tech,A rating
JAL RANG DIGITAL PRINTING LTD,LONDON,Yes,Tech,A rating
JALKEN CONSULTING LIMITED,LEIGH-ON-SEA,,Consultancy,A rating
JAZ TECHNOLOGIES LTD,Leeds,,Tech,A rating
JBC Control Systems Limited,Manchester,,Tech,A rating
JBS Applied A.I & Robotics Research Ltd,London,Yes,Tech,A rating
JBS NEXUS TECH LTD,Crewe,,Tech,A rating
JCD CONSULTANCY LIMITED,London,Yes,Consultancy,A rating
JCP Consulting Engineers Ltd,Newcastle upon Tyne,,Consultancy,A rating
JDL TECHNOLOGIES LIMITED,Stoke-On-Trent,,Tech,A rating
JDR Cable Systems Ltd,Littleport,,Tech,A rating
JDW Consulting Ltd,Blackburn,,Consultancy,A rating
JEM SYSTEMS LIMITED,Poole,,Tech,A rating
JERBOA CONSULTANTS LIMITED,LONDON,Yes,Consultancy,A rating
JETENSE CONSULTANTS LIMITED,BRENTWOOD,,Consultancy,A rating
JEWEL TECH LIMITED,London,Yes,Tech,A rating
JFC Tech Services Limited,LONDON,Yes,Tech,A rating
JFDI Consulting Ltd,Brighton,,Consultancy,A rating
JFZ CONSULTANCY LTD,MANCHESTER,,Consultancy,A rating
JJ Consulting Ltd,London,Yes,Consultancy,A rating
JJP CONSULTANCY SERVICES LTD,London,Yes,Consultancy,A rating
JK Digital Consulting Limited,London,Yes,Tech & Consultancy,A rating
JK Tech UK LTD,London,Yes,Tech,A rating
JKA INFOTECH LIMITED,Leeds,,Tech,A rating
JL IT Consulting Limited,Slough,,Consultancy,A rating
JLVO French Real Estate Consulting Limited,Hove,,Consultancy,A rating
JM CONSULTING LIMITED,Barking,Yes,Consultancy,A rating
JMG Systems,Omagh,,Tech,A rating
JMP Consulting Engineers ltd,Welwyn Garden City,,Consultancy,A rating
JMS INFOTECH LIMITED,Milton Keynes,,Tech,A rating
JNC UK Consulting Limited,Reading,,Consultancy,A rating
JNP Group Consulting Engineers Ltd,Amersham,,Consultancy,A rating
JOB PROTOCOL LABS LTD,London,Yes,Tech,A rating
JOHNSON AMOO CONSULTANCY LIMITED,DERBY,,Consultancy,A rating
JOURNEY DIGITAL EMEA LIMITED,London,Yes,Tech,A rating
JPL Telecom Limited,"Todber, Sturminster Newton",,Tech,A rating
JPS PLATFORMS LTD,ESSEX,,Tech,A rating
JRS Consultants (Pvt) Ltd,Uxbridge,Yes,Consultancy,A rating
JS Accounting Consultant Limited,FAREHAM,,Consultancy,A rating
JS COMPUTERS NORTH EAST LIMITED,Durham,,Tech,A rating
JS CONSULT LIMITED,London,Yes,Consultancy,A rating
JSK Consulting services ltd,London,Yes,Consultancy,A rating
JT CONSULTANCY & ENGINEERING LTD,Leicester,,Consultancy,A rating
JTE Consultants Ltd,West Sussex,,Consultancy,A rating
JULIAND DIGITAL LTD,Manchester,,Tech,A rating
JUM-BO CONSULTING GROUP UK LTD,Aberdeen,,Consultancy,A rating
JUNIOR AI LIMITED,London,Yes,Tech,A rating
JUST IN TIME CONSULTING LTD,London,Yes,Consultancy,A rating
JUST IT CONSULTANT LTD,Nottingham,,Consultancy,A rating
JUUL Labs UK Ltd,London,Yes,Tech,A rating
JV Tec Software Solutions Limited,Ilford,Yes,Tech,A rating
Jade Software Corporation UK Ltd,Harrogate,,Tech,A rating
Jago Consultants Ltd,Lancing,,Consultancy,A rating
Jags Consultancy Ltd,London,Yes,Consultancy,A rating
Jai Tech Ltd,Grays,,Tech,A rating
Jaltek Systems Ltd,LUTON,,Tech,A rating
James Curtis Consulting Ltd,London,Yes,Consultancy,A rating
James-Lee Consultancy Ltd,London,Yes,Consultancy,A rating
Jamworks Platform Limited,Farnham,,Tech,A rating
Jas Live Digital Limited,Coventry,,Tech,A rating
Jc Data Solutions Limited,READING,,Tech,A rating
Jean Edwards Consulting,BRIGHTON,,Consultancy,A rating
Jeen AI Technologies UK Ltd,London,Yes,Tech,A rating
Jenesys HQ LTD t/a Jenesys AI,London,Yes,Tech,A rating
Jenga Advisors LLP,London,Yes,Consultancy,A rating
Jerboa Consulting Ltd,London,Yes,Consultancy,A rating
Jersey Telecom (UK) Limited,Fareham,,Tech,A rating
Jetchem Systems Ltd,Bury,,Tech,A rating
Jigsaw Tech LTD,London,Yes,Tech,A rating
Jiva.ai Limited,Cardiff,,Tech,A rating
Joan Technologies Ltd,Milton Keynes,,Tech,A rating
Joel Gustafsson Consulting Limited,Cambridge,,Consultancy,A rating
John Bean Technologies Limited,Livingston,,Tech,A rating
Johnson Matthey Davy Technologies Limited,London,Yes,Tech,A rating
Jonas Computing (UK) Limited,Wallingford,,Tech,A rating
Jonas Metals Software Limited,Wallingford,,Tech,A rating
Joy-Tech Consultancy Ltd,London,Yes,Tech & Consultancy,A rating
Jubb Consulting Engineers Limited,Plymouth,,Consultancy,A rating
Judicium Consulting Limited,London,Yes,Consultancy,A rating
Juneja Telecom Limited,Horsham,,Tech,A rating
Juniper Tech Limited,Coventry,,Tech,A rating
Jusan Technologies Ltd,London,Yes,Tech,A rating
Just Digital Ltd,HUNTINGDON,,Tech,A rating
Just Technology Group Ltd,Bury,,Tech,A rating
K T I SYSTEMS LIMITED,Ilford,Yes,Tech,A rating
K&G Recruitment Consultancy Limited,London,Yes,Consultancy,A rating
K-Tech IT Services Ltd,Leicester,,Tech,A rating
K.Labs Group Limited,London,Yes,Tech,A rating
K1ng Consulting Ltd,London,Yes,Consultancy,A rating
K2 Automation Ltd,Stafford,,Tech,A rating
K2 Consultancy Limited,London,Yes,Consultancy,A rating
K2 MEDICAL SYSTEMS LIMITED,Plymouth,,Tech,A rating
K23 Limited T/A K23.ai,Guildford,,Tech,A rating
K3 Business Technology Group plc,Manchester,,Tech,A rating
KA Test Consultant Ltd,Bradford,,Consultancy,A rating
KAD CONSULTING ENGINEERS LIMITED,Carshalton,Yes,Consultancy,A rating
KADA TECHNOLOGIES US LTD,Slough,,Tech,A rating
KAENIS CONSULT LTD,LONDON,Yes,Consultancy,A rating
KAF Telecom Ltd,Chadwell Heath,,Tech,A rating
KAI Computer Services Ltd,LONDON,Yes,Tech,A rating
KAIYIXIN EDUCATION CONSULTANCY LIMITED,London,Yes,Consultancy,A rating
KAIZEN CONSULTING AND ENGINEERING LTD,MK,,Consultancy,A rating
KAKATEEYA CONSULTING SERVICES LTD,Northwich,,Consultancy,A rating
KAL Software UK,Edinburgh,,Tech,A rating
KAM COMPUTERS BARNET LTD,London,Yes,Tech,A rating
KAM Project Consultants Ltd,Milton Keynes,,Consultancy,A rating
KANTAR ADVISORY PARTNERS LTD,London,Yes,Consultancy,A rating
KAPPA LAB LTD,London,Yes,Tech,A rating
KAPPA Training and Consulting Services Ltd,Reigate,,Consultancy,A rating
KARINCA CONSULTANCY & INVESTMENTS LTD,London,Yes,Consultancy,A rating
KARTOA TECHNOLOGIES LTD,Bedford,,Tech,A rating
KAS Paper Systems Limited,Dunstable,,Tech,A rating
KATAM TECHNOLOGIES LTD,MAIDENHEAD,,Tech,A rating
KATRYAN TECHNOLOGIES LTD,LONDON,Yes,Tech,A rating
KBBS Systems UK Ltd,Birmingham,,Tech,A rating
KBC Process Technology Ltd,Walton on Thames,,Tech,A rating
KBC TECHNOLOGIES UK LIMITED,BRENTFORD,Yes,Tech,A rating
KBL Advisory,Sale,,Consultancy,A rating
KBM Consultancy Services Limited,Southampton,,Consultancy,A rating
KBM Consultants Ltd,London,Yes,Consultancy,A rating
KBS TECHNOLOGIES LTD,Birmingham,,Tech,A rating
KC STRATEGY CONSULTING LIMITED,Cheshire,,Consultancy,A rating
KC TECH PVT LIMITED,Staines,,Tech,A rating
KDR RESIN SYSTEMS LIMITED,Stourbridge,,Tech,A rating
KEATH.AI LTD,England,,Tech,A rating
KELLTON TECH (UK) LIMITED,London,Yes,Tech,A rating
KELLTRON CONSULTING SERVICES UK LTD,AYLESBURY,,Consultancy,A rating
KELLTRON SOFTWARE SOLUTIONS LTD,AYLESBURY,,Tech,A rating
KEMAT CONSULTING LIMITED,Ilford,Yes,Consultancy,A rating
KENSINGTON MEDICAL CONSULTANCY LIMITED,London,Yes,Consultancy,A rating
KENT CARE CONSULTANTS LTD,ASHFORD,,Consultancy,A rating
KEPTRA TECHNOLOGIES LIMITED,Slough,,Tech,A rating
KERS ENGINEERING CONSULTANCY LTD,London,Yes,Consultancy,A rating
KERSE CONSULTANCY LTD,London,Yes,Consultancy,A rating
KEYQUALITY CONSULTING LIMITED,Slough,,Consultancy,A rating
KF TECH LTD,London,Yes,Tech,A rating
KGAL Consulting Engineers Ltd,Poole,,Consultancy,A rating
KHAS CONSULTING LTD,London,Yes,Consultancy,A rating
KHEYA CONSULTANCY (LEICESTER) LIMITED,LEICESTER,,Consultancy,A rating
KIIN AI LTD,London,Yes,Tech,A rating
KINGSBURY IT CONSULTING LTD,Bagshot,,Consultancy,A rating
KINGSTON TECHNOLOGY EUROPE CO LLP,SUNBURY ON THAMES,,Tech,A rating
KIOXIA Technology UK Ltd,Abingdon,,Tech,A rating
KISMO TECH LTD,LONDON,Yes,Tech,A rating
KISPE Space Systems,Farnborough,,Tech,A rating
KJR Software Services Ltd,Reading,,Tech,A rating
KKCG UK Advisory Ltd,London,Yes,Consultancy,A rating
KKS Advisors Limited,London,Yes,Consultancy,A rating
KLV Software Solutions Ltd,Staines,,Tech,A rating
KMA Tech Holding Limited,London,Yes,Tech,A rating
KNAV Advisory Limited,Harrow,Yes,Consultancy,A rating
KNOW. CONSULTING LIMITED,Tonbridge,,Consultancy,A rating
KNOWBILITY CONSULTANCY LIMITED,Romford,Yes,Consultancy,A rating
KODEV INFOTECH LTD,Chichester,,Tech,A rating
KOIOS Master Data Limited,Winchester,,Tech,A rating
KOMALI LTD T/A KOMALI TECH,READING,,Tech,A rating
KOPE AI Ltd,London,Yes,Tech,A rating
KORE IT TECHNOLOGY SERVICES LTD,London,Yes,Tech,A rating
KORE.AI UK LIMITED,London,Yes,Tech,A rating
KP SOFTWARE SOLUTIONS LTD,Slough,,Tech,A rating
KPIT TECHNOLOGIES (UK) LTD,COVENTRY,,Tech,A rating
KPS Digital Ltd,London,Yes,Tech,A rating
KPV LAB Edinburgh Ltd,Edinburgh,,Tech,A rating
KREK CONSULTING LTD,London,Yes,Consultancy,A rating
KRISHNEX AI SOLUTION LTD,Leeds,,Tech,A rating
KRS Infotech Limited,Colchester,,Tech,A rating
KRUCX TECHNOLOGIES LIMITED,London,Yes,Tech,A rating
KRYPTOS TECHNOLOGIES LIMITED,Wembley,Yes,Tech,A rating
KSA Consultants Ltd,Dewsbury,,Consultancy,A rating
KSD TECHNOLOGY LIMITED,Keighley,,Tech,A rating
KSM Consulting Limited Trading as KSM Chartered Certified Accountants and Tax Advisors,London,Yes,Consultancy,A rating
KUKA Robotics UK Ltd,Wednesbury,,Tech,A rating
KURIAN'S FINANCIAL CONSULTANTS LIMITED,Peterborough,,Consultancy,A rating
KWA Analytics Ltd,London,Yes,Tech,A rating
KYDOS DIGITAL LTD,Manchester,,Tech,A rating
KYM Technology Ltd,Birmingham,,Tech,A rating
Kaar Technologies UK Limited,Huddersfield,,Tech,A rating
Kadmos Consultants,Harrow on the Hill,,Consultancy,A rating
Kaifa Technology UK Limited,Milton Keynes,,Tech,A rating
Kainos Software Ltd,Belfast,,Tech,A rating
Kaizen Consulting Services Ltd,Cambridge,,Consultancy,A rating
Kaizen Tech Limited,Park Royal,Yes,Tech,A rating
Kaizen UK Consulting Limited,London,Yes,Consultancy,A rating
Kaizzen Tech Limited,Arkley,,Tech,A rating
Kal-Med Consulting CIC,Livingston,,Consultancy,A rating
Kalai Tech Limited,Coulsdon,,Tech,A rating
Kaldi Financial Technology Ltd,London,Yes,Tech,A rating
Kalibrate Technologies Limited,Manchester,,Tech,A rating
Kalki Tech Services Limited,Wembley,Yes,Tech,A rating
Kamu Technologies Ltd,Birmingham,,Tech,A rating
Kanda Consulting,London,Yes,Consultancy,A rating
Kanto Systems Limited,London,Yes,Tech,A rating
Karsons Consulting Limited,London,Yes,Consultancy,A rating
Kasana Consulting Ltd,Sale,,Consultancy,A rating
Kaspersky Lab UK Limited,London,Yes,Tech,A rating
Kathaka Advisers Limited,London,Yes,Consultancy,A rating
Kaxton Advisory Ltd,Mitcham,Yes,Consultancy,A rating
Kaya Advisory Ltd,London,Yes,Consultancy,A rating
Kayak Software (UK) Limited,London,Yes,Tech,A rating
Kaze-Consulting,Bath,,Consultancy,A rating
Kea Consultants Ltd,London,Yes,Consultancy,A rating
Keeper Systems Ltd,London,Yes,Tech,A rating
Keepnet Labs LTD,Maidenhead,,Tech,A rating
Keertana Information Technology Solutions Limited,Amersham,,Tech,A rating
Keet Technology Solutions Ltd,Edinburgh,,Tech,A rating
Kemnal Technology College,Sidcup,Yes,Tech,A rating
Kench Consultants Ltd,Rochester,,Consultancy,A rating
Kensa Health Analytics Ltd,Plymouth,,Tech,A rating
Kepler Technologies Limited,London,Yes,Tech,A rating
Kerridge Commercial Systems Ltd,Hungerford,,Tech,A rating
Kesa Tech Ltd T/A Brighton Hill Pharmacy,Hampshire,,Tech,A rating
Kesglobal consultancy ltd,Hyde,,Consultancy,A rating
Keshav IT Consultancy Limited,Milton Keynes,,Consultancy,A rating
Key Consulting Ltd,London,Yes,Consultancy,A rating
KeyIT Technologies Ltd,London,Yes,Tech,A rating
Keysight Technologies UK Limited,Wokingham,,Tech,A rating
Keystone Property Consultants Ltd,Hornchurch,,Consultancy,A rating
Keyvantus Digital Solutions Limited,Birmingham,,Tech,A rating
Kheiron Medical Technologies Ltd,London,Yes,Tech,A rating
Kiin Tech Limited,Bristol,,Tech,A rating
Kilborn Consulting Ltd,Wellingborough,,Consultancy,A rating
Kilinc Law & Consulting London Limited,London,Yes,Consultancy,A rating
Kiln Technologies Limited,London,Yes,Tech,A rating
Kinetic AI Limited,London,Yes,Tech,A rating
Kinetic Technologies Europe Limited,Edinburgh,,Tech,A rating
Kinetics Process Consulting UK Limited,Uxbridge,Yes,Consultancy,A rating
Kingdom Technologies Ltd,Glasgow,,Tech,A rating
Kings Security Systems Ltd,Bradford,,Tech,A rating
Kionnali Living Systems Ltd,Stonehaven,,Tech,A rating
Kiri Technologies Ltd,London,Yes,Tech,A rating
Kirtana Consulting UK Limited,Chelmsford,,Consultancy,A rating
Kitt Technology Ltd,London,Yes,Tech,A rating
Klaus Bode Consultancy Ltd.,London,Yes,Consultancy,A rating
Kleo Cloud Limited,Winchester,,Tech,A rating
Klient Software Solutions Limited,Crook,,Tech,A rating
Kline Consulting Europe Ltd,London,Yes,Consultancy,A rating
Klinera Data Services Limited,London,Yes,Tech,A rating
Knight Advisory Services Limited,Egham,,Consultancy,A rating
Knightsbridge Consulting Ltd,Borehamwood,,Consultancy,A rating
Knitmesh Technologies Limited,Holywell,,Tech,A rating
Knorr-Bremse Rail Systems (UK) Limited,Melksham,,Tech,A rating
Knorr-Bremse Systems for Commercial Vehicles Ltd,Bristol,,Tech,A rating
Knownorigin Labs Limited,Manchester,,Tech,A rating
Knox Digital Limited,London,Yes,Tech,A rating
Ko-Fi Labs Limited,Cambridge,,Tech,A rating
Kohort Software Limited,London,Yes,Tech,A rating
Komi App Limited,London,Yes,Tech,A rating
Komodo Digital Ltd,Newcastle upon Tyne,,Tech,A rating
Komputer Consultancy Services Ltd,Chesham,,Consultancy,A rating
Komz Consulting Ltd,London,Yes,Consultancy,A rating
Konami Digital Entertainment B.V.,Windsor,,Tech,A rating
Kongsberg Actuation Systems Limited,Normanton,,Tech,A rating
Konrad-Technologies UK Ltd,Dunfermline,,Tech,A rating
Konsistent Consulting Limited,London,Yes,Consultancy,A rating
Konverge Technologies Limited,London,Yes,Tech,A rating
Konzepthaus Consulting Ltd,London,Yes,Consultancy,A rating
Koolmill Systems Limited,Solihull,,Tech,A rating
Kooth Digital Health Limited,London,Yes,Tech,A rating
Korabandi Consulting Ltd,Cannock,,Consultancy,A rating
Kore Software Limited,London,Yes,Tech,A rating
Kore Systems Limited,Isleworth,Yes,Tech,A rating
"Kovaion Consulting Limited,",London,Yes,Consultancy,A rating
Kraken Robotics Services UK Limited,Westhill,,Tech,A rating
Kraken Technologies Limited,London,Yes,Tech,A rating
Krause Automation Ltd.,East Grinstead,,Tech,A rating
Kreative VH Consulting Ltd,Welling,Yes,Consultancy,A rating
Kredo Consulting Limited,Cheltenham,,Consultancy,A rating
Kroll Advisory Ltd,London,Yes,Consultancy,A rating
Krome Technologies Limited,Chertsey,,Tech,A rating
Kukula Education Consultancy Ltd,London,Yes,Consultancy,A rating
Kula Technologies Limited,Derby,,Tech,A rating
Kult AI Limited,London,Yes,Tech,A rating
Kumi Consulting Ltd,London,Yes,Consultancy,A rating
Kunai Technology Limited,London,Yes,Tech,A rating
Kuungana Advisory Limited,Godalming,,Consultancy,A rating
Kx Advisors LLC,London,Yes,Consultancy,A rating
L & G Technologies Limited,Birmingham,,Tech,A rating
L Catterton Real Estate Advisors UK Ltd,London,Yes,Consultancy,A rating
L Catterton UK Advisors Limited,London,Yes,Consultancy,A rating
L&C CONSULTANT LIMITED,London,Yes,Consultancy,A rating
L&C Consulting International Limited,London,Yes,Consultancy,A rating
L&T Technology Service Limited,London,Yes,Tech,A rating
L'Computer Hub (UK) Limited,Swindon,,Tech,A rating
L-GAM UK Advisors Limited,London,Yes,Consultancy,A rating
L.E.K. Consulting LLP,London,Yes,Consultancy,A rating
L3 Infotech Limited,Milton Keynes,,Tech,A rating
LAB Architects Limited,London,Yes,Tech,A rating
LABORIE MEDICAL TECHNOLOGIES UK,Banbury,,Tech,A rating
LAC Conveyor Systems Ltd,Nottingham,,Tech,A rating
LADERA TECHNOLOGY LTD,Reading,,Tech,A rating
LAHORI TECH LTD,Swansea,,Tech,A rating
LANDY TECH LIMITED,London,Yes,Tech,A rating
LANTEK SYSTEMS LTD,"Malvern, Worcestershire",,Tech,A rating
LAPD Consultants Ltd.,London,Yes,Consultancy,A rating
LAUNCH ROBOTICS LTD,WORKSOP,,Tech,A rating
LCC Technologies Limited,Runcorn,,Tech,A rating
LCM Systems Ltd,Newport,,Tech,A rating
LDA Design Consulting Ltd,Peterborough,,Consultancy,A rating
LEAD PROPERTY CONSULTANTS LIMITED,LONDON,Yes,Consultancy,A rating
LEAP Legal Software Limited,Twickenham,Yes,Tech,A rating
LEE & CO CONSULTANTS LTD,MANCHESTER,,Consultancy,A rating
LEKO LABS UK LIMITED,Cambridge,,Tech,A rating
LEMONGRASS CONSULTING LIMITED,READING,,Consultancy,A rating
LEOMIND LABS LTD,London,Yes,Tech,A rating
LEONI Wiring Systems UK Limited,Newcastle,,Tech,A rating
LEOPARD TECHNOLOGY LTD,Redhill,,Tech,A rating
LET IT GO TECH LTD,COVENTRY,,Tech,A rating
LEVEL THREE TECHNOLOGY SOLUTIONS LTD,Birmingham,,Tech,A rating
LEVENE CONSULTING LTD,London,Yes,Consultancy,A rating
LGCM Advisors Limited,London,Yes,Consultancy,A rating
LIELAH DESIGN AND MANAGEMENT CONSULTING LTD,Woking,,Consultancy,A rating
LIFELINE FIRE AND SAFETY SYSTEMS LIMITED,Coventry,,Tech,A rating
LIGHTINGLIVES CONSULTANTS LTD,LONDON,Yes,Consultancy,A rating
"LIGHTRIVER TECHNOLOGIES UK, LIMITED",London,Yes,Tech,A rating
LIMITOWEB TECHNOLOGIES LTD,Birmingham,,Tech,A rating
LINKFRESH Software Limited,Lichfield,,Tech,A rating
LINKSTAR TECH LTD,London,Yes,Tech,A rating
LINKX AI LTD,Slough,,Tech,A rating
LINN SYSTEMS LTD,Chichester,,Tech,A rating
LITTLEDATA TECHNOLOGIES LTD,Newbury,,Tech,A rating
LIVEWIRE Telecom Limited,Silverstone,,Tech,A rating
LIWAN ENGINEERING CONSULTANCY UK LIMITED,CHEADLE,,Consultancy,A rating
LJ4 OIL AND GAS CONSULTANCY LTD,ABERDEEN,,Consultancy,A rating
LJPC CONSULTING LTD,London,Yes,Consultancy,A rating
LM Technologies Limited,Edgware,Yes,Tech,A rating
LMS Recruitment Systems Ltd,Skipton,,Tech,A rating
LNV Consulting Limited,Manchester,,Consultancy,A rating
LO STUDIO IVANA GIACHINO CONSULTANCY LIMITED,London,Yes,Consultancy,A rating
LOIBAR EDUCATION CONSULTANCY LTD,COVENTRY,,Consultancy,A rating
LOLA CONSULTANT UK LTD,England,,Consultancy,A rating
LONDON ACADEMY FOR APPLIED TECHNOLOGY LTD,Brentford,Yes,Tech,A rating
LONDON DIGITAL LAB LIMITED,London,Yes,Tech,A rating
LONDON MARINE CONSULTANTS,London,Yes,Consultancy,A rating
LONDON MIRROR CONSULTANCY LTD,ILFORD ESSEX,,Consultancy,A rating
LONDON SCHOOL OF BUSINESS & COMPUTING LTD,London,Yes,Tech,A rating
LOTUS INFOTECH LTD,LUTON,,Tech,A rating
LOVIE TECHNOLOGY LTD,London,Yes,Tech,A rating
LOYADHAM PHARMA CONSULTANCY LIMITED,HARROW,Yes,Consultancy,A rating
LPG SYSTEMS UK LTD,London,Yes,Tech,A rating
LPS Ehealth Software Limited,London,Yes,Tech,A rating
LPW Technology Ltd,Widnes,,Tech,A rating
LQT Technologies Limited,Croydon,Yes,Tech,A rating
LS Transmission Consultancy Ltd (T/A LSTC),Driffield,,Consultancy,A rating
LSY Engineering Consultants LTD,London,Yes,Consultancy,A rating
LTI TECHNOLOGY SOLUTIONS LIMITED,Reading,,Tech,A rating
LTS Advisory Limited,London,Yes,Consultancy,A rating
LUMINA BUSINESS CONSULTANCY LTD,LONDON,Yes,Consultancy,A rating
LUMIO TECHNOLOGIES LTD,Clevedon,,Tech,A rating
LUMIPEARL CONSULTANCY LTD,London,Yes,Consultancy,A rating
LUMMUS CONSULTANTS INTERNATIONAL LT,MILTON KEYNES,,Consultancy,A rating
LUNA PHARMA CONSULTING LTD,London,Yes,Consultancy,A rating
LUNAR LABS LIMITED,London,Yes,Tech,A rating
LUUX Digital Media Limited,London,Yes,Tech,A rating
LWG Consulting UK Limited,London,Yes,Consultancy,A rating
LWS CONSULTANCY LTD,London,Yes,Consultancy,A rating
LYFE TECHNOLOGY LIMITED,Bristol,,Tech,A rating
Lab Metal and Steel Art Ltd,London,Yes,Tech,A rating
Lab Works Engineering Limited,Northampton,,Tech,A rating
Labman Automation Ltd.,Stokesley,,Tech,A rating
Labrys Technologies Ltd,Elstree,,Tech,A rating
Labs Construction Ltd,London,Yes,Tech,A rating
Lacuna Consultancy,LONDON,Yes,Consultancy,A rating
Lakestar Advisors UK LLP,London,Yes,Consultancy,A rating
Lalitha Consulting Ltd,Durham,,Consultancy,A rating
Lama Technology Group Limited,London,Yes,Tech,A rating
Lambert Energy Advisory Limited,London,Yes,Consultancy,A rating
Lancia Consulting Limited,London,Yes,Consultancy,A rating
Land Technologies Limited (LandInsight),London,Yes,Tech,A rating
Land Use Consultants Ltd,London,Yes,Consultancy,A rating
Land and Minerals Consulting Ltd,Clevedon,,Consultancy,A rating
Landa Digital Printing UK Ltd,Cambridge,,Tech,A rating
Landia Advisory Ltd,London,Yes,Consultancy,A rating
Landmark Systems Ltd,Pulborough,,Tech,A rating
Lantern.ai Limited,London,Yes,Tech,A rating
Lapwing Advisers Limited,London,Yes,Consultancy,A rating
Larkin Consulting Group,Surbiton,Yes,Consultancy,A rating
Laser Cladding Technology LTD,Worksop,,Tech,A rating
Laser Digital UK Ltd,London,Yes,Tech,A rating
Lata Technologies Limited,South Croydon,Yes,Tech,A rating
Latent Labs Limited,London,Yes,Tech,A rating
Latent Technology Ltd,London,Yes,Tech,A rating
LatentSpace AI Ltd,Altrincham,,Tech,A rating
Latentview Analytics UK Limited,London,Yes,Tech,A rating
Latitude Consulting Group Limited,Manchester,,Consultancy,A rating
Latitude RCBI Consultancy (UK) Limited,London,Yes,Consultancy,A rating
Latsen Technology Ltd,Liverpool,,Tech,A rating
Lattice Consulting Ltd,Romford,Yes,Consultancy,A rating
Lattice Labs Ltd.,London,Yes,Tech,A rating
Lattice Technologies Limited,London,Yes,Tech,A rating
Launch Tech Uk Ltd..,Milton Keynes,,Tech,A rating
Laurel Co Technology Limited,London,Yes,Tech,A rating
Lava Advisory Partners Limited,London,Yes,Consultancy,A rating
Lavera Consult Ltd,Birmingham,,Consultancy,A rating
Lawbridge Advisory Ltd,Guildford,,Consultancy,A rating
Lawsbrdige Consultancy Services UK Ltd,Dartford,,Consultancy,A rating
Layer Systems Limited,Glasgow,,Tech,A rating
Lead2 Consulting Limited,Brighton,,Consultancy,A rating
Leader Systems UK Ltd,Rugby,,Tech,A rating
Leadership Through Data|,Halstead,,Tech,A rating
Leading Edge Automation Ltd,London,Yes,Tech,A rating
Leading Globe Technology Limited,London,Yes,Tech,A rating
Leaf-Tech Ltd,London,Yes,Tech,A rating
Lean Technologies Development (UK) Limited,London,Yes,Tech,A rating
Learning Labs,Birmingham,,Tech,A rating
Learning Technologies Group PLC,Brighton,,Tech,A rating
Learnsmarter Apps Ltd,Winchester,,Tech,A rating
Ledger Technologies UK LTD,London,Yes,Tech,A rating
Leela Consultancy Limited,London,Yes,Consultancy,A rating
Legado Technologies Limited,Edinburgh,,Tech,A rating
Legal and Consulting Services Ltd,London,Yes,Consultancy,A rating
Legal and Professional Consultants Limited,BIRMINGHAM,,Consultancy,A rating
Lego Digital Play Limited,LONDON,Yes,Tech,A rating
Lenkie Technologies Limited,London,Yes,Tech,A rating
Lenovo Technology (United Kingdom) Limited,Farnborough,,Tech,A rating
Leogenic Labs Ltd,Wigston,,Tech,A rating
Lester Control Systems Limited,Croydon,Yes,Tech,A rating
LetterOne Technology (UK) LLP,London,Yes,Tech,A rating
Level Financial Technology Limited,Ashford,,Tech,A rating
Levels Technologies Ltd,London,Yes,Tech,A rating
Lexham Insurance Consultants Ltd,Diss,,Consultancy,A rating
Lexia Analytics,Bristol,,Tech,A rating
Lexica Health and Life Sciences Consultancy Limited,London,Yes,Consultancy,A rating
Lexington Advisors UK Limited,London,Yes,Consultancy,A rating
Lexington Corporate Advisors Ltd,Cardiff,,Consultancy,A rating
Liaison  VAT Consultancy Ltd,Hertfordshire,,Consultancy,A rating
Lianco Technologies Limited,London,Yes,Tech,A rating
Liberty Information Technology Limited,Belfast,,Tech,A rating
Life Technologies Limited,Paisley,,Tech,A rating
LifeProven Technologies,London,Yes,Tech,A rating
Light Bulb Advisory Services Limited,London,Yes,Consultancy,A rating
Light Science Technologies Ltd,Derby,,Tech,A rating
Light rise Consulting Ltd,Wimborne,,Consultancy,A rating
Lightfoot Advisors,London,Yes,Consultancy,A rating
Lighting Consultants Limited,Redditch,,Consultancy,A rating
Lighting Tech Ltd,Derby,,Tech,A rating
Lightsense Technologies Ltd,London,Yes,Tech,A rating
Lightspeed UK Advisor LLP,London,Yes,Consultancy,A rating
Lilt Technologies Limited,London,Yes,Tech,A rating
Lime Technology Limited,London,Yes,Tech,A rating
Limpet Technology Limited,Stirling,,Tech,A rating
Line-Technology Networks Ltd,London,Yes,Tech,A rating
Link Data Management Solutions Ltd,Cardiff,,Tech,A rating
Link Engineering Consultancy Ltd,Birmingham,,Consultancy,A rating
LinkedTrade Technologies Ltd,London,Yes,Tech,A rating
Linkedin Technology UK Limited,LONDON,Yes,Tech,A rating
Linus Technology Ltd,Sheffield,,Tech,A rating
Linwave Technology Limited,Lincoln,,Tech,A rating
Linx Printing Technologies Limited,St Ives,,Tech,A rating
Lisa Technologies Ltd,Bedford,,Tech,A rating
Livelink Technology Ltd,Havant,,Tech,A rating
Liveology Digital Media UK Ltd,London,Yes,Tech,A rating
Livetec Systems Limited,Silsoe,,Tech,A rating
Livewire Digital Ltd,Leatherhead,,Tech,A rating
Livingstone Technologies Limited,York,,Tech,A rating
Liya Technologies Ltd,Bexleyheath,,Tech,A rating
Lloret Control Systems Ltd,Coulsdon,,Tech,A rating
Lochinver Consultancy Services Limited,London,Yes,Consultancy,A rating
Locus Software Limited,Farnborough,,Tech,A rating
Lodestar Consultants Limited,London,Yes,Consultancy,A rating
Loesche Energy Systems Limited,Horsham,,Tech,A rating
Logicinfo Consulting (UK) Ltd,Liversedge,,Consultancy,A rating
Logifuture Tech Ltd,London,Yes,Tech,A rating
Logika Consultants Ltd,BRISTOL,,Consultancy,A rating
Lola Performance Technologies,London,Yes,Tech,A rating
"Loma Systems, a division of ITW Limited",Farnborough,,Tech,A rating
Lomare Technologies Ltd,London,Yes,Tech,A rating
Londinium Advisors Ltd.,London,Yes,Consultancy,A rating
London Business Training and Consulting Ltd,LONDON,Yes,Consultancy,A rating
London College of Management and Technology London Limited,Hayes,Yes,Tech,A rating
London College of Marketing and Technology (LCMT),London,Yes,Tech,A rating
London Computer Centre Limited,Hammersmith,Yes,Tech,A rating
London Energy Consultants LTD,Slough,,Consultancy,A rating
London Financial Consultants Ltd,Bedford,,Consultancy,A rating
London Fluid System Technologies Ltd,Kings Langley,,Tech,A rating
London School of Science & Technology Limited,London,Yes,Tech,A rating
London Strategy Consulting Ltd,London,Yes,Consultancy,A rating
London Structures Lab,London,Yes,Tech,A rating
London Technology Club,Hemel Hampstead,,Tech,A rating
Long Consulting T/A Sincere Immigration,London,Yes,Consultancy,A rating
Longshot Systems Limited,London,Yes,Tech,A rating
Longwave Digital Ltd,Leeds,,Tech,A rating
Loop Software Ltd,Moreton-in-Marsh,,Tech,A rating
Loop Technology Limited,Dorchester,,Tech,A rating
Loqbox Technology UK Limited,Bristol,,Tech,A rating
Lotus Technology Innovative Limited,London,Yes,Tech,A rating
Lovable Labs UK Limited,London,Yes,Tech,A rating
Loyal Technologies Limited,Ilford,Yes,Tech,A rating
Lubz Telecom Ltd,Reading,,Tech,A rating
Lucas Systems Limited,Bracknell,,Tech,A rating
Lucking & Clark Consulting Engineers Ltd,London,Yes,Consultancy,A rating
Lumentum Technology UK Limited,Towcester,,Tech,A rating
Lumex Consulting (UK) Ltd,Brighton,,Consultancy,A rating
Lumico Digital Limited,Lee-on-the-Solent,,Tech,A rating
Lumiere consultancy,Surrey,,Consultancy,A rating
Luminance Technologies Ltd,London,Yes,Tech,A rating
Luther Systems Limited,London,Yes,Tech,A rating
Luvia Digital Ltd,Milton Keynes,,Tech,A rating
Lux consulting Ltd,Shrewsbury,,Consultancy,A rating
Luxds Consultancy Ltd,London,Yes,Consultancy,A rating
Lydia Digital Ltd,London,Yes,Tech,A rating
Lynchpin Analytics Ltd,Edinburgh,,Tech,A rating
Lyra International Tech Limited,London,Yes,Tech,A rating
M & M CYBER CAFE LTD,London,Yes,Tech,A rating
M A CONSULTANTS BLACKBURN LTD,BLACKBURN,,Consultancy,A rating
M&D CLEANING CONSULTANCY LTD,London,Yes,Consultancy,A rating
M&M FINTECH LIMITED,London,Yes,Tech,A rating
M10 Fire Consultancy Ltd,St. Albans,,Consultancy,A rating
M2 Control Systems Limited,Gosport,,Tech,A rating
M3 TECHNOLOGY LTD,London,Yes,Tech,A rating
MA Consultants,London,Yes,Consultancy,A rating
MA FINANCIAL CONSULTANCY LIMITED,WATFORD,,Consultancy,A rating
MA INFO SYSTEMS LTD,Hounslow,Yes,Tech,A rating
MAA CONSULTANCY SERVICES LIMITED,Greenford,Yes,Consultancy,A rating
MAAH CONSULTANCY LTD,England,,Consultancy,A rating
MAARAN TECHNOLOGIES LIMITED,Romford,Yes,Tech,A rating
MAC Tech Group Ltd,Sutton Coldfield,,Tech,A rating
MADE TECH IT LTD,Ipswich,,Tech,A rating
MADFIN TECH LTD,London,Yes,Tech,A rating
MADISON MAY CONSULTING LIMITED,West Yorkshire,,Consultancy,A rating
MAGIC LABS IT LTD,Coventry,,Tech,A rating
MAGIC SOFTWARE SERVICES LTD,LONDON,Yes,Tech,A rating
MAGIC TECH LTD,London,Yes,Tech,A rating
MAGNUS INFOTECH LIMITED,Romford,Yes,Tech,A rating
MAIA Tech Systems Ltd,Huddersfield,,Tech,A rating
MAIA Technology Limited,London,Yes,Tech,A rating
MAIK Telecoms Limited,Southampton,,Tech,A rating
MAISHA TECHNOLOGY LIMITED,London,Yes,Tech,A rating
MAITY CONSULTING LTD,Leicester,,Consultancy,A rating
MAK BUSINESS CONSULTANTS LTD,Luto,,Consultancy,A rating
MAK GLOBAL CONSULTANTS LTD,Ashton-Under-Lyne,,Consultancy,A rating
MAKBAL CONSULTANT LTD,Brighton,,Consultancy,A rating
MALFAUR LONDON CONSULTING LIMITED,Leicester,,Consultancy,A rating
MANAGEMENT CONSULTANCY CAMPUS LTD,London,Yes,Consultancy,A rating
MANGROVE CONSULTING LTD,LONDON,Yes,Consultancy,A rating
MANNAT TECHNOLOGIES LIMITED,BRISTOL,,Tech,A rating
MANTLE LABS LIMITED,LONDON,Yes,Tech,A rating
MAPARA CONSULTING LIMITED,Harrow,Yes,Consultancy,A rating
MAPEX PHARMACY CONSULTANCY LTD,BROMLEY,Yes,Consultancy,A rating
MAPP Digital UK Ltd,London,Yes,Tech,A rating
MAQ TECHNOLOGIES LIMITED,Walsall,,Tech,A rating
MARA LABS UK LIMITED,London,Yes,Tech,A rating
MARAFIE CONSULTANCY UK LTD.,Stockport,,Consultancy,A rating
MARATHON TRADE & CONSULTING LIMITED,London,Yes,Consultancy,A rating
MARCOM DIGITAL SOLUTIONS LTD,COVENTRY,,Tech,A rating
MARHABA TELECOMMUNICATION SYSTEMS LTD,BIRMINGHAM,,Tech,A rating
MARKET MAKERS AI LIMITED,London,Yes,Tech,A rating
MARLOU CONSULTANCY LIMITED,London,Yes,Consultancy,A rating
MARNI CONSULTANCY LTD,Birmingham,,Consultancy,A rating
MARRIOTTS CONSULTANCY LLP,CHELMSFORD,,Consultancy,A rating
MARS DIGITAL SOLUTIONS LTD,Manchester,,Tech,A rating
MARVGALLUP TRAVELS AND TOURS CONSULTANCY LTD,London,Yes,Consultancy,A rating
MASON ADVISORY LIMITED,Manchester,,Consultancy,A rating
MASS Analytics Ltd,London,Yes,Tech,A rating
MASTER SOFTWARE SOLUTIONS LTD,READING,,Tech,A rating
MASZ TECHNOLOGIES LIMITED,Leicester,,Tech,A rating
MATH LABS RESEARCH LIMITED,Sutton,Yes,Tech,A rating
MATRIX INFORMATICS LTD,London,Yes,Tech,A rating
MAXWELL TECH SOLUTIONS LTD,Runcorn,,Tech,A rating
MAYFAIR ACCOUNTANTS & WEALTH ADVISORS LTD,Hounslow,Yes,Consultancy,A rating
MBA Consulting Engineers Ltd,Milton Keynes,,Consultancy,A rating
MBM Consulting Ltd,London,Yes,Consultancy,A rating
MBS Survey Software Ltd,STEYNING,,Tech,A rating
MBT CONSULTANCY UK LTD,Reading,,Consultancy,A rating
MC (Charlotte Street) Ltd T/A Maltby Capital Advisory,London,Yes,Consultancy,A rating
MCD Consultancy Ltd,London,Yes,Consultancy,A rating
MCDOWELL DIGITAL MEDIA LTD,London,Yes,Tech,A rating
MCI Systems LTD,Farnham,,Tech,A rating
MCLORINAN CONSULTING LIMITED,Belfast,,Consultancy,A rating
MCP Consulting Group Ltd.,Solihull,,Consultancy,A rating
MCS Rental Software Limited,Maidenhead,,Tech,A rating
MD Tech & Management Ltd,London,Yes,Tech,A rating
MDA Space and Robotics Limited,Didcot,,Tech,A rating
MDSec Consulting Limited,Macclesfield,,Consultancy,A rating
MDX Technology Limited,London,Yes,Tech,A rating
MECHSMERIZE TECHNOLOGIES LTD,ILFORD,Yes,Tech,A rating
MEDICASIMPLE HEALTHCARE TECHNOLOGIES LIMITED,London,Yes,Tech,A rating
MEDPAL AI PLC,London,Yes,Tech,A rating
MEG Analytics Ltd,London,Yes,Tech,A rating
MEGRON TECH LIMITED,SWINDON,,Tech,A rating
MENAM FINANCIAL CONSULTING LTD,"Blackburn,",,Consultancy,A rating
MER MARINE TECHNOLOGIES LTD,London,Yes,Tech,A rating
MERCO CONSULTANCY LTD,Epsom,,Consultancy,A rating
MERCURY DIGITAL ASSETS LIMITED,London,Yes,Tech,A rating
MESH AI LIMITED,LONDON,Yes,Tech,A rating
MESOO DIGITAL LTD,London,Yes,Tech,A rating
METALS FOCUS DATA LIMITED,London,Yes,Tech,A rating
MEVA FORMWORK SYSTEMS LIMITED,Tamworth,,Tech,A rating
MF Telecom Services Limited,Kent,,Tech,A rating
MGH Technology Solutions Ltd,Cobham,,Tech,A rating
MGS TECHNOLOGIES LIMITED,Surbiton,Yes,Tech,A rating
MHA Advisory Limited,Milton Keynes,,Consultancy,A rating
MHB Consultants,Glasgow,,Consultancy,A rating
MHP Consulting UK Limited,Reading,,Consultancy,A rating
MHT Technology Limited,Richmond,,Tech,A rating
MHZ TECHNOLOGIES LTD,"Wilton,  Salisbury",,Tech,A rating
MIAC Analytics Limited,London,Yes,Tech,A rating
MIDTHERM FLUE SYSTEMS LTD,"Netherton, Dudley",,Tech,A rating
MIITERA TECHNOLOGIES Ltd,STRATFORD UPON AVON,,Tech,A rating
MINAZ Consults (UK) LTD T/A Meloosha Homecare Hull & Beverley Limited,Hull,,Consultancy,A rating
MINDPATH TECHNOLOGY LIMITED,London,Yes,Tech,A rating
MINDRANK TECHNOLOGIES LIMITED,Manchester,,Tech,A rating
MINDS TECHNOLOGIES LIMITED,Hounslow,Yes,Tech,A rating
MINDSET AI LTD,London,Yes,Tech,A rating
MINNU SOFTWARE SOLUTIONS PRIVATE LIMITED,Coventry,,Tech,A rating
MINSTER COMPUTER SYSTEMS LIMITED,Lichfield,,Tech,A rating
MINT MANAGEMENT TECHNOLOGY UK (PTY) LIMITED,England,,Tech,A rating
MIRZA CONSULTANCY LTD,Dunstable,,Consultancy,A rating
MIS ACTIVE MANAGEMENT SYSTEMS LIMITED,NORTHWICH,,Tech,A rating
MITTAL CONSULTANCY PVT LTD,Potters bar,,Consultancy,A rating
MJ Data Solutions Ltd,Ruislip,Yes,Tech,A rating
MK ANALYTICS LTD,Milton Keynes,,Tech,A rating
MK GLOBAL EDUCATION CONSULTANT LIMITED,"Manchester, Lancashire",,Consultancy,A rating
MK Test Systems Ltd,Wellington,,Tech,A rating
MKA Advisory Ltd,London,Yes,Consultancy,A rating
MKP Consultants Ltd,Winchester,,Consultancy,A rating
MLE Systems Ltd,Carshalton,Yes,Tech,A rating
MLL Telecom Limited,Marlow,,Tech,A rating
MLM Consulting Engineers,Ipswich,,Consultancy,A rating
MLT Digital Ltd,Glasgow,,Tech,A rating
MLV Consulting Limited,London,Yes,Consultancy,A rating
MMCG Consultancy Services Ltd,Formby,,Consultancy,A rating
MMD Design & Consultancy Limited,Somercotes,,Consultancy,A rating
MMG UK Logistics Consultancy LTD,London,Yes,Consultancy,A rating
MML UK Advisor LLP,London,Yes,Consultancy,A rating
MOBILE & COMPUTER SHOP LIMITED,Edmonton Green,,Tech,A rating
MOBILE TECH & VAPE LTD,Bo'Ness,,Tech,A rating
MOBILE TECH INTL LIMITED,Derby,,Tech,A rating
MOBILE TECHNOLOGIES LTD,London,Yes,Tech,A rating
MOF Technologies Limited,Newtownabbey,,Tech,A rating
MOI CONSULTANCY PVT LTD,London,Yes,Consultancy,A rating
MOMENTUM AI LIMITED,London,Yes,Tech,A rating
MONEY BOX PROPERTY CONSULTANTS LTD,Stoke-On-Trent,,Consultancy,A rating
MONIEPOINT TECHNOLOGIES UK LTD,London,Yes,Tech,A rating
MPOWERUP CONSULTING LTD,Winchester,,Consultancy,A rating
MRI IT Consultants Ltd,LEICESTER,,Consultancy,A rating
MRI Software Limited,London,Yes,Tech,A rating
MRR Systems Ltd,Guildford,,Tech,A rating
MS Handasah Consultants Limited,Swindon,,Consultancy,A rating
MS InfoTech Limted,AYLESBURY,,Tech,A rating
MS OVERSEAS EDUCATION CONSULTANTS LTD,LEICESTER,,Consultancy,A rating
MS Service and Consultancy Ltd,London,Yes,Consultancy,A rating
MSA Accountancy and Business Advisors LTD,LEICESTERSHIRE,,Consultancy,A rating
MSA Mining Consulting UK Ltd,Cardiff,,Consultancy,A rating
MSI Computer (UK) Ltd,London,Yes,Tech,A rating
MSP Systems Ltd.,Bedfordshire,,Tech,A rating
MSP Technologies Ltd,Carnforth,,Tech,A rating
MSPS CONSULTANCY LIMITED,Glasgow,,Consultancy,A rating
MSRT CONSULTANTS UK LIMITED,London,Yes,Consultancy,A rating
MST Ltd - Marine Specialised Technology Ltd,Bromborough,,Tech,A rating
MST Systems Limited,Malvern,,Tech,A rating
MSTP Consulting Limited,Kent,,Consultancy,A rating
MSWIPE TECHNOLOGIES (UK) PRIVATE LIMITED,Edgware,Yes,Tech,A rating
MT HIGH TECH LTD,Warrington,,Tech,A rating
MT TELECOMS LTD,London,Yes,Tech,A rating
MTEST LABS LIMITED,London,Yes,Tech,A rating
MTI Welding Technologies Limited,Dudley,,Tech,A rating
MTS Systems Ltd,Leeds,,Tech,A rating
MTX Consulting UK Limited,Pinner,Yes,Consultancy,A rating
MULTIPLIER TECHNOLOGIES UK LTD,London,Yes,Tech,A rating
MUSIC EDUCATION TECHNOLOGIES LIMITED,London,Yes,Tech,A rating
MUTUS TECH LTD,Liverpool,,Tech,A rating
MUZE CONSTRUCTION & CONSULTANCY LTD,Milton Keynes,,Consultancy,A rating
MV Advisers LLP,London,Yes,Consultancy,A rating
MVM ADVISORY GROUP LTD,London,Yes,Consultancy,A rating
MXP Prime Platform Ltd T/A SellerX,London,Yes,Tech,A rating
MY ADVISORY SERVICE LIMITED,Challock,,Consultancy,A rating
MY DIGITAL COLLEGE LTD (Trading as Purlos),London,Yes,Tech,A rating
MY RIDE TAXI APP LTD,Evesham,,Tech,A rating
MY TECH WORLD LTD,Cheshire,,Tech,A rating
MYCARDIUM AI LIMITED,Liverpool,,Tech,A rating
MYRTLE SOFTWARE SOLUTIONS LIMITED,London,Yes,Tech,A rating
MYSCOOP LABS LTD,Birmingham,,Tech,A rating
MYSTIC AI LIMITED,Bath,,Tech,A rating
MYTOWN TECHNOLOGIES LTD,London,Yes,Tech,A rating
Maanvi Technologies Limited,West Bromwich,,Tech,A rating
Mace Consult Limited,London,Yes,Consultancy,A rating
Machine Building Systems Ltd,Ripley,,Tech,A rating
Machine Medicine Technologies Ltd,London,Yes,Tech,A rating
Machnet Medical Robotics (UK) Ltd,London,Yes,Tech,A rating
Macintyre Chocolate Systems Ltd,ARBROATH,,Tech,A rating
Mackin Consultancy (UK) Ltd,London,Yes,Consultancy,A rating
Macro Advisory Partners LLP,London,Yes,Consultancy,A rating
Macro Infotech Limited,London,Yes,Tech,A rating
Mactech Consultants Limited,Harrow,Yes,Consultancy,A rating
Mad Lab Fitness LTD,London,Yes,Tech,A rating
Made Tech Ltd,London,Yes,Tech,A rating
MadeMake Architectural Design Consulting Ltd,London,Yes,Consultancy,A rating
Madhav Software Solutions Limited,Slough,,Tech,A rating
Madiba Consulting UK Limited,Bexhill on Sea,,Consultancy,A rating
Madic Technologies Limited,Guildford,,Tech,A rating
Mage Control Systems Ltd,East Kilbride,,Tech,A rating
Magentic Labs Limited,London,Yes,Tech,A rating
Magna Software Ltd,Banbridge,,Tech,A rating
Magnetic Systems Technology Limited,Rotherham,,Tech,A rating
Mahi Consultants Limited,Isleworth,Yes,Consultancy,A rating
Mailing Technology & Sup[port Ltd,Romford,Yes,Tech,A rating
Maliha Advisory & Consultancy Ltd T/A MKK Solicitors,Hounslow,Yes,Consultancy,A rating
Mambu Tech Limited,London,Yes,Tech,A rating
Mandarin Consulting International Limited,London,Yes,Consultancy,A rating
Maniyar Capital Advisors UK Ltd.,London,Yes,Consultancy,A rating
Manor Telecom Services LTD T/A Manors Group,Southall,Yes,Tech,A rating
Mansfield Advisors LLP,London,Yes,Consultancy,A rating
Mantic Technologies Limited,London,Yes,Tech,A rating
Mantra Systems Limited,Sheffield,,Tech,A rating
MantraRaj Infotech Ltd,Southend- on-Sea,,Tech,A rating
Marelli Automotive Systems UK Ltd,Llanelli,,Tech,A rating
Margaux Platforms Limited,London,Yes,Tech,A rating
Margo Consulting Ltd,London,Yes,Consultancy,A rating
Marine Power Systems Limited,Swansea,,Tech,A rating
Marine Systems Technology Ltd,Winsford,,Tech,A rating
MarineGuard Systems Ltd,Southampton,,Tech,A rating
Mark Ryan Consulting,Wellingborough,,Consultancy,A rating
Market Cloud Ltd,London,Yes,Tech,A rating
Markethub Technologies Ltd,London,Yes,Tech,A rating
Marketplace Platforms Limited,London,Yes,Tech,A rating
Marlan Maritime Technologies Ltd,Liverpool,,Tech,A rating
Marlborough House Advisors Ltd,London,Yes,Consultancy,A rating
Marquis Technologies Limited,London,Yes,Tech,A rating
Mars & Co Consulting Limited,London,Yes,Consultancy,A rating
Mars Advisors Limited,London,Yes,Consultancy,A rating
Marshall Land Systems Ltd,Cambridge,,Tech,A rating
Marshmallow Technology Ltd,London,Yes,Tech,A rating
Marvel Tech Business Consulting,Brentford,Yes,Tech & Consultancy,A rating
Marx Technology Consulting Ltd,London,Yes,Tech & Consultancy,A rating
Marylebone Lab Limited,London,Yes,Tech,A rating
Mass Information Systems Ltd,Wokingham,,Tech,A rating
Mastek Systems Company Limited,London,Yes,Tech,A rating
Master Electronic Technology Ltd,Bilston,,Tech,A rating
Matfron Automation Technology Limited,London,Yes,Tech,A rating
Matrix Technology Solutions Limited,Halifax,,Tech,A rating
Matrixx Software Europe Llimited,Ipswich,,Tech,A rating
Matta Labs Ltd,Hove,,Tech,A rating
Mauve Corporate Systems UK Limited,London,Yes,Tech,A rating
Maven Mind Consultants Limited,London,Yes,Consultancy,A rating
Maven Technology Limited,London,Yes,Tech,A rating
Mavenir Systems Limited,Reading,,Tech,A rating
Mavens Cloud Ltd,Altrincham,,Tech,A rating
Mavens Consulting Limited,London,Yes,Consultancy,A rating
Maverick Education Technologies Ltd,Brighouse,,Tech,A rating
Max Sat Tech Ltd,London,Yes,Tech,A rating
Maxilux Systems Ltd,Coventry,,Tech,A rating
Maximum Solution Consulting (UK) Ltd.,Cottingham,,Consultancy,A rating
Maxon Computer Limited,Cranfield,,Tech,A rating
Maxpro Accountants & Tax Advisers Ltd,London,Yes,Consultancy,A rating
May Business Consulting Ltd,Stony Stratford,,Consultancy,A rating
Maya Technologies Limited,London Heathrow,Yes,Tech,A rating
Mayah and Co Consulting Limited,Barking,Yes,Consultancy,A rating
Maynard Design Consultancy Ltd,London,Yes,Consultancy,A rating
Mayuri Consultant Services Limited,Cardiff,,Consultancy,A rating
Maze Consultancy Ltd,London,Yes,Consultancy,A rating
Maze Fire Consulting Limited,Manchester,,Consultancy,A rating
McCarthy Taylor Systems Ltd,Gloucester,,Tech,A rating
McFarland Consulting Ltd,Belfast,,Consultancy,A rating
McWin Advisors UK Limited,London,Yes,Consultancy,A rating
Med-E-Tech Ltd,Walton-on Theme,,Tech,A rating
Medequip Assistive Technology Limited,Harmondsworth,,Tech,A rating
Medevice Digital Ltd.,Cambourne,,Tech,A rating
Media Analytics Ltd,Oxford,,Tech,A rating
MediaKind Systems UK Limited,Southampton,,Tech,A rating
Medialake AI Limited,London,Yes,Tech,A rating
Mediaocean Systems Ltd,London,Yes,Tech,A rating
Medic One Systems Ltd,London,Yes,Tech,A rating
Medical Imaging Systems Limited,Colindale,Yes,Tech,A rating
Medical Management Systems Ltd,London,Yes,Tech,A rating
Medigold Health Consultancy Limited,Northampton,,Consultancy,A rating
Mediso Medical Imaging Systems UK Limited,Farnborough,,Tech,A rating
Medius Software Limited,Manchester,,Tech,A rating
Medly AI Limited,London,Yes,Tech,A rating
Medsan Consultancy Limited,West Drayton,Yes,Consultancy,A rating
Medtechtomarket Consulting Ltd,Bromborough,,Consultancy,A rating
Medwise AI Limited,Leeds,,Tech,A rating
Meen Technologies Ltd,Hatfield,,Tech,A rating
Melford Capital Advisers Ltd,London,Yes,Consultancy,A rating
Melin Energy Consultants Limited,Swansea,,Consultancy,A rating
Memaday Consulting Limited,Brighton,,Consultancy,A rating
Mentat Technology Limited,Byfield,,Tech,A rating
Mercury Computer Systems Limited,Reading,,Tech,A rating
Meridian Lightweight Technologies UK Ltd,Sutton-in-Ashfield,,Tech,A rating
Meritor Heavy Vehicle Braking Systems (UK) Limited,Cwmbran,,Tech,A rating
Merve Denizalp Consultancy Ltd,London,Yes,Consultancy,A rating
Meshprime Technologies Ltd,London,Yes,Tech,A rating
Meta Data Systems Ltd,London,Yes,Tech,A rating
Meta Solution Technologies Ltd,London,Yes,Tech,A rating
Metaversegraph Labs (UK) Limited,London,Yes,Tech,A rating
Meter Mix Systems Ltd,Rushden,,Tech,A rating
Method Analytics Ltd t/a HyperFinity,Leeds,,Tech,A rating
Method Apps Limited,Bath,,Tech,A rating
Method Investments & Advisory Ltd,London,Yes,Consultancy,A rating
Methodica Technologies Limited,Nottingham,,Tech,A rating
Methods Business and Digital Technology,London,Yes,Tech,A rating
Meticulous Ai Limited,London,Yes,Tech,A rating
Metis Consultants Limited,Richmond,Yes,Consultancy,A rating
Metis Consultants Ltd,Richmond,Yes,Consultancy,A rating
Metrikus Software Limited,London,Yes,Tech,A rating
Metrol Technology Ltd,Aberdeen,,Tech,A rating
Metropress Limited t/a Auction Technology Group,London,Yes,Tech,A rating
Mews Systems Limited,London,Yes,Tech,A rating
MiQ Digital Limited,London,Yes,Tech,A rating
Mia-Platform UK,London,Yes,Tech,A rating
Mibsons (Accountants & Tax Consultants),Birmingham,,Consultancy,A rating
Micad Systems (U.K.) Limited,Altrincham,,Tech,A rating
Michael Bradbrook Consultants Ltd T/a Bradbrook Consulting,London,Yes,Consultancy,A rating
Micro Precision Gear Technology Limited,Hemel Hempstead,,Tech,A rating
Micro Systems (UK) Limited,Warrington,,Tech,A rating
Micro Technology Services Ltd,Wigston,,Tech,A rating
Micro365 Technologies Ltd,Manchester,,Tech,A rating
MicroFast Technologies Limited,Harrow,Yes,Tech,A rating
Micron Semiconductor Ltd,LANCING,,Tech,A rating
Microsan Consultancy Services Limited,Manchester,,Consultancy,A rating
Microsolv Systems Ltd,London,Yes,Tech,A rating
Midgard Advisors Limited,Herne Bay,,Consultancy,A rating
Midland Automation Limited T/A Kempston Controls,Rushden,,Tech,A rating
Midland Telecom Networks Group Ltd,Birmingham,,Tech,A rating
Midlands Tech Ltd T/A Floorington,"Bilston,",,Tech,A rating
Midwest Consulting Limited,Yeovil,,Consultancy,A rating
Miebach Consulting Limited,Abingdon,,Consultancy,A rating
"Mignon Technologies Ltd, T.A. Literal Labs",Newcastle upon Tyne,,Tech,A rating
Mijo Krish Infotech Limited,Bristol,,Tech,A rating
Milestone Technologies UK Limited,Pinner,Yes,Tech,A rating
Millitec Food Systems,Draycott,,Tech,A rating
Milton Advisers Ltd,London,Yes,Consultancy,A rating
Mimica Automation Ltd.,London,Yes,Tech,A rating
Mimica Lab Ltd.,Dullingham,,Tech,A rating
Mind Bridge Consulting LTD,Reading,,Consultancy,A rating
Mind the Gap Consulting Ltd.,London,Yes,Consultancy,A rating
MindLink Software Limited,London,Yes,Tech,A rating
MindMill (HR) Software Ltd,Belfast,,Tech,A rating
Mindbay Technologies Ltd,London,Yes,Tech,A rating
Mindful Technologies Limited,Birmingham,,Tech,A rating
Mindfulness Health Consulting Ltd,Nottingham,,Consultancy,A rating
Mindmap Technology Limited,Milton Keynes,,Tech,A rating
Mindset Technologies Limited (trading as Mindstep),London,Yes,Tech,A rating
Mine Tech Services UK Limited,Halton,,Tech,A rating
Minerva Analytics Ltd,Witham,,Tech,A rating
Minerva Research Labs Ltd,London,Yes,Tech,A rating
Minimax Labs Ltd,London,Yes,Tech,A rating
Minna Technologies Limited,Warwick,,Tech,A rating
Minster Software Ltd,Reading,,Tech,A rating
Mint Consulting (CRM) Ltd,Chesterfield,,Consultancy,A rating
Mirador Analytics Limited,Melrose,,Tech,A rating
Miria Capital Advisors LLP,London,Yes,Consultancy,A rating
Mirion Technologies (IST) Limited,Farnborough,,Tech,A rating
Miro Technologies Limited,Bristol,,Tech,A rating
Miryco Consultants Ltd,Waterlooville,,Consultancy,A rating
Mirza Consulting Services Ltd,Bradford,,Consultancy,A rating
Mishi Consultancy Ltd,London,Yes,Consultancy,A rating
Mission Zero Technologies Ltd,London,Yes,Tech,A rating
Mistral AI UK Limited,London,Yes,Tech,A rating
Mitchells Chartered Accountants Tax and Business Advisers,Chesterfield,,Consultancy,A rating
Mitsubishi Electric Air Conditioning Systems Europe Ltd,Livingston,,Tech,A rating
Mitto Technologies Limited,London,Yes,Tech,A rating
MoA Technology Ltd,Oxford,,Tech,A rating
Mobile Systems International Consultancy Ltd,London,Yes,Tech & Consultancy,A rating
Mobile Tech Centre Limited,Swindon,,Tech,A rating
Mobiles Computers Gadgets Ltd,Cheshire,,Tech,A rating
Mobilise Consulting Limited,London,Yes,Consultancy,A rating
Mobility Cyber Labs Ltd,Milton Keynes,,Tech,A rating
Modo Systems Ltd,Glasgow,,Tech,A rating
Modular Safety Systems Ltd,Bristol,,Tech,A rating
Modulr Technology Ltd,Edinburgh,,Tech,A rating
Molecular Glue Labs Ltd,London,Yes,Tech,A rating
Momentum Advisers Limited,Leicester,,Consultancy,A rating
Momentum Data Ltd,St Albans,,Tech,A rating
Momentum The Growth Consultancy Ltd,London,Yes,Consultancy,A rating
Momentus Technologies Group Limited,London,Yes,Tech,A rating
Monac Consulting Ltd,Tunbridge Wells,,Consultancy,A rating
Monarch Consultants Limited,Birmingham,,Consultancy,A rating
Moneyhub Financial Technology Ltd,Bristol,,Tech,A rating
Moneynmore Technologies Limited,Reading,,Tech,A rating
Monitor Computer Systems,YORK,,Tech,A rating
Monitor Systems Scotland Limited,Aberdeen,,Tech,A rating
Monta Platform Ltd,London,Yes,Tech,A rating
Montague Square Advisors Limited,London,Yes,Consultancy,A rating
Montblanc Consulting Ltd,Edinburgh,,Consultancy,A rating
Montgomery Advisory Ltd,Newton Mearns,,Consultancy,A rating
Monument Technology Limited,London,Yes,Tech,A rating
Moo Lab (Holdings) Ltd,Sheffield,,Tech,A rating
Moody's Analytics UK Ltd,London,Yes,Tech,A rating
Moorfields Advisory Limited,London,Yes,Consultancy,A rating
Morales Advisory Services,London,Yes,Consultancy,A rating
Morning Data Ltd,London,Yes,Tech,A rating
Morning Sun Consultancy Limited,Gillingham,,Consultancy,A rating
Morrison Property Consultants Limited,Chesterton,,Consultancy,A rating
Mosdorfer CCL Systems Limited,Rutland,,Tech,A rating
Motherson Technology Services United Kingdom Limited,Wokingham,,Tech,A rating
Motion Robotics Limited,Southampton,,Tech,A rating
Motive Technology UK Limited,London,Yes,Tech,A rating
Motive UK Advisors LLP,London,Yes,Consultancy,A rating
Moto-Tech Fleet Servicing Ltd,Bristol,,Tech,A rating
Motor Vehicle Lab Ltd,Swansea,,Tech,A rating
Mount Digital Solutions Limited,Manchester,,Tech,A rating
Mount Street Portfolio Advisers GmbH,London,Yes,Consultancy,A rating
Mountain Hare Consulting Limited,Loughborough,,Consultancy,A rating
Mouri Tech Limited,Luton,,Tech,A rating
Move AI Ltd,London,Yes,Tech,A rating
Mthree Corporation Consulting Ltd,London,Yes,Consultancy,A rating
Muffin Consultancy Group Limited,Middleton,,Consultancy,A rating
Mulder Tech,London,Yes,Tech,A rating
Muldoon Transport Systems Limited,Dungannon,,Tech,A rating
Mule App Ltd T/A Protect My Order,London,Yes,Tech,A rating
Multi - Tech Integrated Solutions UK Limited,Peterborough,,Tech,A rating
Multi Technologies Limited,Manchester,,Tech,A rating
Multi-Health Systems UK Ltd,Belfast,,Tech,A rating
MultiRoofing Systems Uk Ltd,London,Yes,Tech,A rating
Multicultural Marketing Consultancy Limited,London,Yes,Consultancy,A rating
Multipass Platforms Limited,London,Yes,Tech,A rating
Multrees Consulting Limited,London,Yes,Consultancy,A rating
Mundo Livre Digital Ltd,Warwick,,Tech,A rating
Mura Technology Limited,Cleveland,,Tech,A rating
Muraai Information Technologies Limited,Coventry,,Tech,A rating
Murano Systems Ltd,London,Yes,Tech,A rating
Mushroom Technologies Ltd,Rainham,,Tech,A rating
Mustard Systems Limited,London,Yes,Tech,A rating
Muuto Consulting Limited,London,Yes,Consultancy,A rating
Muza Lab Ltd,London,Yes,Tech,A rating
Muze Capital Advisors Limited,London,Yes,Consultancy,A rating
My Data Technologies Limited,Hounslow,Yes,Tech,A rating
My Digital Accounts Limited,Cheadle Hulme,,Tech,A rating
My Digital Hero Consulting LTD,Harrogate,,Tech & Consultancy,A rating
My-Accounting & Business Advisors Ltd,Birmingham,,Consultancy,A rating
MyWay Digital Health Ltd,Dundee,,Tech,A rating
Mycorrhizal Systems Ltd,Isle of Bute,,Tech,A rating
Myers Consulting Limited,Harrow,Yes,Consultancy,A rating
Myrtle Software Limited,Cambridge,,Tech,A rating
N & G BUSINESS CONSULTANCY AND MARKET RESEARCH SERVICES LTD,Warrington,,Consultancy,A rating
N & S Consultants Limited,Birmingham,,Consultancy,A rating
N Cady Consulting Ltd,London,Yes,Consultancy,A rating
N Consulting Ltd,London,Yes,Consultancy,A rating
N&R Consultancy Services Limited,Weybridge,,Consultancy,A rating
N-IX TECHNOLOGIES LIMITED,London,Yes,Tech,A rating
N-able Technologies Ltd,Dundee,,Tech,A rating
N.O.V8 Consulting Limited,Maldon,,Consultancy,A rating
N2 Technology Consulting Ltd,Harrow,Yes,Tech & Consultancy,A rating
N28 CONSULTING LTD,Romford,Yes,Consultancy,A rating
NADIRAH TECHNOLOGIES LIMITED,High Wycombe,,Tech,A rating
NAFS Health Consultancy & Training Limited,Bury St Edmunds,,Consultancy,A rating
NAFT TRADING & TECHNOLOGY CO LIMITED,LONDON,Yes,Tech,A rating
NAG Technologies Limited,Maidenhead,,Tech,A rating
NAK Consulting Services Limited,Northampton,,Consultancy,A rating
NAKKA CONSULTANCY LTD,Watford,,Consultancy,A rating
NAMO FOODS CONSULTANCY LIMITED,BEDFORD,,Consultancy,A rating
NATCOVER CONSULTANCY LIMITED,Perivale,Yes,Consultancy,A rating
NAVIS SOFTWARE UK LIMITED,LONDON,Yes,Tech,A rating
NAYL TECH LTD,London,Yes,Tech,A rating
NAZALI CONSULTANCY LIMITED,London,Yes,Consultancy,A rating
NBI Analytics UK Limited,London,Yes,Tech,A rating
NDL Software Ltd,WETHERBY,,Tech,A rating
NDT Consultants Limited,Coventry,,Consultancy,A rating
NDY Consulting Ltd,London,Yes,Consultancy,A rating
NEC Software Solutions UK Ltd,Hemel Hempstead,,Tech,A rating
"NEC Telecom MODUS, Ltd",Leatherhead,,Tech,A rating
NET AI TECH LTD,EDINBURGH,,Tech,A rating
NETLIGHT CONSULTING LIMITED,SLOUGH,,Consultancy,A rating); (B rating
NETQ MANAGEMENT CONSULTANCY SERVICES LIMITED,London,Yes,Consultancy,A rating
NEVIS WEALTH TECHNOLOGY LTD,London,Yes,Tech,A rating
NEW TIMES TECHNOLOGY GROUP LIMITED,London,Yes,Tech,A rating
NEWPORT TECH LTD,NEWPORT,,Tech,A rating
NEWTON & NEWTON CONSULTANCY LTD,CARDIFF,,Consultancy,A rating
NEXPIN TECHNOLOGY LTD,London,Yes,Tech,A rating
NEXT TECHNOLOGIES LTD,Hounslow,Yes,Tech,A rating
NEXTGEN TECH LIMITED,Southend-On-Sea,,Tech,A rating
NEXTPLAN TECHNOLOGY AND MOBILE LTD,BRISTOL,,Tech,A rating
NEXUCLOUD AI LIMITED,Stockport,,Tech,A rating
NEXUS NODE SYSTEMS LTD,Newcastle Upon Tyne,,Tech,A rating
NEYA TECHNOLOGIES LTD,Oxford,,Tech,A rating
NFOQUE Advisory Services UK Ltd,London,Yes,Consultancy,A rating
NG Network Consultancy Ltd.,London,Yes,Consultancy,A rating
NHC Technology Ltd,Denbigh,,Tech,A rating
NI-LUX SOFTWARE LTD,Middlesex,,Tech,A rating
NICE Systems UK Limited,Southampton,,Tech,A rating
NIF Investment Advisor Uk Ltd,London,Yes,Consultancy,A rating
NIF TELECOMS LTD,TILBURY,,Tech,A rating
NINE58 Advisors,London,Yes,Consultancy,A rating
NIRMALA LTD T/A NIRMALA CONSULTANCY SERVICES,Reading,,Consultancy,A rating
NIROS CONSULTING LIMITED,READING,,Consultancy,A rating
NISSA CONSULTANTS LTD,Romford,Yes,Consultancy,A rating
NITHREE TECHNOLOGY LIMITED,Reading,,Tech,A rating
NIX TECHNOLOGY UK LTD,Birmingham,,Tech,A rating
NJ DIGITAL SOLUTIONS LTD,Ilford,Yes,Tech,A rating
NJC Labs Limited,Wokingham,,Tech,A rating
NK Computer Services Limited,London,Yes,Tech,A rating
NL Technologies Limited,Isleworth,Yes,Tech,A rating
NM Software Solutions Ltd,Newcastle Upon Tyne,,Tech,A rating
NMC ACCOUNTANTS LTD LIMITED T/A NMC ACCOUNTANTS & TAX ADVISORS & TAX ADVISORS,Chatham,,Consultancy,A rating
NMG Financial Services Consulting Limited,London,Yes,Consultancy,A rating
NMedia Systems Ltd,Amersham,,Tech,A rating
NO.1 CONSULTANTS LTD,Nottingham,,Consultancy,A rating
"NOMURA FIDUCIARY RESEARCH & CONSULTING CO., LTD. LONDON BRANCH",London,Yes,Consultancy,A rating
NONIUS HOSPITALITY TECHNOLOGY UK LTD,London,Yes,Tech,A rating
NONVIA TECHNOLOGY LIMITED,York,,Tech,A rating
NORTH EAST BRAND IQ TECHNOLOGIES LTD,Sunderland,,Tech,A rating
NORTHGATE ADVISORY LTD,London,Yes,Consultancy,A rating
NOTHING TECHNOLOGY LIMITED,London,Yes,Tech,A rating
NOVANTA TECHNOLOGIES UK LIMITED,Stockport,,Tech,A rating
NOVARA CONSULTANTS LTD,London,Yes,Consultancy,A rating
NOVOTECH DIGITAL LTD,London,Yes,Tech,A rating
NPAB CONSULTANCY LIMITED,Wembley,Yes,Consultancy,A rating
NQ Candy Consultants Ltd,Manchester,,Consultancy,A rating
NRG Consulting (GB) Ltd,London,Yes,Consultancy,A rating
NRX Digital Limited,Essex,,Tech,A rating
NS Solutions IT Consulting Europe Ltd,London,Yes,Consultancy,A rating
NSI Consultancy Ltd,London,Yes,Consultancy,A rating
NTT Cloud Communications UK Ltd,London,Yes,Tech,A rating
NTT DATA Services UK Limited,London,Yes,Tech,A rating
NTT DATA UK LIMITED,London,Yes,Tech,A rating
NTT Data Business Solutions Limited,London,Yes,Tech,A rating
NTT Global Data Centers EMEA UK Ltd,Hemel Hempstead,,Tech,A rating
NU WEB SYSTEMS LTD,Manchester,,Tech,A rating
NUEVA BUSINESS CONSULTING LIMITED,BRENTFORD,Yes,Consultancy,A rating
NUIMAGE CONSULTS LIMITED,Ponteland,,Consultancy,A rating
NUMBER SEVEN FOOD TECHNOLOGY LIMITED,London,Yes,Tech,A rating
NURANI CONSULTANCY LTD,London,Yes,Consultancy,A rating
NURKAS CONSULTANCY LTD,London,Yes,Consultancy,A rating
NWAN Tech Ltd,Havant,,Tech,A rating
NXT Infotech Limited,Dartford,,Tech,A rating
NY TECH DIGITAL LTD,London,Yes,Tech,A rating
NYALAPOGULA CONSULTANCY SERVICES LIMITED,DERBY,,Consultancy,A rating
NZ Consultants London Ltd,London,Yes,Consultancy,A rating
Naanitech consultants Limited,Gloucester,,Consultancy,A rating
Nagarro Software Ltd,London,Yes,Tech,A rating
Naina Technologies Ltd,London,Yes,Tech,A rating
Namo Technologies Ltd,Watford,,Tech,A rating
Nano AI LTD,London,Yes,Tech,A rating
Nano-Tech Aviation Ltd,Slough,,Tech,A rating
NanoString Technologies Europe Limited,Bristol,,Tech,A rating
Nanoco Technologies Limited,Runcorn,,Tech,A rating
Nanook Advisors,London,Yes,Consultancy,A rating
Nanosoft Tech Ltd,London,Yes,Tech,A rating
Nanotemper Technologies Ltd,London,Yes,Tech,A rating
Napatree Capital Advisers Limited,London,Yes,Consultancy,A rating
Napier Technologies Limited,London,Yes,Tech,A rating
Narla Technologies Ltd,Newcastle,,Tech,A rating
Narmico Consulting Servics ltd.,Kings Hill,,Consultancy,A rating
Nasa Consulting Ltd,Bristol,,Consultancy,A rating
Nascent Semiconductor,Durham,,Tech,A rating
Nash Technologies and Consulting Limited,Birmingham,,Tech & Consultancy,A rating
Nasim Consulting Limited,Ebbw Vale,,Consultancy,A rating
Nation WIlcox Systems Ltd.,Sutton Coldfield,,Tech,A rating
National Unplanned Pregnancy Advisory Service Limited,Birmingham,,Consultancy,A rating
Nationwide Platforms Limited,Lutterworth,,Tech,A rating
Native AI Ltd,London,Yes,Tech,A rating
Naturalight Systems,Bedlington,,Tech,A rating
Nature's Consultancy Limited,Essex,,Consultancy,A rating
Nautilus Lab Limited,London,Yes,Tech,A rating
Nav Infotech Ltd,Slough,,Tech,A rating
Navan Labs UK Limited,London,Yes,Tech,A rating
Navigate Digital,London,Yes,Tech,A rating
Navitas Digital Safety Ltd,Coalville,,Tech,A rating
Navitron Systems Ltd,Havant,,Tech,A rating
Navyred Technology and Ecommerce Ltd,London,Yes,Tech,A rating
Navys Technologies Limited,London,Yes,Tech,A rating
Neara Software Ltd,Reading,,Tech,A rating
Neasden Computers Limited,London,Yes,Tech,A rating
Neem Consulting LTD,London,Yes,Consultancy,A rating
Neg Architectural Systems Ltd,Washington,,Tech,A rating
Nell Computers Ltd,Slough,,Tech,A rating
Nendrasys Technologies UK Limited,Milton Keynes,,Tech,A rating
Neo System Automation Ltd,Essex,,Tech,A rating
Neo Technology Limited,London,Yes,Tech,A rating
Neo-Global Technology Ltd,Hallow,,Tech,A rating
Neofin Advisory Ltd,London,Yes,Consultancy,A rating
Neosalpha Technologies Limited,Maidenhead,,Tech,A rating
Neovation Consultancy Services Limited,Gerrards Cross,,Consultancy,A rating
Nephos Technologies,London,Yes,Tech,A rating
Nervecentre Software Ltd,Wokingham,,Tech,A rating
Nest Digital Limited,London,Yes,Tech,A rating
Net Zero Technology Centre Limited,Aberdeen,,Tech,A rating
NetCracker Technology EMEA Ltd,Histon,,Tech,A rating
NetMind.AI Ltd,London,Yes,Tech,A rating
Netcore Cloud Limited,London,Yes,Tech,A rating
Netsol Technologies Europe Limited,Horsham,,Tech,A rating
Network Communication Systems Ltd,Doncaster,,Tech,A rating
Neurapses Technologies Ltd,Wimbledon,Yes,Tech,A rating
Neutronic Technologies Ltd,Warrington,,Tech,A rating
New Horizon Global Advisory Ltd,London,Yes,Consultancy,A rating
New Mark Advisors Limited,London,Yes,Consultancy,A rating
New Medical Systems Limited,Fareham,,Tech,A rating
New Model Institute for Technology and Engineering,Hereford,,Tech,A rating
New Motion Labs Ltd,Exeter,,Tech,A rating
New Oriental Vision Overseas Consulting (U.K.) Limited,London,Yes,Consultancy,A rating
New Street Consulting Group Limited,London,Yes,Consultancy,A rating
New World Capital Advisors Limited,London,Yes,Consultancy,A rating
New World Software Europe Limited,Swindon,,Tech,A rating
Newbury Digital Limited,Newbury,,Tech,A rating
Newsco Software Limited,Dumfries,,Tech,A rating
Newsom Consulting Limited,Brighton,,Consultancy,A rating
Newton Consulting Limited,Kingston Bagpuize,,Consultancy,A rating
Newton Tax Advisory,London,Yes,Consultancy,A rating
Newway Consultancy Limited,London,Yes,Consultancy,A rating
Nexcade AI Limited,London,Yes,Tech,A rating
Nexer Digital Ltd,Macclesfield,,Tech,A rating
Next Gate Tech Limited,London,Yes,Tech,A rating
NextLevel Pro Ltd  t/a Guard dog Digital,Ipswich,,Tech,A rating
NextLevel Software Innovations,Stafford,,Tech,A rating
NextMove Software Limited,Cambridge,,Tech,A rating
NextPharma Technologies Holding Limited,London,Yes,Tech,A rating
NextWave Consulting Ltd,London,Yes,Consultancy,A rating
Nextgen Automation Limited,Manchester,,Tech,A rating
Nextgen Technology Limited,Wokingham,,Tech,A rating
Nextview Consulting UK Limited,Manchester,,Consultancy,A rating
Nexus Cyber security,London,Yes,Tech,A rating
Nexus Frontier Tech Ltd,London,Yes,Tech,A rating
Niagara Energy Consultancy Ltd,Micheldever,,Consultancy,A rating
Nibble Technology Limited,London,Yes,Tech,A rating
Nickel Digital Asset Management Limited,London,Yes,Tech,A rating
Nicoli Consulting Ltd,London,Yes,Consultancy,A rating
Nigel Wright Consultancy Limited,Newcastle upon Tyne,,Consultancy,A rating
Nihon Cyber Defence Ltd,Belfast,,Tech,A rating
Nikao Technology Limited,London,Yes,Tech,A rating
Nils Consultancy Limited,London,Yes,Consultancy,A rating
Nimbus Digital & Technology Innovations,Stratford-upon-Avon,,Tech,A rating
Nimbus Property Systems Ltd,Warwick,,Tech,A rating
Nimisha Consulting Limited,London,Yes,Consultancy,A rating
Nine Consulting Ltd,Chippenham,,Consultancy,A rating
Ninety Consulting Ltd,London,Yes,Consultancy,A rating
Niresh Accountancy & Consultancy Ltd,London,Yes,Consultancy,A rating
Nirlak Consultancies Ltd,Middlesex,,Consultancy,A rating
Nirvana Intelligent Systems Limited T/A NISYST,Bolton,,Tech,A rating
Nish Infotech Ltd,Orpington,Yes,Tech,A rating
Nishkkalaa Technologies Ltd,Reading,,Tech,A rating
Nitron Racing Systems,Witney,,Tech,A rating
Nityo Infotech Ltd,Reading,,Tech,A rating
Nium Fintech Ltd,London,Yes,Tech,A rating
Niyanth Media & Technology Limited,Southall,Yes,Tech,A rating
No Label Ventures Adviser Limited,London,Yes,Consultancy,A rating
Noddington Technologies Limited,London,Yes,Tech,A rating
NodeWeave Technologies Limited,Faversham,,Tech,A rating
Nodes Technologies Limited,Reading,,Tech,A rating
Noise Consultants Ltd,Warrington,,Consultancy,A rating
Nomad Digital Limited,Derby,,Tech,A rating
NonStop Consulting Ltd.,London,Yes,Consultancy,A rating
Noon Tech Limited,London,Yes,Tech,A rating
Nordic Capital Investment Advisory LLP,London,Yes,Consultancy,A rating
Nordic Semiconductor UK Ltd,Bristol,,Tech,A rating
Norr Consultants Limited,Cambridge,,Consultancy,A rating
North Wind Digital Limited,East Cowes,,Tech,A rating
NorthPeak Advisory Limited,London,Yes,Consultancy,A rating
Northern Data Services (UK) Limited,London,Yes,Tech,A rating
Northey Tech ltd,Poole,,Tech,A rating
Northfleet Technology College,Northfleet,,Tech,A rating
Northlander Commodity Advisors LLP,London,Yes,Consultancy,A rating
Northslope Technologies Limited,Bristol,,Tech,A rating
Northstar Consultancy Ltd,London,Yes,Consultancy,A rating
Nourish Care Systems Ltd,Bournemouth,,Tech,A rating
NovNat Tech Ltd,Dudley,,Tech,A rating
Nova Pangaea Technologies (UK) Limited,Redcar,,Tech,A rating
Nova Systems (International )Ltd,Bournemouth,,Tech,A rating
Novas High Technology Ltd,Aylesford,,Tech,A rating
Novastar Infotech Limited,Milton Keynes,,Tech,A rating
Novatum Tech Limited,London,Yes,Tech,A rating
Novee AI Limited,London,Yes,Tech,A rating
Novel Engineering Consultants ltd,Nailsworth,,Consultancy,A rating
Novi Digital Limited,Lancaster,,Tech,A rating
Novira Technologies Limited,Newport,,Tech,A rating
Novo Management Consulting Limited,Purley,Yes,Consultancy,A rating
Novo Tech Solutions Ltd,"Frimley, Camberley",,Tech,A rating
Novo Technologies Ltd,Cheltenham,,Tech,A rating
Novyy Technologies Limited,Preston,,Tech,A rating
Noya Wealth Consulting Ltd,London,Yes,Consultancy,A rating
Ntek Consultancy Ltd,Hounslow,Yes,Consultancy,A rating
Nteractive Consulting & Events Ltd,Staines-upon-Thames,,Consultancy,A rating
Nuffield Technologies Ltd,Poole,,Tech,A rating
Nugen Consultants Ltd,Uxbridge,Yes,Consultancy,A rating
Nugi Technologies UK Ltd,Ealing,Yes,Tech,A rating
NumberEight Technologies Ltd,Norfolk,,Tech,A rating
Numerica Risk Management and Consulting Ltd,Leicester,,Consultancy,A rating
Numerix Software LTD,London,Yes,Tech,A rating
Nuprint Technologies Ltd,Londonderry,Yes,Tech,A rating
Nwave Technologies Ltd,London,Yes,Tech,A rating
Nyas Technology Limited,London,Yes,Tech,A rating
O'Neill Engineering Consultancy Limited,High Wycombe,,Consultancy,A rating
OC&C Strategy Consultants,London,Yes,Consultancy,A rating
OCS Consulting plc,Borehamwood,,Consultancy,A rating
OCaml Labs Consultancy Limited,Cambridge,,Tech & Consultancy,A rating
OE QORBAN CONSULT LIMITED,NETHER POPPLETON,,Consultancy,A rating
OE TECHNOLOGY LTD,Cambridge,,Tech,A rating
OEE Container Technology Limited,Carlisle,,Tech,A rating
OES CONSULTING CIVILS LIMITED,Dudley,,Consultancy,A rating
OFFSHORE CONSTRUCTION CONSULTANTS LIMITED,London,Yes,Consultancy,A rating
OFR Consultants Limited,Manchester,,Consultancy,A rating
OGL Advisors Limited,London,Yes,Consultancy,A rating
OKX UK FinTech Company LImited,London,Yes,Tech,A rating
OLIVALIS CONSULTING LTD,London,Yes,Consultancy,A rating
OLIVIER JULLIAN CONSULTANT LTD,London,Yes,Consultancy,A rating
OMAIRA CONSULTING GROUP LTD,London,Yes,Consultancy,A rating
OMBA Advisory & Investments Limited,London,Yes,Consultancy,A rating
OMEGA ENGINEERING & CONSULTANCY GROUP LIMITED,"Portchester, Fareham",,Consultancy,A rating
OMG CONSULTING LTD,LONDON,Yes,Consultancy,A rating
ON Semiconductor Limited,"Bracknell, Berkshire",,Tech,A rating
ONE Advisory Limited,London,Yes,Consultancy,A rating
ONEAFRICA TECHNOLOGIES LTD,MANCHESTER,,Tech,A rating
ONEAPPS ENTERPRISE TECHNOLOGIES LTD,Sutton,Yes,Tech,A rating
ONSECURITY TECHNOLOGY LIMITED,Bristol,,Tech,A rating
ONVU TECHNOLOGIES LIMITED,LONDON,Yes,Tech,A rating
OPAL CONSULTANCY LTD,BRENTWOOD,,Consultancy,A rating
OPEN DOOR YOUNG PEOPLE'S CONSULTATION SERVICE,LONDON,Yes,Consultancy,A rating
OPENSOFT TECHNOLOGIES LIMITED,Worcester Park,Yes,Tech,A rating
OPTIMISTIC TECH SERVICES LIMITED,Manchester,,Tech,A rating
OPTIRISK SYSTEMS LTD,UXBRIDGE,Yes,Tech,A rating
OPTO-E TECH LIMITED,London,Yes,Tech,A rating
ORCA Computing LTD,London,Yes,Tech,A rating
ORIENT ARCHITECTURAL SYSTEMS LTD,Barking,Yes,Tech,A rating
ORM Systems UK Ltd,Stanmore,Yes,Tech,A rating
ORPHEX TECH LIMITED,Marlow,,Tech,A rating
ORS Consulting (UK) Limited,Aberdeen,,Consultancy,A rating
OSA Systems ltd,Witney,,Tech,A rating
OSE CONSULTING LTD,NOTTINGHAM,,Consultancy,A rating
OSF DIGITAL UK LTD,London,Yes,Tech,A rating
OSLAC CONSULTING LTD,WEMBLEY,Yes,Consultancy,A rating
OSS Digital Consulting Limited,Feltham,Yes,Tech & Consultancy,A rating
OTHER SOLUTIONS Consulting,London,Yes,Consultancy,A rating
OTO Technologies Limited,Blackburn,,Tech,A rating
OXBYTE TECH LIMITED,Oxford,,Tech,A rating
OXCCU Tech Ltd,Begbroke,,Tech,A rating
OXFORD CANCER ANALYTICS LTD,Oxford,,Tech,A rating
OXFORD INNOVATION CONSULTING LTD,Malvern,,Consultancy,A rating
OXFORD MOBILES & COMPUTERS LTD,Oxford,,Tech,A rating
OYO Technology and Hospitality (UK) Ltd,London,Yes,Tech,A rating
OZ IT CONSULTANCY LTD,London,Yes,Consultancy,A rating
Oak Hill Advisors (U.K. Services) Limited,London,Yes,Consultancy,A rating
Oak Smart Technology Limited,Leicester,,Tech,A rating
Oakleigh SAS Consultancy Limited,Bradford,,Consultancy,A rating
Objectivus Financial Consulting,London,Yes,Consultancy,A rating
Ocean Blue Software Limited,Bristol,,Tech,A rating
Ocean Science Consulting Ltd,Dunbar,,Consultancy,A rating
Oceanic Technologies Limited,Watford,,Tech,A rating
Octophin Digital Limited,London,Yes,Tech,A rating
Ocula Technologies Limited,Barnes,Yes,Tech,A rating
Oculo Technologies Ltd,London,Yes,Tech,A rating
Odfjell Technology (UK) Ltd,Aberdeen,,Tech,A rating
Odfjell Technology Ltd,Aberdeen,,Tech,A rating
Odqa Renewable Energy Technologies Limited,Oxford,,Tech,A rating
Odyssey Computing Limited,London,Yes,Tech,A rating
"Office of Design, Architecture & Consultant Engineers Ltd",London,Yes,Consultancy,A rating
Oil & Gas Systems Limited,Ely,,Tech,A rating
Oilfield Production Consultants (OPC) Limited,London,Yes,Consultancy,A rating
Olive Technologies Ltd,Reading,,Tech,A rating
Oliveoaks Consulting Ltd,Aberdeen,,Consultancy,A rating
Olix Computing Limited,London,Yes,Tech,A rating
Olympus Automation Limited,Peterborough,,Tech,A rating
Omagh Aluminium Systems Ltd,Omagh,,Tech,A rating
Omanos Analytics Ltd,Glasgow,,Tech,A rating
Omega X Systems Ltd,Watlington,,Tech,A rating
Omim Technology Limited t/a Mimo,London,Yes,Tech,A rating
Omkaar Systems Limited,Borehamwood,,Tech,A rating
Omnia Smart technologies Ltd,Fleet,,Tech,A rating
Omsai Consulting Ltd,Maidenhead,,Consultancy,A rating
On Fleek Tech Ltd,London,Yes,Tech,A rating
OnCloud Consulting (Scotland) Ltd,Edinburgh,,Consultancy,A rating
One Luxury Group Advisors LLP,London,Yes,Consultancy,A rating
One Point Consulting Ltd,London,Yes,Consultancy,A rating
One Stop Phone Solution Ltd T/AS Sunny Phones and Computers,Sheffield,,Tech,A rating
One Voice Consulting Limited,Wokingham,,Consultancy,A rating
OneStock Software Ltd,London,Yes,Tech,A rating
OneTrust Technology Limited,London,Yes,Tech,A rating
Oneio Cloud UK Limited,London,Yes,Tech,A rating
Oneshot.ai Limited,Gerrards Cross,,Tech,A rating
Onevoice Digital Limited,Manchester,,Tech,A rating
Onex Partners Advisor UK LLP,London,Yes,Consultancy,A rating
Online Oceans Robotics Limited,Christchurch,,Tech,A rating
Ontik Technologies Limited,London,Yes,Tech,A rating
Onward Technologies Ltd,Birmingham,,Tech,A rating
Op-tec Systems Ltd,Stockport,,Tech,A rating
Opal Food Processing Systems Limited,St Ives,,Tech,A rating
Open Box Software Limited,Rochester,,Tech,A rating
Open Data Services Cooperative Limited,Manchester,,Tech,A rating
Open Education AI CIC,Covent Garden,Yes,Tech,A rating
Open Network Systems Limited,London,Yes,Tech,A rating
"Open Space Labs UK, Limited",Reading,,Tech,A rating
Open Technology Services UK Limited,London,Yes,Tech,A rating
Open Trade Technology Ltd,Altrincham,,Tech,A rating
OpenDialog AI Limited,London,Yes,Tech,A rating
OpenESG Platform Ltd,London,Yes,Tech,A rating
OpenSymmetry Consulting Limited,London,Yes,Consultancy,A rating
Opencast Software Europe Limited,Newcastle-Upon-Tyne,,Tech,A rating
Opensoft Systems Ltd,Knaresborough,,Tech,A rating
Openwave Systems Ltd.,Belfast,,Tech,A rating
Opinr UK Software Limited,London,Yes,Tech,A rating
Oponee CONSULTING AND CONSTRUCTION LTD,Wolverhampton,,Consultancy,A rating
Opsmatix Systems Ltd,London,Yes,Tech,A rating
Opteran Technologies Ltd,Sheffield,,Tech,A rating
Optima Consulting Partners Limited,London,Yes,Consultancy,A rating
Optima Energy Systems Limited,Manchester,,Tech,A rating
Optima Training & Consultancy Limited,Harlow,,Consultancy,A rating
Optimal Industrial Automation Limited,Yate,,Tech,A rating
Optimal Technologies Limited,Letchworth Garden City,,Tech,A rating
Optimum Drywall Systems Limited,BRISTOL,,Tech,A rating
Options Technology Limited,London,Yes,Tech,A rating
Optix Software Ltd,York,,Tech,A rating
Optometric Technology Group Ltd,London,Yes,Tech,A rating
Optrak Distribution Software Limited,Ware,,Tech,A rating
Oracle Financial Services Software B.V.,London,Yes,Tech,A rating
Orbis Advisory Limited,London,Yes,Consultancy,A rating
Orbis Consultants Limited,London,Yes,Consultancy,A rating
Orbis Investment Advisory Limited,London,Yes,Consultancy,A rating
Orbit Financial Technology Limited,London,Yes,Tech,A rating
Orbital Gas Systems Limited,Stone,,Tech,A rating
Orcades Marine Management Consultants Ltd.,Kirkwall,,Consultancy,A rating
Ordu Consultancy Ltd,London,Yes,Consultancy,A rating
Organise Platform HQ Ltd,London,Yes,Tech,A rating
Organix Consulting Limited,Newcastle upon Tyne,,Consultancy,A rating
Origin Tech Ltd,Gateshead,,Tech,A rating
Orion Global Advisors UK Limited,London,Yes,Consultancy,A rating
Orion Practice Management Systems Ltd,GLASGOW,,Tech,A rating
Orion Technologies Limited,London,Yes,Tech,A rating
Orluna LED Technologies Limited,Dunstable,,Tech,A rating
Ormonde Advisory Limited,London,Yes,Consultancy,A rating
Orpheus Technology Limited,London,Yes,Tech,A rating
Orta Tech Ltd,Salford Quays,,Tech,A rating
Ortus Technology Ltd,Sudbury,,Tech,A rating
Osman Consulting Ltd,Solihull,,Consultancy,A rating
Osmosys Software Solutions UK Limited,"London,",Yes,Tech,A rating
Osteopathic Consultancy,Camberley,,Consultancy,A rating
Ostrum Tech Limited,Crawley,,Tech,A rating
Otta Technology Limited t/a Otta,London,Yes,Tech,A rating
Out In Tech Ltd,London,Yes,Tech,A rating
Outpost Technologies Ltd,London,Yes,Tech,A rating
Outsource Automation Solutions Ltd,Sandbach,,Tech,A rating
Oval Systems Limited t/as Oval Business Solutions,Godalming,,Tech,A rating
Overthrow Digital Ltd,London,Yes,Tech,A rating
Ovo Consulting Limited,Watford,,Consultancy,A rating
Oxera Consulting LLP,Oxford,,Consultancy,A rating
Oxford Comma Advisory Ltd,London,Yes,Consultancy,A rating
Oxford Expression Technologies Ltd,Oxford,,Tech,A rating
Oxford Gene Technology IP Limited,Kidlington,,Tech,A rating
Oxford Information Labs Ltd,Oxford,,Tech,A rating
Oxford Investment Consultants LLP,Oxford,,Consultancy,A rating
Oxford Nanopore Technologies plc.,Oxford,,Tech,A rating
Oxford Robotics Ltd trading as Dynium Robot,Reading,,Tech,A rating
Oxford Semantic Technologies Limited,Oxford,,Tech,A rating
Oxford Space Systems Ltd,Harwell Oxford,,Tech,A rating
Oxmit Technologies Limited,Cheadle,,Tech,A rating
Oxvalue.AI Limited,Oxfordshire,,Tech,A rating
Ozone Financial Technology Limited,London,Yes,Tech,A rating
Ozumba Training and Consultancy Services Limited trading as EMINENT DOMICILIARY CARE AGENCY,Croydon,Yes,Consultancy,A rating
P & P HOTEL CONSULTANCY (UK) LIMITED,LONDON,Yes,Consultancy,A rating
P & TECH SOLUTION LTD,WALSALL,,Tech,A rating
P McVey Building Systems,Toomebridge,,Tech,A rating
P. Ducker Systems Ltd,Derby,,Tech,A rating
PACKWOOD TECHNOLOGY LTD,Birmingham,,Tech,A rating
PADGETT BUSINESS CONSULTANTS LIMITED,London,Yes,Consultancy,A rating
PAG Advisers LLP,London,Yes,Consultancy,A rating
PAI CONSULTANT LTD,London,Yes,Consultancy,A rating
PALABRA.AI LTD,London,Yes,Tech,A rating
PAMPLONA CAPITAL ADVISORS LIMITED,LONDON,Yes,Consultancy,A rating
PARADIGM ADVISORY SERVICES LIMITED,London,Yes,Consultancy,A rating
PARAM TECHNOLOGIES LIMITED,"Ilford,",,Tech,A rating
PARAMOUNT CONSULTING GROUP LTD,Letchworth,,Consultancy,A rating
PASSION TECHNOLOGIES LTD,Chigwell,,Tech,A rating
PATH2 STRATEGY & CO. CONSULTANCY LTD,London,Yes,Consultancy,A rating
PATHFINDER TECHNOLOGY LIMITED,Chesham,,Tech,A rating
PAVE FINTECH LIMITED,London,Yes,Tech,A rating
PAVEGEN SYSTEMS,LONDON,Yes,Tech,A rating
PB SAFETY CONSULTANCY LTD,BEDFORD,,Consultancy,A rating
PC Business Consulting Ltd,Altrincham,,Consultancy,A rating
PC Peripherals Ltd t/a Mesh Computers,London,Yes,Tech,A rating
PC TECHNOLOGY LTD,Birmingham,,Tech,A rating
PCS Consulting Force LTD,Wembley,Yes,Consultancy,A rating
PDS Engineering Consultants LTD,Kent,,Consultancy,A rating
PDV Consultants Limited,Belfast,,Consultancy,A rating
PEAK CYBER ACADEMY LTD,London,Yes,Tech,A rating
PEAKPOINT CONSULTANCY LTD,COVENTRY,,Consultancy,A rating
PEARL CONTROL SYSTEMS LIMITED,Peterborough,,Tech,A rating
PEARL SMILE DIGITAL DENTAL LAB LTD,"Birmingham,",,Tech,A rating
PEARL TRAINING AND CONSULTANCY SERVICE LIMITED,London,Yes,Consultancy,A rating
PEKER CONSULTANCY LIMITED,LONDON,Yes,Consultancy,A rating
PENTAGON IT CONSULTANCY LIMITED,Hounslow,Yes,Consultancy,A rating
PERA & PARTNERS LEGAL CONSULTANCY LTD,Waltham Cross,,Consultancy,A rating
PERCIPERE CONSULTING LTD,London,Yes,Consultancy,A rating
PERFECT DIGITAL LTD,London,Yes,Tech,A rating
PERO TECHNOLOGIES LTD,Crook,,Tech,A rating
PERSE TECHNOLOGY LIMITED,LONDON,Yes,Tech,A rating
PG DIGITAL LTD,Kent,,Tech,A rating
PGP (UK) Ltd t/as Data Innovations,Edinburgh,,Tech,A rating
PH CONSULTATION UK LTD,London,Yes,Consultancy,A rating
PH Water Technologies,Farnborough,,Tech,A rating
PHARMIX TECHNOLOGIES LIMITED,Manchester,,Tech,A rating
PHG Consulting Engineers,Cardiff,,Consultancy,A rating
PHINXT Robotics LTD,LONDON,Yes,Tech,A rating
PHOENIX OPTICAL TECHNOLOGIES LIMITED,St. Asaph,,Tech,A rating
PHOENIX SYSTEMS UK LIMITED,FAREHAM,,Tech,A rating
PHONE CLOUD PLUS LTD,"Hull, East Riding Of Yorkshire",,Tech,A rating
PHONE N COMPUTER ZONE LTD,Oldham,,Tech,A rating
PHONE TECH GL1 LTD,Swindon,,Tech,A rating
PHOTON SYSTEMS LIMITED,West Molesey,,Tech,A rating
PHOTON TECHNOLOGIES LIMITED,Bristol,,Tech,A rating
PI SQUARE TECHNOLOGIES UK PVT LTD,Slough,,Tech,A rating
PIANO SOFTWARE LTD,London,Yes,Tech,A rating
PICOLAB TECHNOLOGIES LTD,Liverpool,,Tech,A rating
PICS Telecom International Limited,Severnside,,Tech,A rating
PINAKINI TECH SOLUTIONS LTD,London,Yes,Tech,A rating
PINE IT CONSULTING LTD,London,Yes,Consultancy,A rating
PINNATUM CONSULTANCY LTD,London,Yes,Consultancy,A rating
PIONEER CONSULTANCY SERVICES UK LIMITED,"Percy Street, Swindon,",,Consultancy,A rating
PIONEER TECH UK LTD,Essex,,Tech,A rating
PIONEERS CONSULTING LTD,London,Yes,Consultancy,A rating
PIRAI INFOTECH LIMITED,Bracknell,,Tech,A rating
PISMO Labs UK LTD,Bristol,,Tech,A rating
PJD Tax Consultants,London,Yes,Consultancy,A rating
PJN Infotech Limited,Liverpool,,Tech,A rating
PJS Consulting Engineers Limited,Nottingham,,Consultancy,A rating
PKF Smith Cooper Systems Limited,Derby,,Tech,A rating
PKM Consulting Services LTD,Farnborough,,Consultancy,A rating
PLANLAB.AI LIMITED,LONDON,Yes,Tech,A rating
PLATFORM AE LTD,Luton,,Tech,A rating
PLATFORM PERK LTD,Bracknell,,Tech,A rating
PMB Battery Technologies UK Ltd,Blaenau,,Tech,A rating
PMPS Consulting Ltd,London,Yes,Consultancy,A rating
PMY TECHNOLOGIES (UK) LIMITED,London,Yes,Tech,A rating
PNZ IT CONSULTANTS LIMITED,Birmingham,,Consultancy,A rating
POINT CONSULTANT LIMITED,LONDON,Yes,Consultancy,A rating
PORTLETHEN COMPUTER (SERVICES) LIMITED,Aberdeen,,Tech,A rating
PORTMAN DIGITAL MARKETING LTD,LONDON,Yes,Tech,A rating
POSITIVE DIGITAL LIMITED - T/A Brand Potential,London,Yes,Tech,A rating
POWREADY TECHNOLOGIES LTD,London,Yes,Tech,A rating
PP Tech Solutions Ltd,Bristol,,Tech,A rating
PQS Tech Solutions Ltd,Leeds,,Tech,A rating
PRAB CONSULTANCY SERVICES LIMITED,London,Yes,Consultancy,A rating
PRADHA INFOTECH LTD,Milton Keynes,,Tech,A rating
PRATHAM SOFTWARE LTD,HARROGATE,,Tech,A rating
PREMIER BOOKS CONSULTANCY LTD,SHEFFIELD,,Consultancy,A rating
PREMIER BUSINESS ADVISORS LTD,"Richmond,",,Consultancy,A rating
PREP SMART CONSULTING LIMITED,London,Yes,Consultancy,A rating
PRICEBUY LIMITED T/A TRAFFIC DATA CENTRE,RUISLIP,Yes,Tech,A rating
PRIME INTERNATIONAL CONSULTANCY LIMITED,London,Yes,Consultancy,A rating
PRIME TAXTRUST ADVISORY LTD,Croydon,Yes,Consultancy,A rating
PRIME TECH IT SOLUTIONS LTD,Wembley,Yes,Tech,A rating
PRIMIS LEX CONSULTING LTD,London,Yes,Consultancy,A rating
PRIORITY CONSULTANCY LTD,LONDON,Yes,Consultancy,A rating
PRMA Consulting Ltd,Fleet,,Consultancy,A rating
PRO GOODS & TECH LTD T/A Swansea Mobiles,"Swansea, Wales",,Tech,A rating
PRO-B CONSULTANCY LTD,London,Yes,Consultancy,A rating
PRODO SOCIAL SOFTWARE LTD,Chester,,Tech,A rating
PROFESSIONAL LEARNING AND CONSULTING HUB LIMITED,HARROW,Yes,Consultancy,A rating
PROFITWISE CONSULTANTS LTD,Barking,Yes,Consultancy,A rating
PROFOUND CONSULTANTS LIMITED,Rochdale,,Consultancy,A rating
PROMET TECHNOLOGY LTD,LONDON,Yes,Tech,A rating
PROMISED CONSULTANTS LIMITED,Ilford,Yes,Consultancy,A rating
PROPERTYFLOW TECHNOLOGIES LTD,London,Yes,Tech,A rating
PROPUS TECH LTD,LONDON,Yes,Tech,A rating
PROSPERITY CONSULTANTS LIMITED,Crawley,,Consultancy,A rating
PROSPIRE TECHNOLOGIES LTD,Hull,,Tech,A rating
PROTAX CONSULTANTS LTD,London,Yes,Consultancy,A rating
PRS Consultancy services ltd,Reading,,Consultancy,A rating
PSD POSEIDON GLOBAL CONSULTING LTD,London,Yes,Consultancy,A rating
PSK Metonym Systems Ltd,Rainham,Yes,Tech,A rating
PSS Consulting Solutions UK Limited,Tarporley,,Consultancy,A rating
PSS TECH SERVICES LTD,Basildon,,Tech,A rating
PTI Digital,London,Yes,Tech,A rating
PU Tech Ltd,Leicester,,Tech,A rating
PULSAR CONSULTING LTD,Yateley,,Consultancy,A rating
PUNEETH CONSULTANTS LTD,North Ferriby,,Consultancy,A rating
PURE TECH CONSULTANCY LIMITED,LONDON,Yes,Tech & Consultancy,A rating
PUREAN SOLUTIONS AND TECHNOLOGY LTD,Milton Keynes,,Tech,A rating
PURVIEW CONSULTANCY SERVICES LTD,Edinburgh,,Consultancy,A rating
PVS INFOTECH LTD,Coventry,,Tech,A rating
PYMATEK AUTOMATION LIMITED,Hednesford,,Tech,A rating
Pacific Consulting Group UK Limited,London,Yes,Consultancy,A rating
Pacific Green Technologies (UK) Limited,London,Yes,Tech,A rating
Pacific Prime Consultants Limited,London,Yes,Consultancy,A rating
Pacific Rim Security Consultancy UK Ltd,London,Yes,Consultancy,A rating
Pacific Security Systems Ltd,London,Yes,Tech,A rating
Packaging Automation Ltd,Knutsford,,Tech,A rating
Paddington Robotics,London,Yes,Tech,A rating
Palantir Technologies UK Limited,London,Yes,Tech,A rating
Pallinghurst Advisors LLP,London,Yes,Consultancy,A rating
Palm Capital Advisors Limited,London,Yes,Consultancy,A rating
Palm Technologies Limited,London,Yes,Tech,A rating
Palmaris Consulting Ltd,London,Yes,Consultancy,A rating
Palmer Energy Technology Limited,London,Yes,Tech,A rating
Palmsys Consulting Ltd,Leeds,,Consultancy,A rating
Pancredit Systems Ltd,Worthing,,Tech,A rating
Pangaea Data Ltd,London,Yes,Tech,A rating
Pankl Racing Systems UK Ltd,Wigston,,Tech,A rating
Pantheon Platform UK Limited,London,Yes,Tech,A rating
Papaya Technologies Ltd,St. Albans,,Tech,A rating
Paper River Consulting Ltd,Warwick,,Consultancy,A rating
Papillon Digital Ltd,London,Yes,Tech,A rating
Paradigm Communication Systems Ltd,Alton,,Tech,A rating
Paradigm Flow Technologies Limited,Aberdeen,,Tech,A rating
Paradime Labs Ltd,London,Yes,Tech,A rating
Parallel Consulting Global Ltd.,London,Yes,Consultancy,A rating
Parallel Consulting Ltd,London,Yes,Consultancy,A rating
Param Info Technology Services Ltd,Brentford,Yes,Tech,A rating
Parametric Technology (UK) Limited,Bristol,,Tech,A rating
Parisse Care Consulting Limited,Swanley,,Consultancy,A rating
Parity Technologies Limited,London,Yes,Tech,A rating
Park Air Systems Limited,Peterborough,,Tech,A rating
Park Computers Ltd,Blackburn,,Tech,A rating
Park Place Technologies Limited,London,Yes,Tech,A rating
Parliamentary Advisory Council for Transport Safety,London,Yes,Consultancy,A rating
Parsons Consulting Engineers Ltd,Whittlesey,,Consultancy,A rating
Partner Property Consultants Limited,London,Yes,Consultancy,A rating
Partners in Change Consulting Limited,Manchester,,Consultancy,A rating
Passenger Transport Software Limited,London,Yes,Tech,A rating
Passion Digital Ltd,London,Yes,Tech,A rating
Path Advisory Limited,London,Yes,Consultancy,A rating
Patika Global Technology Limited,London,Yes,Tech,A rating
Patina Cloud Services Limited,Stretford,,Tech,A rating
Patrick Distinct Consulting Limited,Rotherham,,Consultancy,A rating
Patron Capital Advisers LLP,London,Yes,Consultancy,A rating
Paua Tech Limited,Clacton On Sea,,Tech,A rating
Paul Mason Consulting Ltd,Abingdon,,Consultancy,A rating
Paxos Technology Limited,London,Yes,Tech,A rating
Paye Pass Software Solutions Limited,Liverpool,,Tech,A rating
Payment Systems Europe Limited,London,Yes,Tech,A rating
Paymob Technology Limited,London,Yes,Tech,A rating
Paysecure Technology Ltd,LONDON,Yes,Tech,A rating
Peach Loves Digital Limited,Southampton,,Tech,A rating
Peacock Technology Limited,Stirling,,Tech,A rating
Peak AI Limited,Manchester,,Tech,A rating
Peak Digital Ltd,Northampton,,Tech,A rating
Peanut App Limited,London,Yes,Tech,A rating
Pearson Lloyd Design Consultancy Limited,London,Yes,Consultancy,A rating
Pedersen & Partners Consultancy Ltd,Wickford,,Consultancy,A rating
Pell Frischmann Consultants Ltd,London,Yes,Consultancy,A rating
Penfold Technology Limited,London,Yes,Tech,A rating
Penman Consulting Limited,Bridlington,,Consultancy,A rating
PennEngineering Fastening Technologies (Europe) Ltd,Burnley,,Tech,A rating
Pepper Tech Ltd,Bicester,,Tech,A rating
Perceptive Consulting Solutions Ltd,Harlestone,,Consultancy,A rating
Perceptive Informatics UK Ltd,Nottingham,,Tech,A rating
Perceptual Robotics Limited,BRISTOL,,Tech,A rating
Peregrine Technologies UK Ltd,London,Yes,Tech,A rating
Perfect Data Solutions Limited,Whiteley,,Tech,A rating
Perfect Data Solutions Ltd,Whiteley,,Tech,A rating
Perforce Software UK Ltd,Bracknell,,Tech,A rating
"Periodic Labs UK, Ltd",London,Yes,Tech,A rating
Permira Advisers (London) Limited,London,Yes,Consultancy,A rating
Permutable Technologies Limited,TEDDINGTON,,Tech,A rating
Perplexity AI Ltd,London,Yes,Tech,A rating
Pershing consultants,Godalming,,Consultancy,A rating
Persistent Systems UK Limited,London,Yes,Tech,A rating
Persistent Technologies LTD,Slough,,Tech,A rating
Personal Computer Music Ltd,London,Yes,Tech,A rating
Personal Data Management Limited t/a IE Hub,Cardiff,,Tech,A rating
Personetics Technologies (UK) Ltd,London,Yes,Tech,A rating
Persys Technologies LTD,Stotfold,,Tech,A rating
Perwyn Advisors UK Limited,London,Yes,Consultancy,A rating
Peter Marsh Consulting Ltd,Winchester,,Consultancy,A rating
Petroflow Integrated Consultants (UK),Aberdeen,,Consultancy,A rating
Petroflow Integrated Consultants LTD,Aberdeen,,Consultancy,A rating
Petroleum Software Limited,London,Yes,Tech,A rating
Petroman Consultancy Limited,Crawley,,Consultancy,A rating
Petrus Advisers Limited,London,Yes,Consultancy,A rating
Phalanx Consultancy Limited,London,Yes,Consultancy,A rating
Pharmatelligence Limited t/a Human Data Sciences,Cardiff,,Tech,A rating
Philo Consulting Services Ltd,Sutton Coldfield,,Consultancy,A rating
Phlo Systems Limited,London,Yes,Tech,A rating
Phlux Technology Ltd,Sheffield,,Tech,A rating
Phoebus Software Ltd,Solihull,,Tech,A rating
Phoenix Software Limited,York,,Tech,A rating
Phone Labs Retail LTD,burnley,,Tech,A rating
Phpneshopbristol Limited T/A Tech Revive,bristol,,Tech,A rating
Phytoform Labs Ltd,Harpenden,,Tech,A rating
Pi Labs Limited,London,Yes,Tech,A rating
Picasso Labs Inc,London,Yes,Tech,A rating
Pico Technology,Eaton Socon,,Tech,A rating
Picocom Technology Limited,Bristol,,Tech,A rating
Picture Perfect Data Ltd,Wetherby,,Tech,A rating
Pillar App Ltd,London,Yes,Tech,A rating
Pillar Labs Ltd,Peterborough,,Tech,A rating
Pilz Automation Technology LP,CORBY,,Tech,A rating
Pimberly Software Development Limited,Manchester,,Tech,A rating
Pin Property Consultancy Ltd,Manchester,,Consultancy,A rating
Pinboard Consulting Limited,London,Yes,Consultancy,A rating
Pineapple Technology LTD,London,Yes,Tech,A rating
Pinewood Technologies Group PLC,Solihull,,Tech,A rating
Pinewood Technologies PLC,Solihull,,Tech,A rating
PingPong Digital Ltd.,Birmingham,,Tech,A rating
Pinnacle Computing Support Limited,Belfast,,Tech,A rating
Pinnacle Infotech Limited,London,Yes,Tech,A rating
Pioneering Data Tech Ltd,Glasgow,,Tech,A rating
Pipe Technologies UK Ltd,London,Yes,Tech,A rating
Pipeflex Systems Limited,Bedlington,,Tech,A rating
Pirum Systems Limited,London,Yes,Tech,A rating
Pixel Infotech Ltd,Gravesend,,Tech,A rating
Pixelcode Technologies Limited,"Leyton, London",Yes,Tech,A rating
Plan A Consultants Ltd,London,Yes,Consultancy,A rating
Plan System Data Limited t/a Meterpoint,Hertford,,Tech,A rating
Plan-Analytics Ltd,Birmingham,,Tech,A rating
Planit Consultants Ltd,Godalming,,Consultancy,A rating
Planit Software Limited,Reading,,Tech,A rating
Planit Software Testing,Reading,,Tech,A rating
Planlogic Software Limited,London,Yes,Tech,A rating
Plasma Labs UK Limited,London,Yes,Tech,A rating
Platform 4 Mediterranean Restaurant Limited,Stratford upon Avon,,Tech,A rating
Platform Bidco Limited,London,Yes,Tech,A rating
Platform Communications Group Ltd,London,Yes,Tech,A rating
Platform Manco Ltd,London,Yes,Tech,A rating
Platform Provision,Kingston Upon Hull,,Tech,A rating
Platform Smart,Basingstoke,,Tech,A rating
Platform Store Limited,London,Yes,Tech,A rating
Platform Support Services Limited,London,Yes,Tech,A rating
Platform.sh Limited,Stoke Gifford,,Tech,A rating
Platinum Equity Advisors International (UK) Limited,London,Yes,Consultancy,A rating); (B rating
Platypus Digital,London,Yes,Tech,A rating
Playtech Software Limited,London,Yes,Tech,A rating
Plenitude Consulting Limited,London,Yes,Consultancy,A rating
Pleo Technologies Limited,London,Yes,Tech,A rating
Pleo Technologies Ltd,Farringdon,,Tech,A rating
Plessey Semiconductors Limited,Plymouth,,Tech,A rating
Plum Consulting London LLP,London,Yes,Consultancy,A rating
Plum Fintech,London,Yes,Tech,A rating
Pluto Data Analytics Limited,Brighton,,Tech,A rating
Pod Digital Marketing Two Limited,Lutterworth,,Tech,A rating
Podium Analytics,London,Yes,Tech,A rating
Polar Technology Management Group Limited,"Witney, Eynsham",,Tech,A rating
Polaris Software Solutions Limited,Banbury,,Tech,A rating
Poli Technology Solutions Limited,Southend-On-Sea,,Tech,A rating
Polka Dot Data Ltd,Chandlers Ford,,Tech,A rating
Pollen Technologies Limited,Stockport,,Tech,A rating
Polymer Systems Technology Ltd,HIGH WYCOMBE,,Tech,A rating
Polyn Technology Limited,Fitzrovia,Yes,Tech,A rating
Pomona Europe Advisers Limited,London,Yes,Consultancy,A rating
Pon Pottery Lab Ltd,London,Yes,Tech,A rating
Poolside AI Ltd,London,Yes,Tech,A rating
Poradigm Technologies Ltd.,Belfast,,Tech,A rating
Porex Technologies Limited,Alness,,Tech,A rating
Poro Technologies Ltd,Cambridge,,Tech,A rating
Portage AI UK Limited,London,Yes,Tech,A rating
Portas Consulting Limited,London,Yes,Consultancy,A rating
Porte Consulting Corporate Ltd,London,Yes,Consultancy,A rating
Portia AI Ltd,London,Yes,Tech,A rating
Portico Consulting Ltd,Farnham,,Consultancy,A rating
Portofino Technologies UK Limited,Altrincham,,Tech,A rating
Positron Technologies Ltd T/A TaxScouts,London,Yes,Tech,A rating
Postdot Technologies UK Ltd,London,Yes,Tech,A rating
Potenza Technology Ltd,Basildon,,Tech,A rating
Power CMS Technology Ltd,Richmond,,Tech,A rating
Power Control and Automation Solutions Limited,Sheffield,,Tech,A rating
Power Engineering Consultants plc,Alderley Edge,,Consultancy,A rating
Power System Consultants Limited T/A Smart G Power,London,Yes,Consultancy,A rating
Power Systems Consultants UK Limited,London,Yes,Tech & Consultancy,A rating
PowerX Technology Limited,London,Yes,Tech,A rating
PraChi Tech Ltd,London,Yes,Tech,A rating
Praana Consulting Ltd,Watford,,Consultancy,A rating
Praddy Financial Consultancy Limited,Harrow,Yes,Consultancy,A rating
Pragma Consulting Limited,London,Yes,Consultancy,A rating
Pragmatic Semiconductor Ltd,Cambridge,,Tech,A rating
Pragmatix Advisory Limited,Chelmsford,,Consultancy,A rating
Praktika.ai,St Albans,,Tech,A rating
Pranava Technologies UK Limited,Reading,,Tech,A rating
Pravas Systems Limited,Reading,,Tech,A rating
Praxis IT Services Limited T/A Praxis Digital,Welling,Yes,Tech,A rating
Precis Digital Limited,Hertfordshire,,Tech,A rating
Precisely Software Limited,Reading,,Tech,A rating
Precision Ortho Labs Ltd (T/AS -Precision Full Service Dental / @pfsdental,Cardiff,,Tech,A rating
Precision Technologies Group (PTG) Ltd,Rochdale,,Tech,A rating
Prefrontal AI Ltd,London,Yes,Tech,A rating
Premier Advisory Group Limited,London,Yes,Consultancy,A rating
Premier Marketing and Distribution Ltd trading as Renful Premier Technologies,London,Yes,Tech,A rating
Premise Data UK Limited,London,Yes,Tech,A rating
Premonition Software Limited,London,Yes,Tech,A rating
Prepay Technologies trading as PPS,Swindon,,Tech,A rating
Prerana Consultancy Ltd,Watford,,Consultancy,A rating
Presanne Care Consultancy Ltd,Grays,,Consultancy,A rating
Presentient Technologies Ltd,London,Yes,Tech,A rating
Prestige Consultants Ltd,Croydon,Yes,Consultancy,A rating
Prestons Consultancy Limited,Ilford,Yes,Consultancy,A rating
Prevail Technology Limited,Poole,,Tech,A rating
Prime Business Consultants Limited,London,Yes,Consultancy,A rating
Prime Consultant Services Limited,Slough,,Consultancy,A rating
Prime Consulting (U.K) Ltd,London,Yes,Consultancy,A rating
Prime Focus Technologies UK Limited,Leeds,,Tech,A rating
Prime Immigration Consultants,London,Yes,Consultancy,A rating
Prime Labs Ltd T/A Prime Labs,Watford,,Tech,A rating
Prime Software Services Ltd,Slough,,Tech,A rating
Primentoring AI Ltd,London,Yes,Tech,A rating
Primetals Technologies Limited,Sheffield,,Tech,A rating
Primrose Consulting Group LTD,Ilford,Yes,Consultancy,A rating
Principle Systems Limited,Huddersfield,,Tech,A rating
Pringuer-James Consulting Engineers Limited,London,Yes,Consultancy,A rating
Prism Fire Tech Limited,West Drayton,Yes,Tech,A rating
Priyansh Engineering Consultancy Limited,Watford,,Consultancy,A rating
Pro Business Consulting Ltd,Warrington,,Consultancy,A rating
Pro-info consulting UK LTD,Slough,,Consultancy,A rating
Proceed Data Management Limited,London,Yes,Tech,A rating
Process Automation and Calibrations Limited,Belfast,,Tech,A rating
Process Decontamination Systems Limited t/a ProDecon,Nantwich,,Tech,A rating
Process Plant Computing Limited,Beaconsfield,,Tech,A rating
Proco Consultants Ltd,Brighton,,Consultancy,A rating
Procode Technology Limited,Chandlers Ford,,Tech,A rating
Prodapt Consulting (UK) Limited,Reading,,Consultancy,A rating
Prodo Digital Marketing Limited,Chester,,Tech,A rating
Professional Beauty Systems Ltd,Renfrew,,Tech,A rating
Proficio Consultants Limited,ALDERSHOT,,Consultancy,A rating
Profile Software (UK) Limited,London,Yes,Tech,A rating
Profisee Software UK Limited,London,Yes,Tech,A rating
Profitpath Business Consulting Ltd,Sutton,Yes,Consultancy,A rating
Progressive Education Consultants UK Ltd T/A Mail boxes Etc.,London,Yes,Consultancy,A rating
Progressive Technology Limited,Newbury,,Tech,A rating
Progressive Technology Solutions Limited,London,Yes,Tech,A rating
Prohire Software Limited,Sittingbourne,,Tech,A rating
Project Infinity Technologies Limited,London,Yes,Tech,A rating
Projectus Consulting,London,Yes,Consultancy,A rating
Prokope Consulting Ltd,Macclesfield,,Consultancy,A rating
Prologik Automation Ltd,Peterborough,,Tech,A rating
Propel Digital,Leighton Buzzard,,Tech,A rating
Propel Tech Ltd,Wakefield,,Tech,A rating
Propello Cloud Ltd,Manchester,,Tech,A rating
Prospect Education (Technology) Trust,London,Yes,Tech,A rating
Prosper Robotics Ltd,London,Yes,Tech,A rating
Prosperia Consulting Ltd,London,Yes,Consultancy,A rating
Prospero Int. Consulting,Windsor,,Consultancy,A rating
ProsperoHub Consulting Limited,Glasgow,,Consultancy,A rating
Protein Technologies Ltd,Manchester,,Tech,A rating
Proton Technologies Ltd,London,Yes,Tech,A rating
Provility Software Limited,Aldershot,,Tech,A rating
Prudent Consultancy Ltd,London,Yes,Consultancy,A rating
Prysmian Cables & Systems Limited,Eastleigh,,Tech,A rating
Prytania Investment Advisors LLP,London,Yes,Consultancy,A rating
Public Digital Limited,London,Yes,Tech,A rating
Pulse Business Software Limited,Malmesbury,,Tech,A rating
Pulsion Technology Ltd,Glasgow,,Tech,A rating
Punati Consulting Limited,Canterbury,,Consultancy,A rating
Puppet Labs Limited,Bracknell,,Tech,A rating
Pure Data Centres,London,Yes,Tech,A rating
Pure Green Consulting Limited,Hampshire,,Consultancy,A rating
Puri UK Limited T/A ACE Consultancy Services,North Harrow,,Consultancy,A rating
Purifire Labs Limited,Cambridge,,Tech,A rating
Purify Technology Ltd,Beverley,,Tech,A rating
Purlieus Consulting Limited,Cheltenham,,Consultancy,A rating
Purple Square Consulting Limited TA Purple Square CX,Crawley,,Consultancy,A rating
Purple Style Labs UK Limited,London,Yes,Tech,A rating
Push Labs Limited,London,Yes,Tech,A rating
Push Technology Limited,Reading,,Tech,A rating
Py Analytics Ltd,Leeds,,Tech,A rating
Pylon Technologies UK Ltd,London,Yes,Tech,A rating
Pynea Technology Limited,London,Yes,Tech,A rating
Q TECH MIDLANDS LTD,Hockley,,Tech,A rating
Q Tech Private Ltd,Bromley,Yes,Tech,A rating
QA CERTIFIED ACCOUNTANTS & TAX ADVISORS LTD,Ilford,Yes,Consultancy,A rating
QBARTER TECHNOLOGY AND SERVICES LIMITED,Reading,,Tech,A rating
QBS Software Limited,Wembley,Yes,Tech,A rating
QBurst Technologies UK Limited,Salisbusry,,Tech,A rating
QGate Software Limited,Winchester,,Tech,A rating
QH Consulting Limited,Birmingham,,Consultancy,A rating
QMR Consultants Limited,High Wycombe,,Consultancy,A rating
QODEA TECHNOLOGY LIMITED,Manchester,,Tech,A rating
QSM TECH LIMITED,London,Yes,Tech,A rating
QUADRANT HARMON CONSULTING LIMITED,LONDON,Yes,Consultancy,A rating
QUADWAVE CONSULTING UK LIMITED,London,Yes,Consultancy,A rating
QUALIENT TECHNOLOGY SOLUTIONS UK LIMITED,READING,,Tech,A rating
QUANTIUM TECHNOLOGY LTD,Haslemere,,Tech,A rating
QUANTUM FINANCIAL ADVISERS LTD,Hemel Hempstead,,Consultancy,A rating
QUANTUM PERFORMANCE CONSULTANTS LTD,Oldham,,Consultancy,A rating
QUDIT LABS LTD,Manchester,,Tech,A rating
QUICK LINK CONSULTANCY LIMITED,Rainham,,Consultancy,A rating
QUL Technologies Limited,Waterloo,,Tech,A rating
QUMULUS TECHNOLOGY LIMITED,MANCHESTER,,Tech,A rating
Qargo Tech Limited,London,Yes,Tech,A rating
Qbyte Computing Limited,Stevenage,,Tech,A rating
Qdot Technology Ltd,Kidlington,,Tech,A rating
QiO Technologies Ltd,Egham,,Tech,A rating
Qoda Consulting Ltd,London,Yes,Consultancy,A rating
Qualcomm Technologies International Ltd,Cambridge,,Tech,A rating
Qualitest Software Testing Limited,London,Yes,Tech,A rating
Qualityone Consultancy Limited,Leeds,,Consultancy,A rating
Quanta Dialysis Technologies Ltd,Warwick,,Tech,A rating
Quantbot Technologies Ltd,London,Yes,Tech,A rating
Quantcore Technologies Ltd,Glasgow,,Tech,A rating
Quantico Analytics Limited,London,Yes,Tech,A rating
Quantics Consulting Ltd.,Edinburgh,,Consultancy,A rating
Quantive Technologies UK Limited,London,Yes,Tech,A rating
Quantum Edge Technologies,London,Yes,Tech,A rating
Quantum Fintech Leap Limited,London,Yes,Tech,A rating
Quantum I Computing Limited,London,Yes,Tech,A rating
Quantum IT Lab Ltd,London,Yes,Tech,A rating
Quantum Leap Technologies (Holdings) Limited,Aberdeen,,Tech,A rating
Quantum Motion Technologies Limited,London,Yes,Tech,A rating
Quarch Technology Ltd,Aviemore,,Tech,A rating
Quartz Digital Ltd,London,Yes,Tech,A rating
Quattro Business Consulting Ltd,London,Yes,Consultancy,A rating
Qube Research & Technologies Limited,London,Yes,Tech,A rating
Queen's Lane Consultants Ltd,London,Yes,Consultancy,A rating
Queens Tower Advisory Limited,London,Yes,Consultancy,A rating
Quell Tech Ltd,London,Yes,Tech,A rating
Quera Computing UK Limited,Didcot,,Tech,A rating
Questo Technologies Ltd,Reading,,Tech,A rating
Quex Consultancy Limited,London,Yes,Consultancy,A rating
Quick Fox Labs,London,Yes,Tech,A rating
Quidos Technologies,Bath,,Tech,A rating
QuinnRoss Consultants Ltd,Sittingbourne,,Consultancy,A rating
Quorum Cyber Security Limited,Edinburgh,,Tech,A rating
R - Tech Global Construction & Properties Limited,Crawley,,Tech,A rating
R SYSTEMS COMPUTARIS INTERNATIONAL LIMITED,Waterlooville,,Tech,A rating
R&A Software ( Systems ) Ltd,Chesterfield,,Tech,A rating
R&M TECH LTD,London,Yes,Tech,A rating
R20 Advisory Limited,London,Yes,Consultancy,A rating
R2P UK SYSTEMS LTD,CRAWLEY,,Tech,A rating
R2S Technologies Ltd,Manchester,,Tech,A rating
R3 Digital Limited,Cheltenham,,Tech,A rating
R4G TECH LIMITED,COVENTRY,,Tech,A rating
RA Accountants & Tax Advisors Limited,Harrow,Yes,Consultancy,A rating
RAA TECHNOLOGY SOLUTIONS LTD,Bamber Bridge,,Tech,A rating
RADAR LEISURE TECH LIMITED (native fm),Shoreditch,,Tech,A rating
RADIUS TECH FASHION SERVICES LTD,Gloucester,,Tech,A rating
RAEDAS CONSULTING LIMITED,London,Yes,Consultancy,A rating
RAIN UK LABS LIMITED,London,Yes,Tech,A rating
RAINDROPS CONSULTING LTD,Milton Keynes,,Consultancy,A rating
RANJHCO MANAGEMENT CONSULTANCY LTD,Warrington,,Consultancy,A rating
RAWDA TECH LIMITED,STREATHAM,Yes,Tech,A rating
RAY TECHNOLOGIES LTD,Staines,,Tech,A rating
RB TECH SOLUTIONS LTD,Tamworth,,Tech,A rating
RC Technology Limited,Croydon,Yes,Tech,A rating
REA ADVISORY LTD,London,Yes,Consultancy,A rating
REACH TELECOM LIMITED,"London,",Yes,Tech,A rating
READDLE LABS LTD,London,Yes,Tech,A rating
REAL ASSETS ADVISERS LTD,LONDON,Yes,Consultancy,A rating
REALITY CHECK SYSTEMS EMEA LTD,AMERSHAM,,Tech,A rating
REBANK TECHNOLOGIES LIMITED,London,Yes,Tech,A rating
RED SEMICONDUCTOR INTERNATIONAL LTD,Windsor,,Tech,A rating
REDRELIC SOFTWARE LIMITED,London,Yes,Tech,A rating
REFRESH TECH LTD,Blackburn,,Tech,A rating
REGENTS COMPUTER LIMITED,Ilford,Yes,Tech,A rating
REGENTS CONSULTANCY LTD,London,Yes,Consultancy,A rating
REGIS CONSULTING LIMITED,London,Yes,Consultancy,A rating
RELCO SOFTWARE LTD,Bristol,,Tech,A rating
RELIABLE NETWORK TECHNOLOGIES LTD,SLOUGH,,Tech,A rating
RENAISSANCE INFOTECH LIMITED,Wallington,Yes,Tech,A rating
REO Digital Limited,London,Yes,Tech,A rating
RESEARCH DATA SCOTLAND,Edinburgh,,Tech,A rating
RESEARCH OBJECTIVE CONSULTING INDUSTRIAL UK   LIMITED,London,Yes,Consultancy,A rating
RESOLVE TECH LIMITED,Brighton,,Tech,A rating
RESOURCEWISE CONSULTANCY LTD,WATFORD,,Consultancy,A rating
RETAIL TECHNOLOGY LTD,Belvedere,,Tech,A rating
REVOLO CONSULTANCY INTERNATIONAL LIMITED,Dunstable,,Consultancy,A rating
RHEON LABS LTD,LONDON,Yes,Tech,A rating
RIA Advisory LTD,London,Yes,Consultancy,A rating
RICHTER CONSULTING LTD,London,Yes,Consultancy,A rating
RIMAC TECHNOLOGY R&D UK LIMITED,Witney,,Tech,A rating
RINA Tech UK Limited,Leatherhead,,Tech,A rating
RISING MEDICAL TECHNOLOGIES LIMITED,Hitchin,,Tech,A rating
RISING TECHNOLOGIES UK LTD,London,Yes,Tech,A rating
RIVERS TECHNOLOGY CONSULTING LTD,Wilmslow,,Tech & Consultancy,A rating
RJ Medical Consultants Ltd,East Hyde,,Consultancy,A rating
RJ Software Solutions Ltd,Hounslow,Yes,Tech,A rating
RJK Security Systems Ltd,Enfield,Yes,Tech,A rating
RK SAFETY CONSULTANTS LTD,Luton,,Consultancy,A rating
RKD Consultant Ltd,London,Yes,Consultancy,A rating
RKV Consultants Ltd,London,Yes,Consultancy,A rating
RM Testing Consultants Limited,Folkestone,,Consultancy,A rating
RN ClearPoint Learning Systems UK Ltd,London,Yes,Tech,A rating
RNA Analytics LTD,Reigate,,Tech,A rating
RNI Consulting Limited,London,Yes,Consultancy,A rating
ROCK ISLAND CONSULTANCY LTD,London,Yes,Consultancy,A rating
ROHMA CONSULTANCY LTD,Oxford,,Consultancy,A rating
ROJA ACCOUNTANT AND CONSULTANCY LTD,COVENTRY,,Consultancy,A rating
ROKKA IT CONSULTANCY LTD,"Bracknell, Berkshire,",,Consultancy,A rating
ROLINE TECHNOLOGY (UK) LIMITED,London,Yes,Tech,A rating
ROVER DIGITAL LTD,LONDON,Yes,Tech,A rating
RR Risk & Management Consultants Ltd,Manchester,,Consultancy,A rating
RS BUSINESS CONSULTANTS LTD,London,Yes,Consultancy,A rating
RS Business Consulting Limited,London,Yes,Consultancy,A rating
RS Consultancy Services Ltd,Salford,,Consultancy,A rating
RS Data Tech Ltd,Manchester,,Tech,A rating
RS Engineering & Technology Limited,Aberdeen,,Tech,A rating
RS INFORMATICS LIMITED,Ilkeston,,Tech,A rating
RS&A Education and Consultancy LTD,St Helens,,Consultancy,A rating
RSA Consulting Limited,London,Yes,Consultancy,A rating
RSE Control Systems Limited,Leeds,,Tech,A rating
RSR Technologies Ltd,Rugby,,Tech,A rating
RSSCAN LAB. LTD,IPSWICH,,Tech,A rating
RTA Consulting Services Limited,London,Yes,Consultancy,A rating
RTB Technologies UK Limited,Watford,,Tech,A rating
RTS Technology Solutions Ltd T/A vanti,Birmingham,,Tech,A rating
RUSHMORE CONSULTANCY SERVICES LTD,Bracknell,,Consultancy,A rating
RWA Consulting Engineers UK Ltd,Aylesbury,,Consultancy,A rating
RYAN INFOTECH LIMITED,Camberley,,Tech,A rating
RYHN CONSULTANCY LTD,COVENTRY,,Consultancy,A rating
Rabbit Hole Labs Limited,London,Yes,Tech,A rating
Racz Consultancy Ltd,Billingham,,Consultancy,A rating
Radamec Control Systems Ltd,Newbury,,Tech,A rating
Radcliffes Construction Consultants Ltd,London,Yes,Consultancy,A rating
Radentia Technologies Ltd,London,Yes,Tech,A rating
Radia Computer Services Limited,Gerrards Cross,,Tech,A rating
Radiocoms Systems Ltd,London,Yes,Tech,A rating
Radius Systems Limited,Alfreton,,Tech,A rating
Radix Legal & Consulting Ltd,London,Yes,Consultancy,A rating
Rainbow Software Solutions Limited,Leeds,,Tech,A rating
Raine Advisors Limited,London,Yes,Consultancy,A rating
Rains Consulting Limited,Rudheath,,Consultancy,A rating
Raisin Platforms Limited,Manchester,,Tech,A rating
Raj Admission Consultancy Limited,London,Yes,Consultancy,A rating
Ramani Consulting Ltd,London,Yes,Consultancy,A rating
Ramark Systems Limited,Brentford,Yes,Tech,A rating
Ramco Systems Limited,Leatherhead,,Tech,A rating
Ramp Technologies Ltd,East Ham,Yes,Tech,A rating
Ramtech Consultant Ltd,Milton Keynes,,Consultancy,A rating
Ramya Infotech Limited,St.Albans,,Tech,A rating
Rana Technologies Limited,London,Yes,Tech,A rating
RangeForce Software (UK) Ltd,London,Yes,Tech,A rating
Ranosys Technologies Ltd,Ashford,,Tech,A rating
Rap Tech Studios Ltd.,LONDON,Yes,Tech,A rating
Rapid-Myco Technologies Limited,Belfast,,Tech,A rating
Rapiscan Systems Ltd,Salfords,,Tech,A rating
Rapita systems Limited,York,,Tech,A rating
Raplas Technologies,Sully,,Tech,A rating
Raptor Data Limited,Aberdeen,,Tech,A rating
RateGain Technologies Limited,London,Yes,Tech,A rating
Rated Labs Ltd,London,Yes,Tech,A rating
Ratio Digital Marketing Limited,London,Yes,Tech,A rating
Rational Labelling and Marking Systems Ltd,Brackley,,Tech,A rating
Rave Technologies (UK) Limited,Hemel Hempstead,,Tech,A rating
Ravelin Technology Limited,London,Yes,Tech,A rating
Ravio Technologies Limited,London,Yes,Tech,A rating
Raycast Technologies Ltd,1 water lane,Yes,Tech,A rating
Raytel Security Systems Ltd,South Woodham Ferrers,,Tech,A rating
Raytheon Systems Limited,Harlow,,Tech,A rating
Raza Consultants Limited,Hale,,Consultancy,A rating
Re-Gen Robotics Limited,Newry,,Tech,A rating
Re-Leased Software Company UK Limited,London,Yes,Tech,A rating
ReThink Productivity Consulting LTD,Newcastle Under Lyme,,Consultancy,A rating
Reactive Technologies Limited,London,Yes,Tech,A rating
Real Dreams Consultancy Services Limited,South Harrow,,Consultancy,A rating
Realeyes Data Services Limited,London,Yes,Tech,A rating
Realisable Software Ltd,London,Yes,Tech,A rating
Realtime Tech Ltd,Chawston,,Tech,A rating
Reason Digital,Manchester,,Tech,A rating
Recirculate Systems Limited,Chelmsford,,Tech,A rating
Reco Technologies Private Limited,Manchester,,Tech,A rating
Record Packaging Systems Ltd,Stretford,,Tech,A rating
Recourse AI Ltd,MANCHESTER,,Tech,A rating
Recraft AI Limited,London,Yes,Tech,A rating
RecruitHub Platform,London,Yes,Tech,A rating
Recruitment Smart Technologies Ltd,London,Yes,Tech,A rating
Red Ant Digital Ltd,London,Yes,Tech,A rating
Red Badger Consulting Limited,London,Yes,Consultancy,A rating
Red Box Telecom Ltd t/as Red Dawn Consulting,Northwood,,Tech & Consultancy,A rating
Red Gate Software Ltd,Cambridge,,Tech,A rating
Red Lantern Digital Media Limited,Cheshire,,Tech,A rating
Red Panda Software Ltd,Kenilworth,,Tech,A rating
Red Technology Solutions Limited,Witney,,Tech,A rating
Red Telecom Ltd T/A Vodafone Ltd,Newark,,Tech,A rating
RedCloud Technologies Ltd,London,Yes,Tech,A rating
Redboon Consultancy Services Ltd,Milton Keynes,,Consultancy,A rating
Redbox Digital Limited,London,Yes,Tech,A rating
Redeemer Technologies Ltd,Reading,,Tech,A rating
Redev AI Ltd,London,Yes,Tech,A rating
Redflex Traffic Systems Ltd,Southampton,,Tech,A rating
Redpanda Data EMEA Limited,Cheltenham,,Tech,A rating
Redscan Cyber Security Limited,London,Yes,Tech,A rating
Redshaw Advisors Limited,London,Yes,Consultancy,A rating
Redwood Software UK Ltd,Slough,,Tech,A rating
Redwood Technology Limited,Bracknell,,Tech,A rating
Reference Data Services (UK) Ltd,Bristol,,Tech,A rating
Reflect Digital Ltd,Maidstone,,Tech,A rating
Reflection AI UK Ltd,London,Yes,Tech,A rating
Reflex Data Systems Limited,Hull,,Tech,A rating
Refract Software Ltd,Newcastle Upon Tyne,,Tech,A rating
Refreshment Systems Ltd,Bradford,,Tech,A rating
Regent Fire Consultants Limited,Cleckheaton,,Consultancy,A rating
Regtech Consultancy Services LTD,London,Yes,Consultancy,A rating
Reimagine Robotics Limited,London,Yes,Tech,A rating
Reinet Advisors (UK) Limited,London,Yes,Consultancy,A rating
Reinova Capital Advisors LLP,London,Yes,Consultancy,A rating
Reka AI Ltd,London,Yes,Tech,A rating
Relay Technologies Limited,London,Yes,Tech,A rating
Reliance Cyber Limited,London,Yes,Tech,A rating
Reliance High Tech Ltd,Bracknell,,Tech,A rating
Relish Technologies Limited (trading as Beeline),London,Yes,Tech,A rating
Reload Digital Ltd,London,Yes,Tech,A rating
Remap Consulting UK Ltd,Alderley,,Consultancy,A rating
Remark AI UK Limited,Watford,,Tech,A rating
Remedy Tech Centre Ltd,"Nr, Castleford",,Tech,A rating
Remote Diagnostic Technologies Limited,Farnborough,,Tech,A rating
Remote Tech Ltd,London,Yes,Tech,A rating
Remote Technology Services LTD,London,Yes,Tech,A rating
Renaissance Strategic Advisors Ltd,London,Yes,Consultancy,A rating
Renn Consultancy Ltd t/a Emulous Water,Wells,,Consultancy,A rating
Repeat Digital Ltd,Nottingham,,Tech,A rating
Required Consulting Limited,Teddington,,Consultancy,A rating
Research Affiliates Global Advisors (Europe) Limited,London,Yes,Consultancy,A rating
Resource Data Management LTD,Glasgow,,Tech,A rating
ResourceiT Consulting Ltd,Basingstoke,,Consultancy,A rating
Responsible Power Systems Limited,Stirling,,Tech,A rating
Restore Technology Ltd,Cardington,,Tech,A rating
Retail Profiling Consultants Ltd,Richmond,,Consultancy,A rating
Retails Computer Solutions Ltd,Leeds,,Tech,A rating
Retro Labs Ltd T/A TILT,London,Yes,Tech,A rating
Reuse Technology Group Ltd,Rainham,,Tech,A rating
RevQore Consulting Limited,London,Yes,Consultancy,A rating
Reve Cloud Ltd,London,Yes,Tech,A rating
Reveal AI Ltd,London,Yes,Tech,A rating
RevoTech Systems Limited,Warwick,,Tech,A rating
Reward Cloud Ltd t/a Tillo,Hove,,Tech,A rating
Reward Stamp App Ltd,Milton Keynes,,Tech,A rating
Rex Labs Ltd,London,Yes,Tech,A rating
Reyan Technologies Ltd,Hounslow,Yes,Tech,A rating
Rezolve AI PLC,London,Yes,Tech,A rating
Rheinmetall BAE Systems Land Limited,Telford,,Tech,A rating
Rhenus High Tech UK Ltd,Ashford,,Tech,A rating
Rhodes Consulting Ltd,Manchester,,Consultancy,A rating
Ribbon Technologies Ltd,London,Yes,Tech,A rating
Rich Success Training Consultancy Ltd,London,Yes,Consultancy,A rating
Richlands Business Advisers Ltd,Edgware,Yes,Consultancy,A rating
Richmond Accounting & Advisory Ltd,Richmond Upon Thames,Yes,Consultancy,A rating
Ridgefield Consulting Ltd,Oxford,,Consultancy,A rating
Rieke Packaging Systems Ltd,Leicester,,Tech,A rating
Right Cue Consulting Services Limited,Basingstoke,,Consultancy,A rating
Rightsline Software UK Ltd,London,Yes,Tech,A rating
Rimes Technologies Limited,London,Yes,Tech,A rating
Rimkus Consulting UK Limited,London,Yes,Consultancy,A rating
Riot Labs Ltd,Milton Keynes,,Tech,A rating
Rising Tide AI Ltd,Leeds,,Tech,A rating
Rision Consulting Limited,London,Yes,Consultancy,A rating
Risk Capital Advisors Limited,London,Yes,Consultancy,A rating
RiskSTOP Consulting Limited,Poundbury,,Consultancy,A rating
Riskent Technologies Limited,Taplow,,Tech,A rating
Rittman Mead Consulting Limited,Brighton,,Consultancy,A rating
Rival Technologies Ltd,London,Yes,Tech,A rating
Riverbed Technology Limited,London,Yes,Tech,A rating
Riversland Technologies Ltd,Aylesbury,,Tech,A rating
Rivos Systems UK Limited,Cheltenham,,Tech,A rating
Roadside Technologies Ltd,Chesterfield,,Tech,A rating
Roar Digital Limited,London,Yes,Tech,A rating
Robert Quinn Consulting Ltd,London,Yes,Consultancy,A rating
Robert West Consulting,London,Yes,Consultancy,A rating
Roberts Group Consulting Ltd,London,Yes,Consultancy,A rating
Robin AI Limited,London,Yes,Tech,A rating
Robinson Associates (Consulting Engineers) Ltd,london,Yes,Consultancy,A rating
Robosoft Technologies UK Limited,London,Yes,Tech,A rating
Robosol Software UK Limited,Basildon,,Tech,A rating
Robosys Automation Ltd,Southampton,,Tech,A rating
Robotiz3d Technology Ltd,Warrington,,Tech,A rating
Rocket Consulting Ltd,Leeds,,Consultancy,A rating
Rocket Software UK Limited,London,Yes,Tech,A rating
Rocket Systems Limited,London,Yes,Tech,A rating
Rockfield Software Ltd,Swansea,,Tech,A rating
Rockwell Automation UK Ltd,Milton Keynes,,Tech,A rating
Rogo Technologies Ltd,London,Yes,Tech,A rating
Rolan Consultancy Ltd,Hornchurch,,Consultancy,A rating
Romax Technology Limited,Nottingham,,Tech,A rating
Romila Consultancy Ltd,Reading,,Consultancy,A rating
Rooster technology ltd,Winchester,,Tech,A rating
Root Digital Limited,Bromley,Yes,Tech,A rating
Roots Systems Limited,Stonehouse,,Tech,A rating
Roots Systems Ltd,Stonehouse,,Tech,A rating
Rose Lane Technology,Liverpool,,Tech,A rating
Rosewood Consultants Ltd,Carlisle,,Consultancy,A rating
Roslin Technologies Limited,Midlothian,,Tech,A rating
Ross Robotics,Reading,,Tech,A rating
Rosslyn Analytics Ltd,London,Yes,Tech,A rating
Rotamat Limited trading as Huber Technology,"Chippenham,",,Tech,A rating
Roundhay Accountants & Consultants Limited,Leeds,,Consultancy,A rating
Roy & Associates Limited t/a SETS Tech,London,Yes,Tech,A rating
Rplus Analytics Solutions Limited,Preston,,Tech,A rating
Ruane Construction Design and Consultancy Ltd.,London,Yes,Consultancy,A rating
Rubicon Asset Consultants Limited,London,Yes,Consultancy,A rating
Rubicon Capital Consulting Company Ltd,London,Yes,Consultancy,A rating
Rubicon Partners Advisers LLP,London,Yes,Consultancy,A rating
Ruby Labs Ltd,London,Yes,Tech,A rating
Rudra Tech-UK Ltd,Stevenage,,Tech,A rating
Rumma Consulting Ltd,Longsight,,Consultancy,A rating
Runibex Technology Ltd.,London,Yes,Tech,A rating
Russell Investments Systems Limited,London,Yes,Tech,A rating
S & J Business Advisors Ltd,London,Yes,Consultancy,A rating
S & M SYSTEMS LTD,Edinburgh,,Tech,A rating
S A R I Consulting Limited,LONDON,Yes,Consultancy,A rating
S A RAHMAN CONSULTING LTD,Slough,,Consultancy,A rating
S R Software Solutions Ltd (trading address),Milton Keynes,,Tech,A rating
S SOFTWARE LTD,KEIGHLEY,,Tech,A rating
S&P Consultancy Ltd,London,Yes,Consultancy,A rating
S&P Consulting Services Ltd,Stoke-On-Trent,,Consultancy,A rating
S&Q Digital Media C.I.C,Bradford,,Tech,A rating
S-Frame Software (UK) Ltd,London,Yes,Tech,A rating
S-RM INTELLIGENCE AND RISK CONSULTING LIMITED,London,Yes,Consultancy,A rating
S. B. Electronics Systems Limited,Harpenden,,Tech,A rating
S.C.A. Shipping Consultants Associated Ltd,Chatham,,Consultancy,A rating
S.I.M CONSULTING LTD,London,Yes,Consultancy,A rating
S3 Global Consultants Ltd,Harrow,Yes,Consultancy,A rating
S3M TECHNOLOGY PVT LIMITED,Dartford,,Tech,A rating
SA DIGITAL SERVICES CCTV LTD,Birmingham,,Tech,A rating
SA KHAN CONSULTANCY LTD,ILFORD,Yes,Consultancy,A rating
SAA Consultancy Limited,Northampton,,Consultancy,A rating
SAA Consultants Ltd,Plymouth,,Consultancy,A rating
SAAF ASSOCIATES LTD T/A NEWHAM NEXUS CONSULTING GROUP,Romford,Yes,Consultancy,A rating
SAAMA TECHNOLOGIES UK LTD,Surrey,,Tech,A rating
SAAS&CLOUD LIMITED,SOUTHEND ON SEA,,Tech,A rating
SABITHA SYSTEMS LIMITED,Manchester,,Tech,A rating
SADA Systems UK Limited,Newbury,,Tech,A rating
SAFA ERP CONSULTING LTD,Milton Keynes,,Consultancy,A rating
"SAFETY, TECHNOLOGY & LEGISLATION LIMITED",Swindon,,Tech,A rating
SAI SREE CONSULTING LIMITED,Altrincham,,Consultancy,A rating
SAI SRIKAR TECHNOLOGIES LIMITED,Hounslow,Yes,Tech,A rating
SALIENT TECH SOLUTIONS LTD,Greater London,Yes,Tech,A rating
SAM INFOTECH LTD,London,Yes,Tech,A rating
SAM LABS LTD,Chiswick,Yes,Tech,A rating
SAM TRADE CONSULTANCY LTD,COVENTRY,,Consultancy,A rating
SAM UK SOFTWARE CONSULTANCY LTD,London,Yes,Tech & Consultancy,A rating
SAMM Software Services Limited,Evesham,,Tech,A rating
SAMPLE DIGITAL LAB LTD,London,Yes,Tech,A rating
SAN 24 IT CONSULTANCY LTD,Wales,,Consultancy,A rating
SANA LABS LTD,London,Yes,Tech,A rating
SANARIA TECHNOLOGIES LIMITED,Reading,,Tech,A rating
SANDBROS SERVICES LIMITED T/A City Computers & Phones,BIRMINGHAM,,Tech,A rating
SANDS CIVIL ENGINEERING CONSULTANCY LIMITED,London,Yes,Consultancy,A rating
SANLI LEGAL CONSULTANCY LTD,London,Yes,Consultancy,A rating
SANSS CONSULTING LIMITED,Reading,,Consultancy,A rating
SAP Pod Consultants Limited,Derby,,Consultancy,A rating
SAP TECHNO CONSULTANTS LTD,Saffron Walden,,Consultancy,A rating
SAPIENTIAE ADVISORY LTD,Hamilton,,Consultancy,A rating
SAPRME Consultancy LTD,READING,,Consultancy,A rating
SARAS Technology Limited,Leeds,,Tech,A rating
SARP LEGAL CONSULTANCY LTD,London,Yes,Consultancy,A rating
SAS CONSULTING LTD,Rugby,,Consultancy,A rating
SAS Info Tech Ltd,Bedford,,Tech,A rating
SAS Software Limited,Marlow,,Tech,A rating
SATURN FINTECH LIMITED,London,Yes,Tech,A rating
SATURN MEDIA SYSTEMS LTD,Walsall,,Tech,A rating
SATURN TECHNOLOGIES LIMITED,LONDON,Yes,Tech,A rating
SAVA Technologies Ltd,London,Yes,Tech,A rating
SAVI Technology Ltd t/a Heavenly Desserts,Sheffield,,Tech,A rating
SAVITAR TECHNOLOGY LTD,Reddish,,Tech,A rating
SAVOIR DESIGN CONSULTANCY AND CONSTRUCTION LTD,COVENTRY,,Consultancy,A rating
SAWHNEY CONSULTING LIMITED,Harrow,Yes,Consultancy,A rating
SAY Property Consultants Ltd,London,Yes,Consultancy,A rating
SB CONSULTATION SERVICES LTD,London,Yes,Consultancy,A rating
SB Investment Advisers (UK) Limited,London,Yes,Consultancy,A rating
SB TELECOM EUROPE LTD.,London,Yes,Tech,A rating
"SB Tech UK, Ltd",London,Yes,Tech,A rating
SBR TECHNOLOGIES INC LIMITED,Chessington,Yes,Tech,A rating
SBS Financial Software UK Ltd,Sheffield,,Tech,A rating
SC Technology Limited,London,Yes,Tech,A rating
SCHOTTEL Marine Technologies Ltd,Edinburgh,,Tech,A rating
SCITEK Consultants Ltd,Derby,,Consultancy,A rating
SCORPAY CONSULTANCY LTD,Manchester,,Consultancy,A rating
SCOTT MARINE CONSULTANTS LTD,Milton Keynes,,Consultancy,A rating
SCP Group Advisory Limited,London,Yes,Consultancy,A rating
SCS BUILDING AUTOMATION LTD,London,Yes,Tech,A rating
SDET Digital Ltd,Morley,,Tech,A rating
SDM Housing Software Ltd,Cheshire,,Tech,A rating
SDMC CONSULTANTS LIMITED,Milton Keynes,,Consultancy,A rating
SE Labs Ltd,London,Yes,Tech,A rating
SECOR Investment Advisors (UK) LLP,London,Yes,Consultancy,A rating
SECURE TECHNOLOGIES LTD,ST NEOTS,,Tech,A rating
SECURITY SERVICES & SYSTEMS LIMITED,Barking,Yes,Tech,A rating
SEETHA SOFTWARE SOLUTIONS LTD,18 Brainton Avenue,,Tech,A rating
SEGULA TECHNOLOGIES  LTD,Luton,,Tech,A rating
SEKEL TECHNOLOGIES UK LTD,Milton Keynes,,Tech,A rating
SELECTRONICS PHONE AND COMPUTER REPAIRS LIMITED,Essex,,Tech,A rating
SELIM TRADERS (UK) LTD T/A Unique Learning Advisor,LONDON,Yes,Consultancy,A rating
SEM Contracting & Consulting Ltd,London,Yes,Consultancy,A rating
SEM EDUCATION CONSULTANCY LTD,Birkenhead,,Consultancy,A rating
SENIGUK CONSULTING LTD,Harlow,,Consultancy,A rating
SENSEON TECH LTD,London,Yes,Tech,A rating
SEON TECHNOLOGIES UK LTD,London,Yes,Tech,A rating
SEQURE TECHNOLOGIES UK LTD,Hounslow,Yes,Tech,A rating
SERAN INFOTECH LTD,Cheam,,Tech,A rating
SERENITY CONSULTANCY (UK) LTD,Birmingham,,Consultancy,A rating
SERG Technologies Ltd,London,Yes,Tech,A rating
SERVICOM (HIGH TECH) LIMITED,Worcestershire,,Tech,A rating
SEVCAN HEALTH TOURISM CONSULTANCY LTD,Liverpool,,Consultancy,A rating
SEVEN DIGITAL MARKETING LIMITED,London,Yes,Tech,A rating
SEVENGINEERING CONSULTANCY LTD,London,Yes,Consultancy,A rating
SEVENHILLS INFOTECH LIMITED,Southend-On-Sea,,Tech,A rating
SFK Consultants (INT) Ltd,Orpington,Yes,Consultancy,A rating
SFS CONSULTANCY AND EDUCATION LIMITED,London,Yes,Consultancy,A rating
SFS Group Fastening Technology Ltd,LEEDS,,Tech,A rating
SG Analytics Limited,London,Yes,Tech,A rating
SG TECHNOLOGIES LIMITED,Rainham,,Tech,A rating
SGW LAB Ltd,London,Yes,Tech,A rating
SHAASHINY CONSULTANTS LTD,Ilford,Yes,Consultancy,A rating
SHAHEEN STUDENT CONSULTANCY LIMITED,LONDON,Yes,Consultancy,A rating
SHAIKHJI TELECOM LTD,BIRMINGHAM,,Tech,A rating
SHAPE TECHNOLOGIES GROUP UK LTD,Hinckley,,Tech,A rating
SHARVA TECHNOLOGY AND MANAGEMENT LIMITED,Slough,,Tech,A rating
SHAS Consultancy & Translation Services,MANCHESTER,,Consultancy,A rating
SHAYAN TECH LTD,Liverpool,,Tech,A rating
SHEEN ENGINEERING CONSULTANTS LTD,Essex,,Consultancy,A rating
SHEco Automotive Systems Ltd,Tipton,,Tech,A rating
SHIELD TECH ENTERPRISES LIMITED,London,Yes,Tech,A rating
SHOALTER AUTOMATION (UK) LIMITED,Metroplex,,Tech,A rating
SHREE SOFTWARE SOLUTIONS PVT LTD,Coulsdon,,Tech,A rating
SHRUM Consulting Services Ltd,Reading,,Consultancy,A rating
SHURAA EDUCATION AND CONSULTANCY LIMITED,Wembley,Yes,Consultancy,A rating
SIERA CONSULTANCY LIMITED,ILFORD,Yes,Consultancy,A rating
SIGMA INDUSTRIAL SYSTEMS LTD,LONDON,Yes,Tech,A rating
SIGMA LABS XYZ LTD,London,Yes,Tech,A rating
SIGMA RECTRIX SYSTEMS (UK) LIMITED,Northampton,,Tech,A rating
SIGMA SOFTWARE HOLDING LTD,London,Yes,Tech,A rating
SIGMA.AI DATA LTD,London,Yes,Tech,A rating
SIGNIFYC Limited T/a Open Consulting,Pinner,Yes,Consultancy,A rating
SIGNS TECH LTD,Wolverhampton,,Tech,A rating
SII TECHNOLOGIES LTD,Birmingham,,Tech,A rating
SILKY CONSULTANCY LTD,Farnham,,Consultancy,A rating
SILVER CLOUD HR,Essex,,Tech,A rating
SILVERBACK SMART TECHNOLOGY LIMITED,London,Yes,Tech,A rating
SILVERLIGHT IT CONSULTANCY LTD,LONDON,Yes,Consultancy,A rating
SIMPRO SOFTWARE LIMITED,Reading,,Tech,A rating
SIMSOFT TECHNOLOGY LIMITED,Ilford,Yes,Tech,A rating
SINE Digital Limited,London,Yes,Tech,A rating
SINEVIS TECHNOLOGIES UK LTD,Ruislip,Yes,Tech,A rating
SINGLA CONSULTING WORLDWIDE LTD,ERITH,Yes,Consultancy,A rating
SIRE Technology Ltd,Crowthorne,,Tech,A rating
SIRI TECHNOLOGY SOLUTIONS LIMITED,BRENTWOOD,,Tech,A rating
SISHIRE EDUCATION CONSULTANCY LTD,London,Yes,Consultancy,A rating
SISL INFOTECH UK LTD,UXBRIDGE,Yes,Tech,A rating
SISO TECHNOLOGIES (UK) LIMITED,london,Yes,Tech,A rating
SITA Information Networking Computing UK Ltd,Hayes,Yes,Tech,A rating
SITCON CONSULTING LTD,"Slough,",,Consultancy,A rating
SIYA TECH VENTURES LTD,Harrow,Yes,Tech,A rating
SJISTIC LTD T/A issuebot.ai,Mildenhall,,Tech,A rating
SK ACCOUNTANTS AND TAX CONSULTANTS LTD,Ilford,Yes,Consultancy,A rating
SKAAR Tech Ltd,Coventry,,Tech,A rating
SKH ENTERPRISE LTD t/a Phone Tech,Totnes,,Tech,A rating
SKL ROBOTICS LTD,London,Yes,Tech,A rating
SKM Tech PVT Ltd.,"Sandhurst,",,Tech,A rating
SKN CONSULTANCY LTD,Birmingham,,Consultancy,A rating
SKO SYSTEMS LTD,London,Yes,Tech,A rating
SKV CONSULTANTS LTD,Cambridge,,Consultancy,A rating
SKY TECH STUDIO LIMITED,Cheltenham,,Tech,A rating
SKYPURPLE CLOUD LIMITED,PORTSMOUTH,,Tech,A rating
SKZ CONSULTING LTD,ILFORD,Yes,Consultancy,A rating
SLR Consulting Limited,London,Yes,Consultancy,A rating
SLS Consultants Europe Ltd,London,Yes,Consultancy,A rating
SLiNK-TECH LTD,Bristol,,Tech,A rating
SM Global Consultancy Ltd t/a Staffing Match,Feltham,Yes,Consultancy,A rating
SMAART TECH UK LTD,Surrey,,Tech,A rating
SMART ACCOUNTING AND CONSULTANCY LTD,Leicester,,Consultancy,A rating
SMART CO CONSULTING LIMITED,London,Yes,Consultancy,A rating
SMART LEGAL CONSULTANTS LTD,Croydon,Yes,Consultancy,A rating
SMART TECH MOBILE TRADING LTD,London,Yes,Tech,A rating
SMART TECH SERVICES LIMITED,London,Yes,Tech,A rating
SMART TECH SOL LIMITED,Leeds,,Tech,A rating
SMART TECH UNIVERSE LTD,London,Yes,Tech,A rating
SMART TRADE TECHNOLOGIES UK LIMITED,London,Yes,Tech,A rating
SMARTPATH EDUCATION TECHNOLOGY LTD,London,Yes,Tech,A rating
SME Digital Solutions Ltd,Preston,,Tech,A rating
SMIGO Consultants Ltd,London,Yes,Consultancy,A rating
SMJM Consulting Services Limited,Chelmsford,,Consultancy,A rating
SMRC TECHNOLOGIES LIMITED,LEEDS,,Tech,A rating
SMS Machine Automation Ltd,Barnsley,,Tech,A rating
SNEBTAF TECH SOLUTION LIMITED,London,Yes,Tech,A rating
SNOW TECHNOLOGY LTD,Belfast,,Tech,A rating
SNOWMAN CONSULTANTS LTD,London,Yes,Consultancy,A rating
SOFINISH TECHNOLOGIES LIMITED,HOUNSLOW,Yes,Tech,A rating
SOFTWARE SHOP LTD.,London,Yes,Tech,A rating
SOFTWAVE TECH SOLUTIONS LTD,Bristol,,Tech,A rating
SOL INFOTECH LIMITED,Cambridge,,Tech,A rating
SOLAIRE TRAINING & CONSULTANCY LTD,Waltham Cross,,Consultancy,A rating
SOLARIS SYSTEMS SOLUTIONS LTD,London,Yes,Tech,A rating
SOLARWINDS SOFTWARE UK LIMITED,London,Yes,Tech,A rating
SOLVEX CONSULTING LIMITED,St. Albans,,Consultancy,A rating
SOLVIFY TECHNOLOGIES UK LTD,Manchester,,Tech,A rating
SOLVIUM TECH LTD,Coventry,,Tech,A rating
SONET TECH LIMITED,Coatbridge,,Tech,A rating
SPAICE TECHNOLOGY LTD,London,Yes,Tech,A rating
SPARK EDUCARE AND CONSULTANCY LTD,Birmingham,,Consultancy,A rating
SPECS TECH UK LTD,Purley,Yes,Tech,A rating
SPECTRUM TECHNOLOGY SERVICES LTD,Swindon,,Tech,A rating
SPEED SOLUTIONS CONSULTANCY LTD,Hemel Hempstead,,Consultancy,A rating
SPG INFOTECH LTD,LONDON,Yes,Tech,A rating
SPHERES INVESTMENT ADVISOR LTD,London,Yes,Consultancy,A rating
SPICE LABS LTD,London,Yes,Tech,A rating
SPINNR TECH LIMITED,Weybridge,,Tech,A rating
SPLYT TECHNOLOGIES LTD,London,Yes,Tech,A rating
SPRING CONSULT UK LTD,LONDON,Yes,Consultancy,A rating
SPS Consulting Engineers (UK) ltd,South Dagenham,,Consultancy,A rating
SPS Technologies,Leicester,,Tech,A rating
SQUBE TECHNOLOGIES LTD,Uxbridge,Yes,Tech,A rating
SR Consulting Group Limited,London,Yes,Consultancy,A rating
SR Global Systems Ltd,Barking,Yes,Tech,A rating
SR Management and Consultants Ltd,London,Yes,Consultancy,A rating
SR SOFTWARE DEV LIMITED,Wolverhampton,,Tech,A rating
SRAM & MRAM TECHNOLOGIES LIMITED,London,Yes,Tech,A rating
SRE Consultancy Ltd,Harrow,Yes,Consultancy,A rating
SRIHARSHITA TECHNOLOGIES LTD,Ilford,Yes,Tech,A rating
SRIL TECHNOLOGIES LIMITED,MANCHESTER,,Tech,A rating
SRK Consulting (Kazakhstan) Limited,Cardiff,,Consultancy,A rating
SRK Consulting (UK) Ltd,Cardiff,,Consultancy,A rating
SRM Tech Solutions Limited,Watford,,Tech,A rating
SS & KS CONSULTING LTD,Aylesbury,,Consultancy,A rating
SS Cloud Consulting Limited,Sheffield,,Tech & Consultancy,A rating
SS DIGITAL SOLUTIONS LTD,Ilford,Yes,Tech,A rating
SS WEB TECHNOLOGIES LIMITED,LEEDS,,Tech,A rating
SSA & Company Consulting UK Limited,London,Yes,Consultancy,A rating
SSA Systems Limited,Sidcup,Yes,Tech,A rating
SSB Labs Limited,Milton Keynes,,Tech,A rating
SSC Consultance Ltd t/a SSClassic Cleaners,London,Yes,Consultancy,A rating
SSOVEREIGN SOFTWARE SERVICES LIMITED,"Brentwood,",Yes,Tech,A rating
SSR TECHNOLOGIES (UK) LTD,Ashford,,Tech,A rating
SSRK Software Limited,Worthing,,Tech,A rating
SSRM TECHNOLOGIES LTD,Reading,,Tech,A rating
SSRR Technology Ltd,Frimley,,Tech,A rating
ST MARY'S FINANCIAL CONSULTANTS LIMITED,London,Yes,Consultancy,A rating
ST ROBOTICS LTD,Cambridge,,Tech,A rating
ST1 Consulting Limited,Ely,,Consultancy,A rating
STACKSTUDIO DIGITAL LTD,London,Yes,Tech,A rating
STANELCO RF TECHNOLOGIES LIMITED,Southampton,,Tech,A rating
STELLEN INFOTECH LTD,Slough,,Tech,A rating
STEMAX CONSULT HEALTHCARE SERVICES LIMITED,MILTON KEYNES,,Consultancy,A rating
STERLING AI SOLUTIONS LTD,London,Yes,Tech,A rating
STERLITE TECHNOLOGIES LIMITED,London,Yes,Tech,A rating
STILL WATERS GREEN TECHNOLOGY LIMITED,London,Yes,Tech,A rating
STJ Advisors Group Limited,London,Yes,Consultancy,A rating
STL Advisory Ltd,London,Yes,Consultancy,A rating
STL Digital UK Limited,London,Yes,Tech,A rating
STL Tech Limited,Bristol,,Tech,A rating
STM Environmental Consultants,London,Yes,Consultancy,A rating
STORELAB AI LTD,London,Yes,Tech,A rating
STRAND LEGAL CONSULTANCY LTD,LONDON,Yes,Consultancy,A rating
STRAT TECH LTD,Surrey,,Tech,A rating
STRATEGY AND PROJECTS CONSULTANTS LTD,Chatham,,Consultancy,A rating
STRATESYS TECHNOLOGY SOLUTIONS LIMITED,London,Yes,Tech,A rating
STRIDE CONSULTING ENGINEERS LTD,London,Yes,Consultancy,A rating
STRIPE CONSULTING LIMITED,HORLEY,,Consultancy,A rating
STROUD CONSULTING LIMITED,LONDON,Yes,Consultancy,A rating
STRUCTURES LAB LIMITED,London,Yes,Tech,A rating
STURBRIDGE CARE & CONSULTANCY,Northampton,,Consultancy,A rating
STech Technology UK Limited,London,Yes,Tech,A rating
SUN SHORE SYSTEMS LIMITED,HOUSLOW,,Tech,A rating
SUN TECH GROUP LTD,london,Yes,Tech,A rating
SUNDAY APP LIMITED,Cheshire,,Tech,A rating
SUNTEK TECHNOLOGY SERVICES LIMITED,STAINES,,Tech,A rating
SUPALITE TILED ROOF SYSTEMS LTD,PRESTON,,Tech,A rating
SUPERCHEFS TECHNOLOGIES LTD T/A FOODERY,BIRMINGHAM,,Tech,A rating
SUPERIORZ TECH LTD,Manchester,,Tech,A rating
SUREWISE CONSULTANCY LTD,Southampton,,Consultancy,A rating
SUSE Software Solutions UK Limited,Staines-Upon-Thames,,Tech,A rating
SVC Labs Limited,Crawley,,Tech,A rating
SVK Software LTD,Ilford,Yes,Tech,A rating
SW1 Advisory Partners Ltd,London,Yes,Consultancy,A rating
SW4 Advisers Limited,London,Yes,Consultancy,A rating
SWEECH DATA SOLUTIONS LTD,Watford,,Tech,A rating
SWIFT CONSULTANT LTD,England,,Consultancy,A rating
SWIM.AI Ltd,Cheltenham,,Tech,A rating
SWJ Consulting,Witney,,Consultancy,A rating
SWJ TECHNOLOGY UK LIMITED,Oxford,,Tech,A rating
SYKASYS TECHNOLOGIES LIMITED,Manchester,,Tech,A rating
SYNECHRON PLATFORM CONSULTING LTD,London,Yes,Tech & Consultancy,A rating
SYNVERSE TECH LIMITED,Brentford,Yes,Tech,A rating
SYSDA TECH LTD,Manchester,,Tech,A rating
SYSPRO GLOBAL SOFTWARE LIMITED,London,Yes,Tech,A rating
SYSTEM ENGINEERING CONSULTING LIMITED,West Sussex,,Consultancy,A rating
SYSTEMS ENTERPRISES LTD,London,Yes,Tech,A rating
SZ INNOVATIONS LTD T/A TECH STOP,Alton,,Tech,A rating
Saage Labs Limited,London,Yes,Tech,A rating
Sabe Technology Limited,Towcester,,Tech,A rating
Sabre Global Technologies Ltd,Richmond,,Tech,A rating
Saddleback Consulting Ltd T/A Saddleback Solutions,Ormskirk,,Consultancy,A rating
Safari International Trade & Consultancy Ltd,Wembley,Yes,Consultancy,A rating
Safe AI London Ltd,London,Yes,Tech,A rating
Safe-Tech Windows Ltd,Reading,,Tech,A rating
Safetech Systems Ltd,Hayes,Yes,Tech,A rating
Saffron Brand Consultants Ltd,London,Yes,Consultancy,A rating
Safi Technologies Ltd,London,Yes,Tech,A rating
Safran Landing Systems UK Limited,Gloucester,,Tech,A rating
Saga Robotics Limited,Lincoln,,Tech,A rating
Saga Technology Limited,Romford,Yes,Tech,A rating
Sagar Consultants (UK) Limited,Harrow,Yes,Consultancy,A rating
Sagehut Consulting Limited,Doncaster,,Consultancy,A rating
Sahaj Software Solutions UK Limited,London,Yes,Tech,A rating
Sahar Consulting PVT Ltd,Stoke-on-Trent,,Consultancy,A rating
Sahil Food Consultancy Limited T/A Great Indian Kitchen,Altrincham,,Consultancy,A rating
Sahoo Consulting Ltd,Feltham,Yes,Consultancy,A rating
Sai Accounting and Business Consultants Limited/ T/A PTOTAX PLUS ACCOUNTANTS,Ashford,,Consultancy,A rating
Sai Technology Solutions Ltd,Tring,,Tech,A rating
SailPoint Technologies UK Ltd,London,Yes,Tech,A rating
Sairides Consultancy Services Ltd,London,Yes,Consultancy,A rating
Saiven Technology Solutions Limited,Swindon,,Tech,A rating
Salience Labs Ltd,Thame,,Tech,A rating
Saltire Technology Events Limited,EDINBURGH,,Tech,A rating
Salto Systems Ltd,Southam,,Tech,A rating
Sam Computer Solutions Limited,Edinburgh,,Tech,A rating
Samaya AI UK Limited,London,Yes,Tech,A rating
SambaNova Systems UK Limited,London,Yes,Tech,A rating
Sampraves Technology Solutions Ltd,Halifax,,Tech,A rating
Samson Consultants Limited,London,Yes,Consultancy,A rating
Samsung Semiconductor Europe GMBH - UK,Weybridge,,Tech,A rating
Samvedya Technologies Limited,Hounslow,Yes,Tech,A rating
San IT Consultancy Ltd,Cambridge,,Consultancy,A rating
Sand Tech AI (UK) Ltd,London,Yes,Tech,A rating
Sandglass Capital Advisors (UK) Limited,London,Yes,Consultancy,A rating
Sandhata Technologies Limited,Reading,,Tech,A rating
Sandhata Technologies Ltd,London,Yes,Tech,A rating
Sandon Global Engraving Technology Ltd,Runcorn,,Tech,A rating
Sands Capital Advisors - UK LTD,London,Yes,Consultancy,A rating
Sandstone Technology (Europe) Ltd,Leeds,,Tech,A rating
Sandwich Technology School,Sandwich,,Tech,A rating
Sanjeev's Restaurant and Consultancy Services Ltd,Stoke on Trent,,Consultancy,A rating
Sanne Labs Limited,Halifax,,Tech,A rating
Sanova Technologies Limited,Slough,,Tech,A rating
Sansys Technologies Limited,Ilford,Yes,Tech,A rating
Sapere Software Limited,Stockton,,Tech,A rating
Sapience Tech Limited,London,Yes,Tech,A rating
Sapphire Systems Ltd,London,Yes,Tech,A rating
Sara Consultants Limited,Epsom,,Consultancy,A rating
Sartorius Stedim Chromatography Systems Ltd,Havant,,Tech,A rating
Sartorius Stedim Lab Limited,Stonehouse,,Tech,A rating
Satori Consulting International Ltd,London,Yes,Consultancy,A rating
Satya Infotech Limited,Cheltenham,,Tech,A rating
Sauce Labs Software UK Limited,Reading,,Tech,A rating
Saul Parker Consulting Limited t/a The Good Side,London,Yes,Consultancy,A rating
Sauter Automation Limited,Basingstoke,,Tech,A rating
Sava Technology Limited,Milton Keynes,,Tech,A rating
Savvy Advisory Ltd,London,Yes,Consultancy,A rating
Saw Consultancy services ltd,Slough,,Consultancy,A rating
Sawtooth Software UK Limited,Ashton-Under-Lyne,,Tech,A rating
Say Digital Limited,London,Yes,Tech,A rating
Say Property Consulting LLP,London,Yes,Consultancy,A rating
Sayari Labs Limited,London,Yes,Tech,A rating
Scaffold Digital Ltd,Belfast,,Tech,A rating
Scale AI Limited,London,Yes,Tech,A rating
Scan Computers International ltd,Bolton,,Tech,A rating
Schneider Electric Systems UK Limited,Telford,,Tech,A rating
Schonfeld Strategic Advisors (UK) LLP,London,Yes,Consultancy,A rating
School of Business and Technology London Limited,London,Yes,Tech,A rating
Schrodinger Technologies Limited,London,Yes,Tech,A rating
Schunk Carbon Technology Limited,Pudsey,,Tech,A rating
Schwarzthal Tech Ltd,Stanmore,Yes,Tech,A rating
Scientific Age Research and Testing Lab Ltd,Ilford,Yes,Tech,A rating
Score Genius Technology Ltd,London,Yes,Tech,A rating
Scraye Technologies Ltd.,London,Yes,Tech,A rating
Scribe Labs Limited,London,Yes,Tech,A rating
Scrub AI Holdings Ltd,London,Yes,Tech,A rating
Seaborn Software Ltd,London,Yes,Tech,A rating
Seagate Technology (Ireland),Londonderry,Yes,Tech,A rating
Searchlight Cyber Ltd,Portsmouth,,Tech,A rating
Searo Labs Ltd,Cambridge,,Tech,A rating
Seattle Software t/a Orbus Software,London,Yes,Tech,A rating
Secon Cyber Security Ltd,London,Yes,Tech,A rating
Second Front Systems Limited,Maidenhead,,Tech,A rating
Second Management Consultancy Ltd,Southend-on-Sea,,Consultancy,A rating
Secure Future Consultants Ltd,Uxbridge,Yes,Consultancy,A rating
Secure Technology Solutions Limited,Gravesend,,Tech,A rating
Securitas Technology Limited,Milton Keynes,,Tech,A rating
Security Systems Design Ltd,Huntingdon,,Tech,A rating
Sedna Systems Europe Limited,London,Yes,Tech,A rating
SeeChange Technologies Limited,Manchester,,Tech,A rating
Seenit Digital Limited,London,Yes,Tech,A rating
Seetec Business Technology Centre Limited,Hockley,,Tech,A rating
Sefton Place Advisors Limited,London,Yes,Consultancy,A rating
Seismic Software UK Limited,London,Yes,Tech,A rating
Sektor.AI (UK) Ltd,London,Yes,Tech,A rating
Sekyee Computer Ltd,London,Yes,Tech,A rating
Self Service Technology Ltd,Willerby,,Tech,A rating
Sell Through Digital Ltd,West Midlands,,Tech,A rating
Sena Trade & Consulting Ltd,London,Yes,Consultancy,A rating
Sener Engineering & Systems LTD,London,Yes,Tech,A rating
Senior Architectural Systems Limited,Doncaster,,Tech,A rating
Sensat Digital Limited,London,Yes,Tech,A rating
Sensata Technologies Intermediate UK Limited,Swindon,,Tech,A rating
Sensi Labs Ltd,London,Yes,Tech,A rating
Sensor Coating Systems Ltd,Dagenham East,Yes,Tech,A rating
Sentinel Labs Limited,Cheltenham,,Tech,A rating
Sentinel Technologies Ltd,Manchester,,Tech,A rating
Sention Technologies Limited,London,Yes,Tech,A rating
Sentium Technologies Ltd,London,Yes,Tech,A rating
Seon Consultancy Limited,Dundee,,Consultancy,A rating
Sequel Technologies Ltd,London,Yes,Tech,A rating
Sequoia Strategy Advisors Limited,Blackpool,,Consultancy,A rating
Serac Technologies Ltd,London,Yes,Tech,A rating
Serenity Technologies Ltd.,London,Yes,Tech,A rating
Serra Consultancy Services Ltd,London,Yes,Consultancy,A rating
Servicehub Consultant Limited,London,Yes,Consultancy,A rating
Servy Technologies UK Limited,London,Yes,Tech,A rating
Servzon Technologies Limited,Stockport,,Tech,A rating
Sesame Access Systems Ltd,West Byfleet,,Tech,A rating
Setec Consulting Engineers Ltd,Birmingham,,Consultancy,A rating
Setfords Technology Solutions Ltd,Guildford,,Tech,A rating
Seva Tech Limited,London,Yes,Tech,A rating
Shaal Tech Limited,Barking,Yes,Tech,A rating
Shahid Tech Count Co Ltd,Luton,,Tech,A rating
Shakil Shah Consultancy Ltd,Luton,,Consultancy,A rating
Shalom Digital Ltd,Bristol,,Tech,A rating
Shanay Digital Limited,Stanmore,Yes,Tech,A rating
Shankar Tech Ltd,Aberdeen,,Tech,A rating
Sharad Tech Ltd,Surrey,,Tech,A rating
Sharktower AI Ltd,Edinburgh,,Tech,A rating
Sharp Business Systems UK PLC,Wakefield,,Tech,A rating
Sharp-Ax Computer Systems Limited,Berkhamsted,,Tech,A rating
SharpCloud Software Limited,London,Yes,Tech,A rating
Shauri Technologies Limited,London,Yes,Tech,A rating
Shelter Tech UK Ltd,Uxbridge,Yes,Tech,A rating
Shenny Technologies Limited,Welwyn Garden City,,Tech,A rating
Sherring-Lucas Dental Lab Ltd,Hemel Hempstead,,Tech,A rating
Sherwood Systems Limited,Belfast,,Tech,A rating
Sherwoods Consultants Limited,Woking,,Consultancy,A rating
Shield AI UK LTD,London,Yes,Tech,A rating
Shield Systems Ltd,Hayes,Yes,Tech,A rating
Shift Technology UK Limited,London,Yes,Tech,A rating
Shirley Technologies Limited,Trafford Park,,Tech,A rating
Shivam Consultants Ltd,Hounslow,Yes,Consultancy,A rating
Shivom Consultancy Limited,Brentford,Yes,Consultancy,A rating
Shloka IT Consulting LTD,Leeds,,Consultancy,A rating
Shoot The Moon Design Consultants Ltd,Manchester,,Consultancy,A rating
Shooting star Technologies Ltd,Crawley,,Tech,A rating
Shopline Technology (UK) Limited,London,Yes,Tech,A rating
Shore Design Consultancy Ltd,Edinburgh,,Consultancy,A rating
Shout Digital Ltd,Newcastle upon Tyne,,Tech,A rating
Shree Infotech Limited,Rugby,,Tech,A rating
Shree Sai Consultants UK Ltd,Hertfordshire,,Consultancy,A rating
Shreeji Consultancy Ltd,Stockport,,Consultancy,A rating
Shreem Infotech Limited,Harrow,Yes,Tech,A rating
Shriya Consultancy Services Limited,London,Yes,Consultancy,A rating
Shuraim Telecom Ltd,Bradford,,Tech,A rating
Siddique Consultants Ltd,Ilford,Yes,Consultancy,A rating
Sidecar AI Ltd.,London,Yes,Tech,A rating
Sidelight AI Limited,ST. ALBANS,,Tech,A rating
Siecon Technologies Limited,Derby,,Tech,A rating
Sielo Consulting Ltd,Cobham,,Consultancy,A rating
Siemens Industry Software Limited,Farnborough,,Tech,A rating
Sierra Nevada Corporation Mission Systems UK Ltd,St Athan,,Tech,A rating
Sierra Technologies Ltd,London,Yes,Tech,A rating
Sify Technologies Limited,London,Yes,Tech,A rating
Sigma Computing UK Limited,London,Yes,Tech,A rating
Sign In App Ltd,Northampton,,Tech,A rating
Signet Labs Limited,London,Yes,Tech,A rating
Signum Global Advisors (UK) Limited,Hove,,Consultancy,A rating
Siguru AI,London,Yes,Tech,A rating
Sikdar Consulting Ltd,Tadley,,Consultancy,A rating
Sikraft Infotech ( Nuclear Energy ) Limited,Harrow,Yes,Tech,A rating
Silchester Control systems,Four Marks,,Tech,A rating
Silica Infotech Limited,Leicester,,Tech,A rating
Silicon Frontline Technology (UK) Limited,Reading,,Tech,A rating
Silver Bullet Data Services Ltd,London,Yes,Tech,A rating
Silver Touch Technologies (UK) Limited,Chelmsford,,Tech,A rating
Silverfin Software Ltd,London,Yes,Tech,A rating
Silverlink Technologies Ltd,London,Yes,Tech,A rating
Silvershell Integrated Consulting Ltd,Glasgow,,Consultancy,A rating
Silverstone Business Consulting Ltd,London,Yes,Consultancy,A rating
Silverstream Technologies (UK) Limited,London,Yes,Tech,A rating
Silverstripe Advisors Ltd,London,Yes,Consultancy,A rating
Silverstripe Credit and Technologies Limited,London,Yes,Tech,A rating
Silvertip Digital,London,Yes,Tech,A rating
Simfoni Analytics Ltd,London,Yes,Tech,A rating
Simkiss Control Systems Ltd,Manchester,,Tech,A rating
Simon-Kucher & Partners Strategy & Marketing Consultants,London,Yes,Consultancy,A rating
Simple.Life Apps UK Ltd,Walthamstow,Yes,Tech,A rating
Simpled Tech Limited T/A Simpled,London,Yes,Tech,A rating
Simplicity Cloud Ltd.,London,Yes,Tech,A rating
Simply Tax Advisory Limited,London,Yes,Consultancy,A rating
Simprints Technology Ltd.,Cambridge,,Tech,A rating
Simpson Technology Ltd,Heald Green,,Tech,A rating
Sinequanon Consulting Limited,London,Yes,Consultancy,A rating
Singletrack Systems Limited,London,Yes,Tech,A rating
Singular Systems UK Limited t/a Singular Systems,London,Yes,Tech,A rating
Siri Tech Services Ltd,Luton,,Tech,A rating
Sirron Technologies Limited,Glastonbury,,Tech,A rating
Sisteme Technologies Limited,Sheffield,,Tech,A rating
Sitekit Systems Limited,Edinburgh,,Tech,A rating
Sitruna Consulting Ltd,London,Yes,Consultancy,A rating
Six Degrees Labs,Farnham,,Tech,A rating
Skiff Capital Advisors Limited,London,Yes,Consultancy,A rating
Skill Plus Consultancy Ltd T/a Edu Plus Care,London,Yes,Consultancy,A rating
Skilled Workers Cloud LTD,London,Yes,Tech,A rating
Skills Consultancy & Management UK Limited,London,Yes,Consultancy,A rating
Skillwork Software and Consulting Ltd,Thame,,Tech & Consultancy,A rating
Skin Analytics,London,Yes,Tech,A rating
Sky Technologies Ltd,London,Yes,Tech,A rating
Sky Technology Solutions Limited,London,Yes,Tech,A rating
Sky-Drones Technologies Ltd,London,Yes,Tech,A rating
Skyfly Technologies Ltd,Offham,,Tech,A rating
Skylare Consultants Limited,Birmingham,,Consultancy,A rating
Skyline Medical Consultancy Limited,Telford,,Consultancy,A rating
Skynet IT Consultancy Limited,Slough,,Consultancy,A rating
Skywall Consulting Ltd,Rugby,,Consultancy,A rating
Sladen Consulting Limited,Hathersage,,Consultancy,A rating
Slalom Consulting Limited,London,Yes,Consultancy,A rating
Sleek Technology Limited,London,Yes,Tech,A rating
Slingshot AI Limited,London,Yes,Tech,A rating
Slip Technology Limited,London,Yes,Tech,A rating
Slitherine Software UK Ltd,Lower Kingswood,,Tech,A rating
Sloan Water Technology Limited,Southampton,,Tech,A rating
Small World Consulting Ltd,Lancaster,,Consultancy,A rating
SmallSpark Space Systems Ltd,"Cardiff,",,Tech,A rating
Smarsh Software UK Ltd,London,Yes,Tech,A rating
Smart City Consultancy Ltd,Newport Pagnell,,Consultancy,A rating
Smart Financial Systems LTD,London,Yes,Tech,A rating
Smart Information Technologies Ltd,Kirkham,,Tech,A rating
Smart Manufacturing Technology Ltd,Nottingham,,Tech,A rating
Smart Media Tech,Bradford,,Tech,A rating
Smart Metering Systems Plc,Glasgow,,Tech,A rating
Smart Telecom Services STS LTD,Harrow,Yes,Tech,A rating
SmartStream Technologies Ltd,Bristol,,Tech,A rating
Smartax Consultancy Limited,Birmingham,,Consultancy,A rating
Smartbiz Consultants Limited,Crawley,,Consultancy,A rating
Smartbox Assistive Technology Limited,Malvern,,Tech,A rating
Smarthome Technology Limited,London,Yes,Tech,A rating
Smartr.ai Ltd,Kilmarnock,,Tech,A rating
Smile Design Lab ltd.,Ellesmere Port,,Tech,A rating
SnagR Software Limited,Stafford,,Tech,A rating
Snap Analytics Ltd,Bristol,,Tech,A rating
Snappy App UK Limited,London,Yes,Tech,A rating
Sneak Peek Technologies Limited,Mitcham,Yes,Tech,A rating
Snodas Consulting Ltd,Hayes,Yes,Consultancy,A rating
Snovasys Software Solutions Limited,Middlesex,,Tech,A rating
Snowball Investment and Management Consultant Ltd trading as The Live Inn Whitbourne,Worcester,,Consultancy,A rating
Snowden Consulting Limited,King's Lynn,,Consultancy,A rating
Snowflake Computing U.K. Limited,London,Yes,Tech,A rating
Snowman Consultancy Ltd t/a NorthWest Services,Greenford,Yes,Consultancy,A rating
Snowplow Analytics Limited,London,Yes,Tech,A rating
So Technology Ltd,London,Yes,Tech,A rating
Soapbox Digital Media Ltd,Glasgow,,Tech,A rating
Sociovestix Labs Ltd,Edinburgh,,Tech,A rating
Socitm Advisory Limited,Northampton,,Consultancy,A rating
Socius Technologies Group Limited,Guildford,,Tech,A rating
Soderberg & Partners Technology And Services Ltd,Bristol,,Tech,A rating
Soderman Consulting Ltd,London,Yes,Consultancy,A rating
Sodolites Business Consulting Limited,Wigan,,Consultancy,A rating
Sofant Technologies Ltd,Edinburgh,,Tech,A rating
Softbank Robotics UK Limited,London,Yes,Tech,A rating
Softouch Consultancy LTD,London,Yes,Consultancy,A rating
Softserve Systems Limited,London,Yes,Tech,A rating
Software AG (UK) Limited,Derby,,Tech,A rating
Software Alliance Services Limited,Woking,,Tech,A rating
Software Tec Lab,Glasgow,,Tech,A rating
Software Testing Services Ltd,Hertfordshire,,Tech,A rating
Software Works For You Ltd,Sevenoaks,,Tech,A rating
Software solution systems limited,London,Yes,Tech,A rating
Softwire Technology Limited,London,Yes,Tech,A rating
Sofyne Active Technology Ltd,London,Yes,Tech,A rating
Soho Square Advisory Services Ltd,London,Yes,Consultancy,A rating
Solace Global Cyber Limited,Poole,,Tech,A rating
SolarEdge Technologies (UK) Ltd,Eaton Socon,,Tech,A rating
Solarise Technology Ltd,Ilford,Yes,Tech,A rating
Solarport Systems Limited,Bridport,,Tech,A rating
Solarvista Software Ltd,Sheffield,,Tech,A rating
Soldo Software Ltd,London,Yes,Tech,A rating
Solent Automation Ltd,Havant,,Tech,A rating
Solent Marine Consultants Limited,Southampton,,Consultancy,A rating
Solera Global Technology Ltd,Leeds,,Tech,A rating
Solid systems global Ltd,Derby,,Tech,A rating
Solomar Advisors Limited,London,Yes,Consultancy,A rating
Soltys Brewster Consulting Limited,Penarth,,Consultancy,A rating
Solution Business Consulting Ltd,Stroud,,Consultancy,A rating
Solvo.ai Ltd.,London,Yes,Tech,A rating
Soman Consulting Limited,Purley,Yes,Consultancy,A rating
Sonar Informatics Limited,London,Yes,Tech,A rating
Sonat Digital Marketing Ltd.,London,Yes,Tech,A rating
Sonata Software Limited,Brentford,Yes,Tech,A rating
Sonex Consultancy LTD,Birmingham,,Consultancy,A rating
Sophia Technologies Ltd,London,Yes,Tech,A rating
Sorint Lab UK,London,Yes,Tech,A rating
Sorores Consultancy Limited,London,Yes,Consultancy,A rating
Sosuv Consulting Private Limited,Iver,,Consultancy,A rating
Sovereign AI Operations Limited,London,Yes,Tech,A rating
Soyut Consultancy Ltd,Stoke-on-Trent,,Consultancy,A rating
Spaced Digital Ltd,London,Yes,Tech,A rating
Spark Data Systems Ltd,BRISTOL,,Tech,A rating
Spark Digital Trading (UK) LLP,London,Yes,Tech,A rating
Spark Emerging Technologies Limited,Waterlooville,,Tech,A rating
Sparta Telecom Limited,Luton,,Tech,A rating
Spartan Advisors EMEA LTD,London,Yes,Consultancy,A rating
Spaulding Ridge Advisory UK Limited,London,Yes,Consultancy,A rating
Specialist Marine Consultants Ltd,Hunmanby,,Consultancy,A rating
Specialist PR & Advisory Services Ltd,Ascot,,Consultancy,A rating
Specialist Veterinary Cardiology Consultancy Ltd,Four Marks,,Consultancy,A rating
Spectr Infotech Limited,"Milton Keynes,",,Tech,A rating
"Spectro Cloud, UK Limited",London,Yes,Tech,A rating
Spectrum Acoustic Consultants Limited,Biggleswade,,Consultancy,A rating
Spectrum Data Networks Ltd,London,Yes,Tech,A rating
Speed Consultants Limited,Ilford,Yes,Consultancy,A rating
Speed-Tech (UK) Limited,Stanwell,,Tech,A rating
Speeder Systems LTD,Southampton,,Tech,A rating
Spendor Audio Systems Limited,Rotherham,,Tech,A rating
Sphere Digital Recruitment Limited,London,Yes,Tech,A rating
Spica Technologies Ltd,Birmingham,,Tech,A rating
Spicer Consulting Ltd,Bedford,,Consultancy,A rating
SpiderRock Platform Services UK Limited,Belfast,,Tech,A rating
Spika Tech Ltd,London,Yes,Tech,A rating
Spilsbury Holdings Limited T/A Aztec Labs,London,Yes,Tech,A rating
Spinal Technologies Limited,London,Yes,Tech,A rating
Spine Technologies (Retail) Limited,London,Yes,Tech,A rating
Spires Engineering Consultancy Ltd,London,Yes,Consultancy,A rating
Spitfire Creative Technologies,MARGATE,,Tech,A rating
Spooner Vicars Bakery Systems,Golborne,,Tech,A rating
Sporting Data Limited,Brighton,,Tech,A rating
Sportlight Technology Ltd,London,Yes,Tech,A rating
Spot on computers Limited,Rochdale,,Tech,A rating
Spotless AI Limited,Wolverhampton,,Tech,A rating
Spraybooth Technology Ltd,Sudbury,,Tech,A rating
Sprift Technologies Ltd,London,Yes,Tech,A rating
Spring Bliss (UK) Consulting Company Ltd,London,Yes,Consultancy,A rating
Sprint Power Technology Ltd,Birmingham,,Tech,A rating
Spriya Technologies Ltd,Aylesbury,,Tech,A rating
Sprout.ai Limited,Swansea,,Tech,A rating
Spryker Systems Ltd,Ferndown,,Tech,A rating
Squad Labs Limited,London,Yes,Tech,A rating
Square Health Technology Limited,Windsor,,Tech,A rating
Square Marble Technology Limited,Manchester,,Tech,A rating
Squarebits Consulting Limited,Basildon,,Consultancy,A rating
Squire Technologies Ltd,Dorchester,,Tech,A rating
Sr engineering design & consultancy ltd,LONDON,Yes,Consultancy,A rating
Sran Whitfield Consulting Ltd.,Hampton Hill,,Consultancy,A rating
Sree Matha Technologies Ltd,London,Yes,Tech,A rating
Sreeranga IT Consultancy Ltd,Bristol,,Consultancy,A rating
Sri Prathinik Consulting Limited,Maidenhead,,Consultancy,A rating
SriBalaji Infotech Ltd,Leeds,,Tech,A rating
Srianu Technologies Ltd,Hatfield,,Tech,A rating
St Andrews Pharmaceutical Technology Limited,Henley-On-Thames,,Tech,A rating
Stability AI Ltd,London,Yes,Tech,A rating
StackOne Technologies Ltd,Newbury,,Tech,A rating
Stackflow Technologies UK Ltd,London,Yes,Tech,A rating
Stacks AI Limited,London,Yes,Tech,A rating
Stackseer Technologies Ltd.,Barnet,Yes,Tech,A rating
Stallions Technologies Ltd,WOLVERHAMPTON,,Tech,A rating
Stamford Hill Computers Ltd,London,Yes,Tech,A rating
Standard Advisory London Limited,London,Yes,Consultancy,A rating
Standard Signs & Traffic Systems,Newport,,Tech,A rating
Stanhope AI Ltd,London,Yes,Tech,A rating
"Stanley Consultants, Inc",Suton,,Consultancy,A rating
Star Lizard Consulting Limited,Camden,Yes,Consultancy,A rating
Starboard Systems Limited,Norwich,,Tech,A rating
Starburst Data UK Limited,Bicester,,Tech,A rating
Starfish Technologies Limited,Reading,,Tech,A rating
Starfish Virtual Labs Limited,London,Yes,Tech,A rating
Stark Software International Ltd.,Horley,,Tech,A rating
Starlike Consulting Ltd,Romford,Yes,Consultancy,A rating
Starline Holdings Technology Ltd,Reading,,Tech,A rating
Startup Voyager Digital UK Limited,London,Yes,Tech,A rating
"Starwood Capital Europe Advisers, LLP",London,Yes,Consultancy,A rating
Statement Technologies Limited T/A Tuza,London,Yes,Tech,A rating
Steel River Consultants Limited,Stockton,,Consultancy,A rating
Steel Software Solutions Limited,Oldham,,Tech,A rating
Stellar Entertainment Software Ltd,Guildford,,Tech,A rating
Stellar Global Technologies Limited,Staines-Upon-Thames,,Tech,A rating
Stemcell Technologies UK Limited,Cambridge,,Tech,A rating
Sterling Thermal Technology Limited,Aylesbury,,Tech,A rating
Sterlite Technologies UK Ventures Ltd,Krikby in Ashfield,,Tech,A rating
Steve Elphick Associates Limited t/a SEA Consulting,Teddington,,Consultancy,A rating
Steve Hines Consulting Ltd,London,Yes,Consultancy,A rating
Stibo Systems Ltd,Reading,,Tech,A rating
Stonehaven Advisors Limited,London,Yes,Consultancy,A rating
Stonewell Consulting Ltd,Ilford,Yes,Consultancy,A rating
Stopford Information Systems,CHESTER,,Tech,A rating
Storage Systems Installation Ltd,Hinckley,,Tech,A rating
Stored. Tech Ltd,LONDON,Yes,Tech,A rating
Storyteller Software Ltd,Edinburgh,,Tech,A rating
Straight Up Technologies UK Limited,Crawley,,Tech,A rating
Strategic Analytics Limited,London,Yes,Tech,A rating
Strategic Software Applications Ltd,London,Yes,Tech,A rating
Stratos Technologies Ltd,London,Yes,Tech,A rating
Stratus Consultants Ltd,Glasgow,,Consultancy,A rating
Stream Platforms Ltd,London,Yes,Tech,A rating
Streets Heaver Computer Systems Ltd,Lincoln,,Tech,A rating
Stride Ventures UK Advisors LTD,London,Yes,Consultancy,A rating
Strider Technologies UK Limited,London,Yes,Tech,A rating
Striding Edge Advisory Ltd,ULVERSTON,,Consultancy,A rating
Strive Platform Ltd,Newcastle upon Tyne,,Tech,A rating
Strolt Consult Ltd,Ilford,Yes,Consultancy,A rating
Strongfield Technologies Ltd,Wembley,Yes,Tech,A rating
Structural & Civil Consultants Ltd,Northallerton,,Consultancy,A rating
Strudel Labs Limited,London,Yes,Tech,A rating
Study Abroad Consultants Ltd,Croydon,Yes,Consultancy,A rating
Style Analytics Limited,London,Yes,Tech,A rating
Suade Labs Ltd,Macclesfield,,Tech,A rating
Sub-Tech Contracts Ltd,Barking,Yes,Tech,A rating
Subatomic Analytics Limited,London,Yes,Tech,A rating
Subscription Consulting Ltd.,London,Yes,Consultancy,A rating
Sucheta Consultancy Ltd T/As Kings Park Hotel and The Old Police Station,Retford,,Consultancy,A rating
SuhailK Consultancy Ltd,PRESTON,,Consultancy,A rating
SumTotal Systems UK Limited,Camberley,,Tech,A rating
Suma Software Solutions Limited,Leeds,,Tech,A rating
Sumitomo Electric Wiring Systems (Europe) Ltd,Newcastle under Lyme,,Tech,A rating
Summers-Inman Construction & Property Consultants,Newcastle Upon Tyne,,Consultancy,A rating
Summit systems,Tamworth,,Tech,A rating
Sumo Digital Limited,Sheffield,,Tech,A rating
SunMoon Consultancy Limited,Dunstable,,Consultancy,A rating
Sunlit Technologies Ltd,Milton Keynes,,Tech,A rating
Sunrise Software Ltd,London,Yes,Tech,A rating
Sunrise Systems Limited,Cambridge,,Tech,A rating
Sunshine consultancy london limited,Pinner,Yes,Consultancy,A rating
Suono Consultancy Limited,Weybridge,,Consultancy,A rating
Super Global Technologies Ltd,London,Yes,Tech,A rating
Super Tech Health Ltd,Birmingham,,Tech,A rating
Super-Sharp Space Systems Ltd,Cambridge,,Tech,A rating
Supercede Technology Ltd,Telford,,Tech,A rating
Supernova Digital Media UK Ltd,London,Yes,Tech,A rating
Supo Platform Limited,London,Yes,Tech,A rating
Suprema Systems UK Ltd,Birmingham,,Tech,A rating
Supreme Consultants Ltd,Cardiff,,Consultancy,A rating
Sura Technologies Limited,Hyde,,Tech,A rating
Suraksha Technologies Limited,Colchester,,Tech,A rating
Surface Measurement Systems Limited,Middlesex,,Tech,A rating
Surface Measurement Systems Ltd,Wembley,Yes,Tech,A rating
Surrey Satellite Technology Ltd,Guildford,,Tech,A rating
Surrey Tech Services Limited,Guildford,,Tech,A rating
Survival Systems International UK Ltd,Norfolk,,Tech,A rating
Sushvin Consultancy Services Limited,Luton,,Consultancy,A rating
Sussex Independent Financial Advisers,Hailsham,,Consultancy,A rating
Sustainable Drainage Systems Limited,Biddisham,,Tech,A rating
Sustainable Pipeline Systems Ltd,Aberdeen,,Tech,A rating
Sustainsys Consulting Limited,Suffolk,,Consultancy,A rating
Sutherland Digital UK Private Limited,London,Yes,Tech,A rating
Swadin Consultancy Ltd,Hounslow,Yes,Consultancy,A rating
Swallow Technology Limited,London,Yes,Tech,A rating
Swanton Consulting,London,Yes,Consultancy,A rating
Swaraj Technologies Limited,Greater Manchester,,Tech,A rating
Sweepr Technologies UK Branch,Aberdeen,,Tech,A rating
Sweet Analytics Ltd,Hemel Hempstead,,Tech,A rating
Swindon Silicon Systems Limited,Royal Wootton Basset,,Tech,A rating
Sword Technology Solutions Limited,Staines,,Tech,A rating
Syed HR Consultants Ltd,London,Yes,Consultancy,A rating
Sygnia Consulting UK Limited,London,Yes,Consultancy,A rating
Sylphid Analytics UK Ltd,Reading,,Tech,A rating
Sym AI LTD,London,Yes,Tech,A rating
Symbolica AI Limited,London,Yes,Tech,A rating
Syms Digital Ltd,Manchester,,Tech,A rating
Synativ Technologies Ltd,London,Yes,Tech,A rating
Synergize Consulting Limited,Crawley,,Consultancy,A rating
Synergy Arc Consulting Group Ltd,Ilford,Yes,Consultancy,A rating
Synergy Construction and Property Consultants LLP,Guildford,,Consultancy,A rating
Synergy Global Consulting Ltd,Oxford,,Consultancy,A rating
Syntegra Consulting Limited,Reading,,Consultancy,A rating
Synthesis Systems Limited,London,Yes,Tech,A rating
Sysco Infotech Ltd,Loughton,,Tech,A rating
Sysco Software (N.I.) Ltd,Belfast,,Tech,A rating
Sysnous Consulting Ltd,High Wycombe,,Consultancy,A rating
Systal Technology Solutions,Glasgow,,Tech,A rating
Systematic Software Engineering Limited,Farnborough,,Tech,A rating
Systems IT Support and Consultancy Limited,London,Yes,Tech & Consultancy,A rating
Systems Planning and Analysis UK Limited,Bristol,,Tech,A rating
Systems Technology Consultants Limited,Stoke-on-Trent,,Tech & Consultancy,A rating
Systems iO Limited,Canterbury,,Tech,A rating
Syzygy Consulting,London,Yes,Consultancy,A rating
T D DATA CONSULTANCY LTD,SLOUGH,,Tech & Consultancy,A rating
T Robinson Consulting Limited,Wardle,,Consultancy,A rating
T&G CONSULTANT LTD,Swindon,,Consultancy,A rating
T-Systems Ltd,Milton Keynes,,Tech,A rating
T1 DIGITAL CONSULTING LIMITED,Hillingdon,Yes,Tech & Consultancy,A rating
T1 Digital Consultants Limited,Hillingdon,Yes,Tech & Consultancy,A rating
TAICHI TECH LTD,Reading,,Tech,A rating
TAIT Technologies UK Ltd,Pontefract,,Tech,A rating
TAIWU CONSULTANCY LIMITED,London,Yes,Consultancy,A rating
TALENT NEXT CONSULTING SERVICES LTD,Milton Keynes,,Consultancy,A rating
TALIB CONSULTANCY (UK) LIMITED,Portsmouth,,Consultancy,A rating
TAMSONS ACCOUNTING & TAX CONSULTANCY LTD,Orpington,Yes,Consultancy,A rating
TANG TECHNOLOGY CONSULTANCY LTD,London,Yes,Tech & Consultancy,A rating
TANTUM PROPERTY CONSULTANTS LTD,LONDON,Yes,Consultancy,A rating
TAP Advisors Ltd.,London,Yes,Consultancy,A rating
TAPILINK TECHNOLOGY LIMITED,Ilford,Yes,Tech,A rating
TATA Consulting Engineers Limited,London,Yes,Consultancy,A rating
TAX ADVISORS & ACCOUNTANTS LTD,WOLVERHAMPTON,,Consultancy,A rating
TAX TECH ENTERPRISE LTD,Warwickshire,,Tech,A rating
TAXVISE MANAGEMENT CONSULTANTS LTD,Huddersfield,,Consultancy,A rating
TBA Consultancy Ltd,London,Yes,Consultancy,A rating
TBC CREATIVE SERVICES & CONSULTANCY LTD,London,Yes,Consultancy,A rating
TCC CONSULTING LTD,Hounslow,Yes,Consultancy,A rating
TCJ'S TECHNOLOGIES PVT LIMITED,Milton Keynes,,Tech,A rating
TE Digital Limited (t/a ThirdEye Consulting),London,Yes,Tech & Consultancy,A rating
TEAM CONSULTANCY GLOBAL LIMITED,West Bromwich,,Consultancy,A rating
TECH 22 LTD,"Southall,",,Tech,A rating
TECH ACCESSORIES LTD T/A iTech,Newbury,,Tech,A rating
TECH BRUMMIES CONSULTING LTD,Birmingham,,Tech & Consultancy,A rating
TECH DIGITAL FUNNEL LIMITED trading as Kebab King,Bristol,,Tech,A rating
TECH DOCTOR PLUSE LIMITED,Lemington Spa,,Tech,A rating
TECH ENABLED MARKETING LTD (Trading name: ZYXWARE TECHNOLOGIES),London,Yes,Tech,A rating
TECH ENTERPRISE SOLUTIONS LIMITED,Birmingham,,Tech,A rating
TECH FIX (ST HELENS) LTD,"St Helens,",,Tech,A rating
TECH FLO (EUROPE) LIMITED,Biggin Hill,,Tech,A rating
TECH LABZ LTD,Bolton,,Tech,A rating
TECH LCA LTD,Manchester,,Tech,A rating
TECH LOGIC LONDON LIMITED,London,Yes,Tech,A rating
TECH MANIA LIMITED,Birmingham,,Tech,A rating
TECH MTA LTD,Redcar,,Tech,A rating
TECH OBSERVER UK LTD,Manchester,,Tech,A rating
TECH PEOPLE MANAGED SERVICES LTD,Slough,,Tech,A rating
TECH PLACE LTD,Dunstable,,Tech,A rating
TECH REPAIR OUTLET LIMITED,Manchester,,Tech,A rating
TECH SOLUTION WORLD LTD,BIRMINGHAM,,Tech,A rating
TECH SQUARE REPAIRS LTD,Leicester,,Tech,A rating
TECH TAILORS LTD,Romford,Yes,Tech,A rating
TECH TORNADO LIMITED,Birmingham,,Tech,A rating
TECH WALA GROUP LIMITED,Manchester,,Tech,A rating
TECH YUG LTD,Hounslow,Yes,Tech,A rating
TECH-EPOCH MOBILE SOLUTIONS LTD,Southall,Yes,Tech,A rating
TECH-ERA SOLUTIONS LIMITED,Aldershot,,Tech,A rating
TECHCOM COMPUTER REPAIRS LIMITED T/A BROADWAY MOBILES & COMPUTERS,Surrey,,Tech,A rating
TECHHAT LTD T/A Tech & Vape,Romford,Yes,Tech,A rating
TECHNOLOGY ACE LIMITED,Ilford,Yes,Tech,A rating
TECHNOLOGY ASSOCIATES PRIVATE LIMITED,STAINES-UPON-THAMES,,Tech,A rating
TECHNOLOGY CONSULTING CORP LTD,WOLVERHAMPTON,,Tech & Consultancy,A rating
TECHNOLOGY INNOVATORS LIMITED,Uxbridge,Yes,Tech,A rating
TECHNOLOGY-TREND LIMITED,Eastleigh,,Tech,A rating
TECHSOFT CONSULTANCY SERVICES LTD,Liverpool,,Consultancy,A rating
TECHVISION CONSULTING LTD,Reading,,Consultancy,A rating
TECHWAVE CONSULTING UK LIMITED,London,Yes,Consultancy,A rating
TECHXTENDERS CONSULTING SOLUTIONS LTD,Slough,,Consultancy,A rating
TECO CONSULTANTS LTD,Slough,,Consultancy,A rating
TEEMILL TECH LTD,Freshwater,,Tech,A rating
TEKI Consult Limited,London,Yes,Consultancy,A rating
TELA TECHNOLOGY LIMITED,Solihull,,Tech,A rating
TELECOM BUSINESS TRANSFORMERS LIMITED,Basingstoke,,Tech,A rating
TELECOM PLUS PLC,EDGWARE,Yes,Tech,A rating
TELESCOPE TECHNOLOGY LIMITED t/a Lightdash,London,Yes,Tech,A rating
TENSOR SYSTEMS LIMITED,ST NEOTS,,Tech,A rating
TESTQ TECHNOLOGIES LIMITED,LEICESTER,,Tech,A rating
TESTRA TECHNOLOGIES LTD,Pudsey,,Tech,A rating
TETRA Technologies (UK) Limited,Aberdeen,,Tech,A rating
TGA Building Services Consulting Engineers Limited,London,Yes,Consultancy,A rating
TGA Consulting Engineers LLP,Newcastle upon Tyne,,Consultancy,A rating
THCP Advisory Limited,London,Yes,Consultancy,A rating
THE AI CORPORATION LIMITED,Woking,,Tech,A rating
THE DESI CO. GROUP LTD T/As 9x9 DIGITAL,London,Yes,Tech,A rating
THE DIGITAL LIGHTHOUSE,NEWCASTLE UPON TYNE,,Tech,A rating
THE DIGITAL ORGANISATION LTD,WEST YORKSHIRE,,Tech,A rating
THE ELEGANT CONSULTANTS LTD,Hayes,Yes,Consultancy,A rating
THE FOOTSOLDIERS DESIGN CONSULTANCY LIMITED,London,Yes,Consultancy,A rating
THE INFORMATION LAB LIMITED,London,Yes,Tech,A rating
THE LONDON ORTHOTIC CONSULTANCY LIMITED,Kingston Upon Thames,Yes,Consultancy,A rating
THE MAITLAND CONSULTANCY LIMITED,LONDON,Yes,Consultancy,A rating
THE OUTLOOK UK TECHNOLOGY LIMITED,Pinner,Yes,Tech,A rating
THE POSSIBILITIES LAB LTD,Holmfirth,,Tech,A rating
THE PRP LAB,London,Yes,Tech,A rating
THE ROCK - FINANCIAL MANAGEMENT CONSULTANTS LIMITED,London,Yes,Consultancy,A rating
THE SILVER OAK CONSULTANCY LTD,"Staines-Upon-Thames,",,Consultancy,A rating
THELOYALTYCO.APP LTD,Manchester,,Tech,A rating
THEMA AI LIMITED,Worthing,,Tech,A rating
THINKWISE SOFTWARE LTD,WATFORD,,Tech,A rating
THRIVE TECHNOLOGY LTD,London,Yes,Tech,A rating
TI Group Automotive Systems Limited,Oxford,,Tech,A rating
"TIANAN TECHNOLOGY UK CO., LTD",Brighton,,Tech,A rating
TIGERSI TECHNOLOGIES LTD.,Watford,,Tech,A rating
TIS TECH LTD,London,Yes,Tech,A rating
TJ CONSULTANCY LTD,London,Yes,Consultancy,A rating
TLDR CONSULTANCY LTD,LONDON,Yes,Consultancy,A rating
TLL CONSULTS LTD,Winsford,,Consultancy,A rating
TM Information Systems Ltd,Cardiff,,Tech,A rating
TMC Quantity Surveying Consultancy Ltd,Leighton Buzzard,,Consultancy,A rating
TNF TRAINING AND CONSULTING LIMITED,London,Yes,Consultancy,A rating
TNG Consulting Engineers Ltd,Southampton,,Consultancy,A rating
TNG Technology Consulting UK Ltd.,Oxford,,Tech & Consultancy,A rating
TOBY PETERS CONSULTANCY LIMITED,Battle,,Consultancy,A rating
TOKYO TECHNOLOGY LIMITED,Cheshire,,Tech,A rating
TOMSON CONSULTING LTD,Stocksbridge,,Consultancy,A rating
TONK LABS LIMITED,London,Yes,Tech,A rating
TOP SUN TECHNOLOGY DEVELOPMENT LIMITED,Cramlington,,Tech,A rating
TOP TECH DEAL LTD,London,Yes,Tech,A rating
TOPGAS CONSULTANCY LIMITED,Bracknell,,Consultancy,A rating
TOTAL SOLUTIONS TECHNOLOGY LTD,Letchworth Garden City,,Tech,A rating
TOTAL TECH REPAIR LTD,Bexleyheath,,Tech,A rating
TOTTON PHONE TECH LTD,Totton,,Tech,A rating
TP Accounting & Consultancy Ltd,Manchester,,Consultancy,A rating
TP Technologies Ltd,Bexleyheath,,Tech,A rating
TRADE CONSULTING LTD,GREAT MISSENDEN,,Consultancy,A rating
TRANS-OCEAN SHIP BROKING CONSULTANCY LTD,London,Yes,Consultancy,A rating
TRAction Fintech Ltd,London,Yes,Tech,A rating
TREASURE INVESTMENT CONSULTANCY LTD,London,Yes,Consultancy,A rating
TREVONIX TECHNOLOGIES LIMITED,Purley,Yes,Tech,A rating
TREXIN CONSULTANCY LTD,WEMBLEY,Yes,Consultancy,A rating
TRIANGLE CONSULTING LTD,Birmingham,,Consultancy,A rating
TRIBAL CONSULTING LTD,Royston,,Consultancy,A rating
TRITON SOFTWARE LTD,Oldmeldrum,,Tech,A rating
TRM Labs UK Ltd,London,Yes,Tech,A rating
TRP Consulting Ltd,Manchester,,Consultancy,A rating
TRUE Consulting Engineers Limited,Kingsteignton,,Consultancy,A rating
TRUE SEO CONSULTANTS LTD,Cardiff,,Consultancy,A rating
TRUELOGIC SOFTWARE LIMITED,Wakefield,,Tech,A rating
TRUSTED TECH TEAM LIMITED,London,Yes,Tech,A rating
TSBC Consulting ltd T/A Mason Structures,Coventry,,Consultancy,A rating
TSIT DIGITAL TECHNOLOGIES PRIVATE LTD,London,Yes,Tech,A rating
TSM Engineering Consultancy Ltd,Kent,,Consultancy,A rating
TT&T CONSULTANCY AND TRADING LTD,London,Yes,Consultancy,A rating
TTB Partners Investment Advisory Ltd,London,Yes,Consultancy,A rating
TULU TECH LTD,London,Yes,Tech,A rating
TURNLEAF ANALYTICS LTD,London,Yes,Tech,A rating
TVA Technology Ltd t/a Electricshop,Potters Bar,,Tech,A rating
TVision Technology Ltd,Woking,,Tech,A rating
TWIRL TECHNOLOGIES LTD,London,Yes,Tech,A rating
TWO ACE CONSULTANTS LIMITED,Rugby,,Consultancy,A rating
TXM Consult Ltd,Milton Keynes,,Consultancy,A rating
TYRUS TECH LTD,Tyne,,Tech,A rating
Tab Labs Ltd,London,Yes,Tech,A rating
Tabled Technologies Limited,London,Yes,Tech,A rating
Tacconis Advisors & Co. LLP,London,Yes,Consultancy,A rating
Taconic Capital Advisors UK LLP,London,Yes,Consultancy,A rating
Tag Digital Ltd,Glasgow,,Tech,A rating
Tag Systems UK,Leyland,,Tech,A rating
Tagshaw Consulting Limited,Maidenhead,,Consultancy,A rating
Tahas Accountants & Tax Advisors,Greater London,Yes,Consultancy,A rating
Tailor Made Technologies,Fareham,,Tech,A rating
Taina Technology,London,Yes,Tech,A rating
Take-Two Interactive Software Europe Limited,London,Yes,Tech,A rating
Talan Consulting UK Limited,London,Yes,Consultancy,A rating
Talent Systems Europe Limited,London,Yes,Tech,A rating
Talent Technology Limited,London,Yes,Tech,A rating
TalentBoost Education & Consulting Ltd,London,Yes,Consultancy,A rating
Talga Technologies Limited,Cambridge,,Tech,A rating
Talk Nerdy To Me Consultancy Limited,Southampton,,Consultancy,A rating
TalkTalk Telecom Group PLC,Salford,,Tech,A rating
TalkTalk Telecom Limited,Salford,,Tech,A rating
Talos Consulting Services Limited,Banbury,,Consultancy,A rating
Tamisa Consulting LTD,West Byfleet,,Consultancy,A rating
Tangent Innovative Systems Limited,Belfast,,Tech,A rating
Tank Consult Ltd,Thurnscoe,,Consultancy,A rating
Tannlin Technology Limited,Kilmarnock,,Tech,A rating
Tanzo Technologies Ltd,Farnborough,,Tech,A rating
Taparia Consultants Ltd T/A Taparia & Co Chartered Accountants,Uxbridge,Yes,Consultancy,A rating
Target Fire Systems Limited,Stafford,,Tech,A rating
Tasman Analytics Limited,London,Yes,Tech,A rating
Tata AutoComp Systems Limited,Leamington Spa,,Tech,A rating
Tata Consultancy Services,London,Yes,Consultancy,A rating
Tata Motors Design Tech Centre PLC,Coventry,,Tech,A rating
Tata Technologies Europe Limited,Warwick,,Tech,A rating
Tavant Technologies Private Limited,Nottingham,,Tech,A rating
Tavistock Consultancy UK Ltd,London,Yes,Consultancy,A rating
Tax Advisory Partnership Limited,London,Yes,Consultancy,A rating
Tax Computer Systems Limited,Staines-Upon-Thames,,Tech,A rating
Tax Digital Accountants Limited,London,Yes,Tech,A rating
TaxCare Consultants Ltd,London,Yes,Consultancy,A rating
TaxOne Consulting Ltd,Edinburgh,,Consultancy,A rating
Team 17 Digital Limited,Wakefield,,Tech,A rating
Team Consulting Ltd,Ickleton,,Consultancy,A rating
TeamTek Consulting Limited,London,Yes,Consultancy,A rating
Teamwill Consulting UK Limited,London,Yes,Consultancy,A rating
Tech 313 LTD,Luton,,Tech,A rating
Tech 4 You Limited,London,Yes,Tech,A rating
Tech Alchemy Limited,London,Yes,Tech,A rating
Tech Amigos Limited,London,Yes,Tech,A rating
Tech Automation Limited,London,Yes,Tech,A rating
Tech City Ventures Ltd,London,Yes,Tech,A rating
Tech Dot Limited,London,Yes,Tech,A rating
Tech Dynamics ltd,Liverpool,,Tech,A rating
Tech Edge Enterprises Ltd,Manchester,,Tech,A rating
Tech Engineering (UK) Ltd,Ilford,Yes,Tech,A rating
Tech Grids Limited,Altrincham,,Tech,A rating
Tech Infinity Pro Ltd,Manchester,,Tech,A rating
Tech Inline Limited,Forest Gate,,Tech,A rating
Tech Mahindra Limited,Milton keynes,,Tech,A rating
Tech Manage Limited,Carterton,,Tech,A rating
Tech NXT Gen Ltd,Newcastle Upon Tyne,,Tech,A rating
Tech Refrigeration Services ltd,Sevenoaks,,Tech,A rating
Tech Repair Services Ltd. T/As Fone Case,Bodmin,,Tech,A rating
Tech Repairs Bradford Ltd,Bradford,,Tech,A rating
Tech Simplified Ltd,London,Yes,Tech,A rating
Tech Smart Group Limited,London,Yes,Tech,A rating
Tech Solutions Lanarkshire Ltd,Bellshill,,Tech,A rating
Tech Solutions Pro Ltd,Nottingham,,Tech,A rating
Tech Talent Consulting Limited,Sutton,Yes,Tech & Consultancy,A rating
Tech Whizz Ltd,Preston,,Tech,A rating
Tech-LR Services Ltd,Milton Keynes,,Tech,A rating
TechNet Cloud Solutions Limited,Rugby,,Tech,A rating
Techcastle Digital Ltd,Stoke-on-Trent,,Tech,A rating
Technical Control Systems Ltd,Leeds,,Tech,A rating
Technified Systems Limited,EPSOM,,Tech,A rating
Technobeacon Consulting Limited,London,Yes,Consultancy,A rating
Technology Blueprint Ltd,Cambridge,,Tech,A rating
"Technology Crossover Ventures UK, LLP",London,Yes,Tech,A rating
Technology Expert International Limited,Horsham,,Tech,A rating
Technology Holdings Worldwide Limited,London,Yes,Tech,A rating
Technology Management (Midlands) Ltd,WOLVERHAMPTON,,Tech,A rating
Technology Risk Limited,Guildford,,Tech,A rating
Technology Solutions2 Limited,Warwick,,Tech,A rating
Technology Sourcing Ltd,London,Yes,Tech,A rating
Technology for Growth Limited,EDINBURGH,,Tech,A rating
Technology-Check LTD,England,,Tech,A rating
Technopath Consulting Limited,London,Yes,Consultancy,A rating
Techspire Consulting Limited,London,Yes,Consultancy,A rating
Techwass Consulting Ltd,ASCOT,,Consultancy,A rating
Techwave Technologies UK Ltd.,Stanwell,,Tech,A rating
Teebollz Consulting Limited,Stanford Le - Hope,,Consultancy,A rating
Teecom Consulting Limited,Altrincham,,Consultancy,A rating
Teedi Tech Limited,Acton,Yes,Tech,A rating
Tej Software Solutions Ltd,Wokingham,,Tech,A rating
Tejas Software Limited,London,Yes,Tech,A rating
Tekbright Systems Ltd,Greenford,Yes,Tech,A rating
Tekworks Consultancy Limited,Egham,,Consultancy,A rating
Telecom 2 Ltd,London,Yes,Tech,A rating
Telecom Pioneers Ltd,London,Yes,Tech,A rating
Telecom Solutions Resource Ltd,Watford,,Tech,A rating
Telefonica Digital Limited,London,Yes,Tech,A rating
Telefonica Tech UK Business Applications Limited,Glasgow,,Tech,A rating
Telefonica Tech UK Data & AI Limited,Farnham,,Tech,A rating
Telefonica Tech UK Limited,London,Yes,Tech,A rating
Teleglobal Consulting LTD,Swindon,,Consultancy,A rating
Telent Technology Services Limited,Warwick,,Tech,A rating
Tenant Participation Advisory Services (Cymru) Ltd,Cardiff,,Consultancy,A rating
Tendo Consulting Limited,London,Yes,Consultancy,A rating
Teneo Business Consulting Ltd,London,Yes,Consultancy,A rating
Tenor Tech Limited,Romford,Yes,Tech,A rating
Tenthpin Management Consultants Limited,London,Yes,Consultancy,A rating
Tern Technologies Ltd,London,Yes,Tech,A rating
Ternary Technology Ltd,Reading,,Tech,A rating
Terra Computer Limited,Warwick,,Tech,A rating
Tescon Business & Process Consultancy Limited,London,Yes,Consultancy,A rating
Tesora Technology Services Ltd,Potters Bar,,Tech,A rating
Tessl AI Limited,London,Yes,Tech,A rating
Tessolve Semiconductor Ltd,Bristol,,Tech,A rating
Testmade Technologies Limited,Aylesbury,,Tech,A rating
Tetra Consulting,London,Yes,Consultancy,A rating
Tetra Tech Group Limited,Leeds,,Tech,A rating
Tetra Tech international Development Limited,London,Yes,Tech,A rating
Tex Tech Industries (UK) Ltd,Huddersfield,,Tech,A rating
Texcel Technology Plc,London,Yes,Tech,A rating
Texuna Technologies Limited,Putney,Yes,Tech,A rating
Thakur Consultancy Services,Northampton,,Consultancy,A rating
Thames Marketing Consultants Ltd,Bridgend,,Consultancy,A rating
Thames Technology,Bracknell,,Tech,A rating
The 1 Advisers Ltd,London,Yes,Consultancy,A rating
The Area Technology Ltd,London,Yes,Tech,A rating
The Association for Renewable Energy and Clean Technology,London,Yes,Tech,A rating
The Automation Partnership (Cambridge) Ltd,Royston,,Tech,A rating
The Aviation Recruitment & Consulting Group Ltd,Exeter,,Consultancy,A rating
The Biodiversity Consultancy,Cambridge,,Consultancy,A rating
The Blockhouse Technology Limited,Oxford,,Tech,A rating
The Boston Consulting Group UK LLP,London,Yes,Consultancy,A rating
The Brooke Consultancy LLP,London,Yes,Consultancy,A rating
The Center for Countering Digital Hate,London,Yes,Tech,A rating
The Chase Creative Consultants Ltd,London,Yes,Consultancy,A rating
The Client Relationship Consultancy Limited,London,Yes,Consultancy,A rating
The Coalition for a Digital Economy (Coadec) Ltd t/a The Startup Coalition,London,Yes,Tech,A rating
The Consultancy Group,London,Yes,Consultancy,A rating
The Consulting Rooms,Paisley,,Consultancy,A rating
The Currency Cloud Services Limited,London,Yes,Tech,A rating
The Dance Lab,London,Yes,Tech,A rating
The Data Business Ltd,Canterbury,,Tech,A rating
The Data Capital Group,Stockport,,Tech,A rating
The Data Company Group Limited,Birmingham,,Tech,A rating
The Digital Accessibility Centre limited,Llandarcy,,Tech,A rating
The Digital Bench Ltd,Hove,,Tech,A rating
The Digital Fairy Ltd,London,Yes,Tech,A rating
The Digital Tide Ltd,London,Yes,Tech,A rating
The Dot Consulting Collective Limited,London,Yes,Consultancy,A rating
The Dynamics Power Consultancy Ltd,Kent,,Consultancy,A rating
The Foundation Growth Consulting LLP,London,Yes,Consultancy,A rating
The Green Cocoa Lab Limited,Milton Keynes,,Tech,A rating
The Heritage Advisory Ltd.,Holbeach,,Consultancy,A rating
The Institution of Engineering and Technology,Stevenage,,Tech,A rating
The Justice Platform Ltd (trading as Legl and CrowdJustice),London,Yes,Tech,A rating
The Manufacturing Technology Centre Services Ltd,Warwickshire,,Tech,A rating
The Mines Advisory Group,Manchester,,Consultancy,A rating
The Natural Power Consultants Ltd,Castle Douglas,,Consultancy,A rating
The Open Data Institute,London,Yes,Tech,A rating
The Public Service Consultants Limited t/a The PSC,London,Yes,Consultancy,A rating
The Retail Data Partnership Ltd,Essendine,,Tech,A rating
The Risk Advisory Group Plc,London,Yes,Consultancy,A rating
The San Francisco AI Factory UK LTD,London,Yes,Tech,A rating
The Social Commerce Platform Ltd,Cardiff,,Tech,A rating
The Social Investment Consultancy Ltd.,London,Yes,Consultancy,A rating
The Splash Lab Limited,Stockport,,Tech,A rating
The Sports Consultancy Ltd,London,Yes,Consultancy,A rating
The Supply Chain Consulting Group Limited,Leamington Spa,,Consultancy,A rating
The Team Brand Communication Consultants Ltd,London,Yes,Consultancy,A rating
The Tech Surgery (North East) Ltd,South Shields,,Tech,A rating
The Technology Business Ltd,Trafford Park,,Tech,A rating
The Terra Firma Consultancy Ltd,Petersfield,,Consultancy,A rating
The Testing Consultancy Europe Limited,London,Yes,Consultancy,A rating
The Townscape Consultancy,London,Yes,Consultancy,A rating
The White Oaks Consultancy Limited,Hook,,Consultancy,A rating
The Workshop Technologies Ltd,London,Yes,Tech,A rating
Theatre Projects Consultants Limited,London,Yes,Consultancy,A rating
Themis Technologies Ltd,Harrow,Yes,Tech,A rating
Theo Technologies LTD,Colne,,Tech,A rating
Thermco Systems Ltd.,Washington,,Tech,A rating
Thermoelectric Conversion Systems Ltd,Clydebank,,Tech,A rating
Think Cyber Security Ltd,London,Yes,Tech,A rating
Think Digital Group Ltd,London,Yes,Tech,A rating
Thinking Machine Systems Limited,London,Yes,Tech,A rating
Third Dimension AI Limited,Altrincham,,Tech,A rating
Third Financial Software Limited,London,Yes,Tech,A rating
Thistle Dental Lab Ltd,Aberdeen,,Tech,A rating
Thoma Bravo UK Advisers LLP,London,Yes,Consultancy,A rating
Thomas Consulting Limited,Chorley,,Consultancy,A rating
"Thoms Statistical Consultants Ltd ""Clifton Insight""",Bristol,,Consultancy,A rating
Thomson Environmental Consultants Limited,Guildford,,Consultancy,A rating
Thor Investment Advisor Europe Ltd,London,Yes,Consultancy,A rating
Thoth Financial Advisory Limited,Sutton,Yes,Consultancy,A rating
Thought Consultancy Ltd,Newcastle upon Tyne,,Consultancy,A rating
ThoughtClan Technologies (UK) LTD,Evesham,,Tech,A rating
Thoughtful Consultancy Limited,Hove,,Consultancy,A rating
Thoughtful Consultancy limited t/a Roundhay Digital,Hove,,Tech & Consultancy,A rating
Threadneedle Software Ltd,London,Yes,Tech,A rating
ThreatSpike Labs Limited,London,Yes,Tech,A rating
Three Plus Consulting Ltd,London,Yes,Consultancy,A rating
Threepwood Consulting Limited,Manchester,,Consultancy,A rating
Thrive Technology Group Limited,Portsmouth,,Tech,A rating
Thrive Therapeutic Software Limited,Stratford Upon Avon,,Tech,A rating
Thrivewise Consulting Ltd,London,Yes,Consultancy,A rating
Thulshan Software Solutions,Newark,,Tech,A rating
Thummar Consultancy Limited,Cheam,,Consultancy,A rating
Thyson Technology Ltd,Ellesmere Port,,Tech,A rating
Tiberone Technologies Limited,Hatfield,,Tech,A rating
Ticasso Consultancy Ltd,West Malling,,Consultancy,A rating
Tide Platform Ltd,London,Yes,Tech,A rating
Tiedot Digital Ltd,Belfast,,Tech,A rating
Tierney Strachan Consulting Limited,Aberdeen,,Consultancy,A rating
Tiger Analytics Consulting Ltd,London,Yes,Tech & Consultancy,A rating
TikTok Information Technologies UK Limited,London,Yes,Tech,A rating
Tilt Consulting Limited,London,Yes,Consultancy,A rating
Tilt Technologies Limited,London,Yes,Tech,A rating
Tim Consultancy Services Limited,Coventry,,Consultancy,A rating
Tim Hall Consulting Services Limited,Cowes,,Consultancy,A rating
Timberlake Consultants,Richmond,,Consultancy,A rating
Time and Data Systems International Ltd,Poole,,Tech,A rating
Timebeat.app Ltd,London,Yes,Tech,A rating
Timelineapp Tech Limited,London,Yes,Tech,A rating
Tioopo Capital Advisory Limited,London,Yes,Consultancy,A rating
Titan Data Solutions,London,Yes,Tech,A rating
Tite Street Consulting and Advisory Limited,Ewell,,Consultancy,A rating
Titian Software Ltd,LONDON,Yes,Tech,A rating
Tlogy Infotech Limited,Harrow,Yes,Tech,A rating
Toggle Software Services UK Ltd.,London,Yes,Tech,A rating
Tokenchain Advisors Ltd,London,Yes,Consultancy,A rating
TomTom Software Limited,London,Yes,Tech,A rating
Tomgandhi Consulting Limited,LONDON,Yes,Consultancy,A rating
Tomoro AI LTD,LONDON,Yes,Tech,A rating
Top Cloud Logistics Ltd,Birmingham,,Tech,A rating
Top Sarv Consultancy Limited,Milton Keynes,,Consultancy,A rating
Topa Technologies (UK) Limited,Bridgewater,,Tech,A rating
Toppan Digital Language Ltd,London,Yes,Tech,A rating
Toqio Fintech Limited,London,Yes,Tech,A rating
Toro Capital Advisors Ltd,London,Yes,Consultancy,A rating
Toshiba TEC UK Imaging Systems Ltd,Chertsey,,Tech,A rating
Total Computer Networks Ltd,Kettering,,Tech,A rating
Total IT Technology Solutions Ltd,Kempston,,Tech,A rating
Total Performance Data Limited,London,Yes,Tech,A rating
Total Systems plc,London,Yes,Tech,A rating
Touchstar Technologies Limited,Manchester,,Tech,A rating
Touchstone Advisory Limited,Birminham,,Consultancy,A rating
Tovie AI Limited,London,Yes,Tech,A rating
Tquila Automation Ltd.,London,Yes,Tech,A rating
TraQs Consulting Limited,Ascot,,Consultancy,A rating
Track Consulting Limited,Cardiff,,Consultancy,A rating
Tradebyte Software Limited,Cheltenham,,Tech,A rating
Tradeflow Consulting Ltd,Greenford,Yes,Consultancy,A rating
Tradepoint Systems UK Ltd,London,Yes,Tech,A rating
Traders Digital Marketing Ltd,Croydon,Yes,Tech,A rating
Trading Technologies  UK Limited,London,Yes,Tech,A rating
Traffic Tech U.K Ltd,Surrey,,Tech,A rating
Traffic Technology Ltd,Silverstone,,Tech,A rating
Transact Technology Solutions Ltd,St Albans,,Tech,A rating
Transense Technologies plc,Bicester,,Tech,A rating
Transformer Systems Ltd,Leeds,,Tech,A rating
Transforming Training with Technology Limited,Hurn,,Tech,A rating
Transvac Systems Limited,Derbyshire,,Tech,A rating
Transvault Software Limited,Bristol,,Tech,A rating
Transwap Technologies (UK) Limited,Edinburgh,,Tech,A rating
Transworld Business Advisors UK Limited,London,Yes,Consultancy,A rating
Travel Technology Systems Ltd,Preston,,Tech,A rating
Treasure Data (UK) Limited,London,Yes,Tech,A rating
Treehouse Digital Limited,Bournemouth,,Tech,A rating
Treis Partners Advisory Limited,London,Yes,Consultancy,A rating
Trend Technologies Limited,Swindon,,Tech,A rating
Trend Technologies Scotland Limited,Glenrothes,,Tech,A rating
Trent AI Limited,Cambridge,,Tech,A rating
Trianz Digital Ltd,Beckenham,Yes,Tech,A rating
Tribe Group Digital Limited,London,Yes,Tech,A rating
Tricon Infotech UK Limited,Reading,,Tech,A rating
Trident Engineering Consultants,Renfrew,,Consultancy,A rating
Trident Technologies Limited,London,Yes,Tech,A rating
Trillium Flow Technologies Holdco Limited,London,Yes,Tech,A rating
Trilogy Writing and Consulting Limited,Cambridge,,Consultancy,A rating
Trinity Trading and Consulting Limited,Huddersfield,,Consultancy,A rating
Trio Motion Technology Limited,Tewkesbury,,Tech,A rating
Triple Line Consulting Limited,London,Yes,Consultancy,A rating
Triponel Consulting,Harrogate,,Consultancy,A rating
Tritek Consulting Limited,Enfield,Yes,Consultancy,A rating
Triton Investments Advisers LLP,London,Yes,Consultancy,A rating
Trium Environmental Consulting LLP,London,Yes,Consultancy,A rating
Troika Consulting Ltd,London,Yes,Consultancy,A rating
Troy IT Consultancy Limited,Ardwick,,Consultancy,A rating
TruFin Labs Limited,London,Yes,Tech,A rating
Truckcom Systems Ltd,Bishop's Stortford,,Tech,A rating
True Digital Ltd,Bristol,,Tech,A rating
Trulience Technologies Limited,London,Yes,Tech,A rating
Trumeter Technologies Ltd,Bury,,Tech,A rating
Trumpet Software Limited,London,Yes,Tech,A rating
Trussle Lab Ltd T/A Better.co.uk,London,Yes,Tech,A rating
Trusted Data Solutions UK Ltd,Nantgarw,,Tech,A rating
Trusted Technology Limited,Nottingham,,Tech,A rating
Trustly Technologies UK Ltd,London,Yes,Tech,A rating
Truth Consulting,London,Yes,Consultancy,A rating
Tryambakam Digital Ltd,Bristol,,Tech,A rating
Tsight Consulting Ltd T/A Marketscience Consulting,London,Yes,Consultancy,A rating
Tube Tech Industrial Limited,Canvey Island,,Tech,A rating
Tubular Labs UK Limited,London,Yes,Tech,A rating
Tufin Software Europe Limited,Reading,,Tech,A rating
Tungsten Automation UK Limited,London,Yes,Tech,A rating
Turbine Simulated Cell Technologies Limited,Cambridge,,Tech,A rating
Turbo Power Systems,Gateshead,,Tech,A rating
Turing Intelligence Technology Limited,London,Yes,Tech,A rating
Turnkey Consulting (UK) Limited,London,Yes,Consultancy,A rating
Turnout Labs Ltd,London,Yes,Tech,A rating
Turnstar Systems GB Ltd,Radcliffe,,Tech,A rating
Twaraa Technology and Services Limited,Stanmore,Yes,Tech,A rating
Twelve Oaks Software Ltd,York,,Tech,A rating
Twenty20 Software Limited,Horsham,,Tech,A rating
Tyche Consulting Ltd,London,Yes,Consultancy,A rating
Tyler Hill Consulting Limited,London,Yes,Consultancy,A rating
Tylers Consultancy Limited,Basingstoke,,Consultancy,A rating
Tymphany Acoustic Technology (UK) Limited,Bridgend,,Tech,A rating
U L Consultants Limited,Edgware,Yes,Consultancy,A rating
UAV Tactical Systems Limited,Leicester,,Tech,A rating
UBDS IT CONSULTING LTD,Tunbridge Wells,,Consultancy,A rating
UBIETY Technologies Limited,Ely,,Tech,A rating
UBIQUE DIGITAL LTD,London,Yes,Tech,A rating
UBIQUE SYSTEMS UK LIMITED,LONDON,Yes,Tech,A rating
UCAN CONSULTING LTD,London,Yes,Consultancy,A rating
UCL Consultants Ltd,London,Yes,Consultancy,A rating
UD Software Solutions Group Limited,Manchester,,Tech,A rating
UIC Digital Ltd,London,Yes,Tech,A rating
UK CLOUD CONSULTING LTD,Reading,,Tech & Consultancy,A rating
UK COLLEGE OF BUSINESS AND COMPUTING LTD,London,Yes,Tech,A rating
UK Cyber Security Council,London,Yes,Tech,A rating
UK DIGI TECH LTD,Barking,Yes,Tech,A rating
UK DIGITAL SERVICES LTD,Crawley,,Tech,A rating
UK FIRST FINTECH LIMITED,London,Yes,Tech,A rating
UK Gas Technologies Limited,Redhill,,Tech,A rating
UK INTIS TELECOM LTD,London,Yes,Tech,A rating
UK MEDICAL CONSULTANCY LIMITED,East Acton,,Consultancy,A rating
"UK ORANGE MAGIC CUBE INFORMATION TECHNOLOGY CO., LTD",Milton Keynes,,Tech,A rating
UK Speeder Consulting Ltd,Manchester,,Consultancy,A rating
"UK Virgimax Liquors Trading & Consulting Co., Ltd",Surrey,,Consultancy,A rating
UK WORK PERMIT CONSULTANCY LIMITED,London,Yes,Consultancy,A rating
UK&I CYBER RANGES ltd,Manchester,,Tech,A rating
UK-BANGLA CONSULTANCY LTD,London,Yes,Consultancy,A rating
UKG Technology Limited,Bracknell,,Tech,A rating
ULLA TECHNOLOGY LTD,London,Yes,Tech,A rating
ULTRA INTELLECT TECHNOLOGIES LIMITED,London,Yes,Tech,A rating
ULTRON TECHNOLOGIES LTD,BIRMINGHAM,,Tech,A rating
ULVA Insulation Systems Ltd,Shropshire,,Tech,A rating
UMA Advisory Ltd,Chalfont St. Peter,,Consultancy,A rating
UMA LABS LIMITED,London,Yes,Tech,A rating
UMF TECHNOLOGY CONSULTING LTD,Staines-Upon Thames,,Tech & Consultancy,A rating
UNA PROPERTY CONSULTANCY LTD,HARROW,Yes,Consultancy,A rating
UNATERRA CONSULTING LTD,Gateshead,,Consultancy,A rating
UNDAR CONSULTANCY LIMITED,London,Yes,Consultancy,A rating
UNI LADDER CONSULTANCY LIMITED,London,Yes,Consultancy,A rating
UNICORN ADVISOR (UK) LIMITED,London,Yes,Consultancy,A rating
UNIEO CONSULTANTS LIMITED,London,Yes,Consultancy,A rating
UNIQUE LEGAL CONSULTANCY LTD,Northampton,,Consultancy,A rating
UNISON SOFTWARE AND CONSULTANCY LTD,London,Yes,Tech & Consultancy,A rating
UNIVERON TECHNOLOGIES LIMITED,Luton,,Tech,A rating
UNIVERSAL CONSULTANCY GLOBAL LIMITED,Manchester,,Consultancy,A rating
UNIVERSAL CONSULTANTS AND ASSET MANAGEMENT LIMITED,London,Yes,Consultancy,A rating
UNSTOPPABLES DIGITAL MEDIA LTD,London,Yes,Tech,A rating
UPLAND SOFTWARE UK LIMITED,London,Yes,Tech,A rating
UPP Consultants Ltd,London,Yes,Consultancy,A rating
UPROOT TECHNOLOGIES LTD,Milton Keynes,,Tech,A rating
URBACON TECHNOLOGIES & SERVICES LTD,Dartford,,Tech,A rating
URBAN PLAN CONSULTANTS LTD,Hove,,Consultancy,A rating
US TECH SOLUTIONS LIMITED,London,Yes,Tech,A rating
US3 GLOBAL CONSULTING LTD,London,Yes,Consultancy,A rating
USS TECHNOLOGIES LIMITED,Slough,,Tech,A rating
UTILITY DATA INTELLIGENCE LTD,London,Yes,Tech,A rating
UTM CONSULTANTS LTD,Bristol,,Consultancy,A rating
UV Software Limited,Cambridge,,Tech,A rating
Ubuntu Advisory and Investments Limited,London,Yes,Consultancy,A rating
Ultraviolet Cyber (UK) Limited,London,Yes,Tech,A rating
Umi Digital Solutions Ltd,London,Yes,Tech,A rating
Unboring Digital Ltd.,London,Yes,Tech,A rating
Unbound Advisors Limited,London,Yes,Consultancy,A rating
Unboxed Consulting,London,Yes,Consultancy,A rating
Unboxed Consulting Limited,London,Yes,Consultancy,A rating
Under One Cloud Consultancy Ltd,Worthing,,Tech & Consultancy,A rating
Uniphore Technologies UK Limited,London,Yes,Tech,A rating
Uniq Technology Ltd,Southanpton,,Tech,A rating
Unique Building Services and Consultancy (UK) LTD,Oldham,,Consultancy,A rating
Unique Digital Marketing Limited T/A syzygy,London,Yes,Tech,A rating
Unique IT Consultancy Ltd,New Basford,,Consultancy,A rating
Unique Mobiles Tech Services Ltd,Wolverhampton,,Tech,A rating
Unique Window Systems Limited,Leicester,,Tech,A rating
Unit4 Business Software Ltd,Harrogate,,Tech,A rating
Unitech Consultancy Services Pvt Ltd,Edinburgh,,Consultancy,A rating
United Foreign Education Consultancy Ltd,London,Yes,Consultancy,A rating
United IT and Consultancy Limited,London,Yes,Consultancy,A rating
United Registrar Of Systems,Bournemouth,,Tech,A rating
Unitive Technologies Limited,London,Yes,Tech,A rating
Unity Advisory Opco 2 Limited,Fareham,,Consultancy,A rating
Unity Software Limited,Brighton,,Tech,A rating
Universal Dispense Systems Ltd,Hounslow,Yes,Tech,A rating
Universities and Colleges Information Systems Association Ltd,Oxford,,Tech,A rating
Unravel Technologies Limited,London,Yes,Tech,A rating
Untitled Advisors LLP,London,Yes,Consultancy,A rating
Unusual Technologies Ltd,Brighton,,Tech,A rating
Updraft WP Software Ltd,Newport,,Tech,A rating
Upscale Consultants Ltd,Kennington,Yes,Consultancy,A rating
Upsolve AI,London,Yes,Tech,A rating
Uptick Software UK Limited,London,Yes,Tech,A rating
Uptime Labs Ltd,London,Yes,Tech,A rating
Usman Fayyaz Khan T/A Independent Financial Advisor,Slough,,Consultancy,A rating
Utility Consultancy and Engineering Limited,Barnsley,,Consultancy,A rating
Uurnik Systems Ltd,Reading,,Tech,A rating
V Tech Services Ltd,GRAINGER PARK,,Tech,A rating
V-LAB LTD,Redcar,,Tech,A rating
V-Square Technologies Ltd,Milton Keynes,,Tech,A rating
V-TAX ACCOUNTANTS AND BUSINESS CONSULTANTS LIMITED,Bradford,,Consultancy,A rating
V-Tech UK Ltd,Ilford,Yes,Tech,A rating
VA TECHNOLOGY LTD,Telford,,Tech,A rating
VAAMG Consulting Limited,Milton Keynes,,Consultancy,A rating
VALIANT ENGINEERING CONSULTING SERVICES LTD,Huntingdon,,Consultancy,A rating
VALUE TECH LABS LIMITED,Coventry,,Tech,A rating
VAN ETTEN CONSULTING UK LIMITED,Surrey,,Consultancy,A rating
VARS Technology,Blackpool,,Tech,A rating
VAS Infotech Limited,Ashford,,Tech,A rating
VBT Software UK Limited,Harrow,Yes,Tech,A rating
VCA Technology Ltd,Chepstow,,Tech,A rating
VCG Technology Services Limited,Stockport,,Tech,A rating
VCP Advisors Limited,London,Yes,Consultancy,A rating
VEBS Consultant Ltd,Camberley,,Consultancy,A rating
VECTOR AI LTD,Loondon,,Tech,A rating
VED CONSULTING LIMITED,London,Yes,Consultancy,A rating
VEDAS APPS LTD,London,Yes,Tech,A rating
VENKATA SAI TECHNOLOGIES LIMITED,Stoke-On-Trent,,Tech,A rating
VENTURA CONSULTANCY LIMITED,Preston,,Consultancy,A rating
VENTURA UK TECHNOLOGIES LIMITED,London,Yes,Tech,A rating
VEOLIA WATER TECHNOLOGIES & SOLUTIONS (UK) LIMITED PARTNERSHIP,Peterborough,,Tech,A rating
VEON Digital Limited,London,Yes,Tech,A rating
VERICON SYSTEMS LIMITED,CHELTENHAM,,Tech,A rating
VERSATILE CONSULTANCY LIMITED,LONDON,Yes,Consultancy,A rating
VERTEX GLOBAL CONSULTING GROUP LTD,London,Yes,Consultancy,A rating
VET VISION AI LIMITED,Nottingham,,Tech,A rating
VG Tech Solutions LTD,Swindon,,Tech,A rating
VHR Technical Consultancy Limited,London,Yes,Consultancy,A rating
VICTORIA BUSINESS ADVISORS LIMITED,OLDHAM,,Consultancy,A rating
VIDIONICS SECURITY SYSTEMS LTD,High Wycombe,,Tech,A rating
VIJIGS TECHNOLOGIES LTD,ABERDEEN,,Tech,A rating
VIP Computer Centre Ltd,Warrington,,Tech,A rating
VIPA Digital Ltd.,London,Yes,Tech,A rating
VIPR Digital Limited (trading as FIXR),London,Yes,Tech,A rating
VIRGO TECH LTD,Northampton,,Tech,A rating
VIRTUAL EARTH CONSULTANCY LIMITED,London,Yes,Consultancy,A rating
VIRTUAL VIEW APP LIMITED,London,Yes,Tech,A rating
VIS Ventilation industrial Systems,Northampton,,Tech,A rating
VISION MODULAR SYSTEMS UK LIMITED,Bedford,,Tech,A rating
VISION TECH GROUP LTD,Hayes,Yes,Tech,A rating
VISS EDUCATION CONSULTANCY LTD,London,Yes,Consultancy,A rating
VISTO TECHNOLOGIES PVT LTD,HOUNSLOW,Yes,Tech,A rating
VISU TECH LTD,Manchester,,Tech,A rating
VISUAL DATA MEDIA SERVICES LIMITED,London,Yes,Tech,A rating
VISUN TECHNOLOGIES LTD,London,Yes,Tech,A rating
VIT - TECH LTD,HARROW,Yes,Tech,A rating
VIVA CITY TECHNOLOGIES LIMITED,London,Yes,Tech,A rating
VIVE TECH SOLUTIONS,Birmingham,,Tech,A rating
VIX TECHNOLOGY UK LIMITED,CAMBRIDGE,,Tech,A rating
VJ Technology Ltd,Ashford,,Tech,A rating
VJSAR Consultant Service Ltd,"Wallington, Sutton",,Consultancy,A rating
VL Digital Ltd,Portsmouth,,Tech,A rating
VLS IT Consulting Limited,"Hemel Hempstead,",,Consultancy,A rating
VM Cloud Limited,London,Yes,Tech,A rating
VMD Consultancy Limited,London,Yes,Consultancy,A rating
VPGTS Technologies Ltd,Huddersfield,,Tech,A rating
VR Advisory Services (UK) LLP,London,Yes,Consultancy,A rating
VRD Consultancy Ltd,Rickmansworth,,Consultancy,A rating
VRK Tech Solutions Ltd,Swindon,,Tech,A rating
VRM Advisory,Twyford,,Consultancy,A rating
VSK CONSULTANTS LIMITED,Aylesbury,,Consultancy,A rating
VSSP Consultancy Limited,Loudwater,,Consultancy,A rating
VTEX ECOMMERCE PLATFORM LTD,London,Yes,Tech,A rating
VVIEWING TECHNOLOGIES LIMITED,Hayes,Yes,Tech,A rating
Vaayu Tech Ltd,Woking,,Tech,A rating
Vagabond Digital,MANCHESTER,,Tech,A rating
Valarian Technologies Limited,London,Yes,Tech,A rating
Vale Lab Ltd,Twickenham,Yes,Tech,A rating
Vale View Consulting Limited,"Edinburgh,",,Consultancy,A rating
Valentia Partners Consulting Limited,London,Yes,Consultancy,A rating
Vali Analytics Limited,London,Yes,Tech,A rating
Valley Moon Consultant Ltd,London,Yes,Consultancy,A rating
Valor Care Services Training and Consultancy Limited,Sutton,Yes,Consultancy,A rating
Valour Consultancy Ltd,Grantham,,Consultancy,A rating
Valt Tech Limited,Bletchley,,Tech,A rating
Valve & Pipework Systems Limited,Coalville,,Tech,A rating
Vandana Technologies Pvt Ltd,Staines upon Thames,,Tech,A rating
Vanellus Technologies Ltd,Cambridge,,Tech,A rating
Vani Consultancy Services Limited,Slough,,Consultancy,A rating
Vanquish Technologies Ltd,London,Yes,Tech,A rating
Vanta Technology UK Limited,London,Yes,Tech,A rating
Vantage Data Centers UK Limited,Newbury,,Tech,A rating
Vantor Technologies UK Ltd,London,Yes,Tech,A rating
Vape Tech Plus Ltd. T/A Vape Tech Plus,Bolton,,Tech,A rating
VapeGen Tech Ltd,Brentwood,,Tech,A rating
Vardaan Software Services Limited,High Wycombe,,Tech,A rating
Varian Medical Systems UK Limited,Crawley,,Tech,A rating
Variety Plus PR & Consulting Limited,London,Yes,Consultancy,A rating
Varnish Software Limited,Stratford Upon Avon,,Tech,A rating
Varo Consulting Ltd,Poole,,Consultancy,A rating
Vaspba Remote Piloted Systems Ltd.,Weymouth,,Tech,A rating
Vast Data UK Limited,Ascot,,Tech,A rating
Vauban Technologies Limited,London,Yes,Tech,A rating
Vault Platform Ltd,London,Yes,Tech,A rating
Vava Cars Systems UK Limited,London,Yes,Tech,A rating
Vea Telecoms UK Limited,Bracknell,,Tech,A rating
Vector Design Consultancy Ltd,Stadhampton,,Consultancy,A rating
Vectrus Systems Corporation,Milton Keynes,,Tech,A rating
Veda NFP Consulting LTD,London,Yes,Consultancy,A rating
Vedette Consulting Limited,Maidenhead,,Consultancy,A rating
Veeam Software UK Limited,London,Yes,Tech,A rating
Veeva Systems UK Ltd,London,Yes,Tech,A rating
Vega Investment Technologies Limited,London,Yes,Tech,A rating
Vegan Solo Consulting Ltd,Peterlee,,Consultancy,A rating
Veld Capital Advisory LLP,London,Yes,Consultancy,A rating
Velocity Technology Limited,London,Yes,Tech,A rating
Vemco Consulting Ltd,Cambridge,,Consultancy,A rating
Vendo Digital Limited,Sutton,Yes,Tech,A rating
Venesta Washroom Systems Limited,STOKE-ON-TRENT,,Tech,A rating
Venn Apps Ltd,London,Yes,Tech,A rating
Vennre Ventures Advisers (VVA) Ltd,London,Yes,Consultancy,A rating
Vent-Tech Ltd,Bristol,,Tech,A rating
Venture 1 Consulting Limited,London,Yes,Consultancy,A rating
Vera Chilly Consultancy Services Limited trading as Vera Chilly Social Care,DUNSTABLE,,Consultancy,A rating
Verco Advisory Services Limited,Bath,,Consultancy,A rating
Verdane Advisors Limited,Warwick,,Consultancy,A rating
Verge Labs LTD,Bradford,,Tech,A rating
VeriPark Software UK Limited,London,Yes,Tech,A rating
Veridien Consulting Partners Limited,Welwyn Garden City,,Consultancy,A rating
Verified Digital Limited,London,Yes,Tech,A rating
Veriland Consulting Ltd.,Macclesfield,,Consultancy,A rating
Verint Systems UK Limited,Woking,,Tech,A rating
Verisk Analytics Limited,London,Yes,Tech,A rating
Veritas Advisory Limited,London,Yes,Consultancy,A rating
Veritas Consultancy (UK) Limited,Essex,,Consultancy,A rating
Veritas International Consultancy Ltd,London,Yes,Consultancy,A rating
Verition Advisors (UK) Limited,London,Yes,Consultancy,A rating
Version 1 Technology Limited,Belfast,,Tech,A rating
Vertice Technology Ltd,London,Yes,Tech,A rating
Verysell Technologies (UK) Ltd,London,Yes,Tech,A rating
Vesper Infrastructure Advisory Limited,London,Yes,Consultancy,A rating
Vesper Software Ltd,London,Yes,Tech,A rating
Vesta Consulting Limited,Birmingham,,Consultancy,A rating
Vesta Software Group Limited,Wallingford,,Tech,A rating
Vestas Technology UK Limited,Newport,,Tech,A rating
Vestigo Capital Advisors LLP,London,Yes,Consultancy,A rating
Vetsa Consulting Services Limited,Coventry,,Consultancy,A rating
Vhan Consulting Ltd,Maidenhead,,Consultancy,A rating
Vialogic Consulting Services Ltd,Reading,,Consultancy,A rating
Vibha Technology Ltd,Solihull,,Tech,A rating
VicAsset Advisors UK Limited,London,Yes,Consultancy,A rating
Victorious Technologies Limited,Berkshire,,Tech,A rating
Victory Advisors Limited,London,Yes,Consultancy,A rating
Vida Consultancy Ltd t/a Maclynn,Mayfair,Yes,Consultancy,A rating
Vidanny Consulting Limited,Haywards Heath,,Consultancy,A rating
Videojet Technologies Limited,Huntingdon,,Tech,A rating
Videojet Technologies Ltd,Huntingdon,,Tech,A rating
Vidit Technologies (UK) Limited,Birmingham,,Tech,A rating
Viezu Technologies Ltd,Alcester,,Tech,A rating
Vighnaharta Technology Solutions Ltd,Edinburgh,,Tech,A rating
Village Software Engineering Limited,Liverpool,,Tech,A rating
Virtual Data Centre Services Ltd,Leeds,,Tech,A rating
Virtual Reality Kingdom Technologies PVT Ltd,Reading,,Tech,A rating
Virtual Tech Cloud Ltd,London,Yes,Tech,A rating
Virtusa Consulting and Services Limited,London,Yes,Consultancy,A rating
Visdom Consulting Limited,Solihull,,Consultancy,A rating
Vish IT Consulting Limited,Slough,,Consultancy,A rating
Visible Analytics Limited,Witney,,Tech,A rating
Visibly Tech Limited,Norwich,,Tech,A rating
Vision Academy Education and Technology UK Limited,London,Yes,Tech,A rating
Vision Consultancy Services Ltd,Cheam,,Consultancy,A rating
Vision Consulting Accountants Limited,Ilford,Yes,Consultancy,A rating
Vision Tech COnsults Ltd,Leicester,,Tech & Consultancy,A rating
Vision Zero Consult Limited,Farnsfield,,Consultancy,A rating
Vistair Systems Limited,Bradley Stoke,,Tech,A rating
Visualising Software Limited,Henfield,,Tech,A rating
Visualist Technologies Ltd,London,Yes,Tech,A rating
Viswa Lab UK Limited,Wynyard,,Tech,A rating
Vital Telecom Services Limited,Oldham,,Tech,A rating
VitalSource Technologies Ltd,Milton Keynes,,Tech,A rating
Vitesco Technologies UK Ltd.,Basildon,,Tech,A rating
Vivacity Labs Limited,London,Yes,Tech,A rating
Vivo Dental Lab Limited,London,Yes,Tech,A rating
Vivos Technology Limited (trading as PHASTAR),London,Yes,Tech,A rating
Vizst Technology Ltd,Poole,,Tech,A rating
Voi Technology UK Ltd,London,Yes,Tech,A rating
Voice Technologies Ltd,Paisley,,Tech,A rating
VoiceVerse Labs Ltd,London,Yes,Tech,A rating
Voisin Consulting Life Sciences UK Ltd,Cambridge,,Consultancy,A rating
Volante Technologies Inc.,London,Yes,Tech,A rating
Volt Active Data UK Ltd,London,Yes,Tech,A rating
Volt Technologies Holdings Ltd,London,Yes,Tech,A rating
Volta Data Centres Limited,London,Yes,Tech,A rating
Volteras Technologies Ltd,London,Yes,Tech,A rating
Vopa Consulting Ltd T/A Melody Care,Farnborough,,Consultancy,A rating
Vsim Technology Limited,Altrincham,,Tech,A rating
Vyne Technologies Limited,London,Yes,Tech,A rating
Vypr Validation Technologies Limited,Manchester,,Tech,A rating
WAL CONSULTANCY,WALTHAMSTOW,Yes,Consultancy,A rating
WAMIN TECH LTD,"Luton, England,",,Tech,A rating
WAMO TECHNOLOGY LIMITED,London,Yes,Tech,A rating
WARP DIGITAL ENTERTAINMENT LIMITED,LONDON,Yes,Tech,A rating
WATER TECH PURIFICATION LTD,Birmingham,,Tech,A rating
WATERMARK TECHNOLOGIES LTD,SHIPLEY,,Tech,A rating
WEALTHMAX FINANCIAL ADVISERS LIMITED,Brentford,Yes,Consultancy,A rating
WEB3 DIGITAL LIMITED,London,Yes,Tech,A rating
WEBMAVEN TECH LTD,London,Yes,Tech,A rating
WEBYNATICS TECHNOLOGIES LTD,DERBY,,Tech,A rating
WEDO DIGITAL TECHNOLOGIES LIMITED,"Chadderton, Oldham",,Tech,A rating
WEGLOBAL CONSULTING LIMITED,London,Yes,Consultancy,A rating
WEST TECH CAPITAL LTD,London,Yes,Tech,A rating
WESTBASE TECHNOLOGY LIMITED,CALDICOT,,Tech,A rating
WHP Telecoms Ltd,Warrington,,Tech,A rating
WIA SYSTEMS LTD,Amersham,,Tech,A rating
WILLIAM CONSULTANT LIMITED,Essex,,Consultancy,A rating
WILLIAMS WEST CONSULTING LIMITED,LONDON,Yes,Consultancy,A rating
WIM Consulting Limited,London,Yes,Consultancy,A rating
WIM Technologies,London,Yes,Tech,A rating
WIND ENGINEERING & CONSULTANCY LTD,LONDON,Yes,Consultancy,A rating
WINDY MIMAS CONSULTANCY LTD,London,Yes,Consultancy,A rating
WINWAY COLLEGE OF BUSINESS & TECHNOLOGY LIMITED,Croydon,Yes,Tech,A rating
WISEENERGY CONSULTANCY LIMITED,Leicester,,Consultancy,A rating
WITTENSTEIN high integrity systems Ltd,Bristol,,Tech,A rating
WIZ TECHNOLOGIES LTD,Hounslow,Yes,Tech,A rating
WK Tech Expert and Consultancy ltd,Luton,,Tech & Consultancy,A rating
WME Consultants Ltd,London,Yes,Consultancy,A rating
WMH Systems Engineering Limited,Hayes,Yes,Tech,A rating
WOOTZWORK LABS LIMITED,Teddington,,Tech,A rating
WORLD TECH CONSULTANTS LTD,Romford,Yes,Tech & Consultancy,A rating
WORLDTECH CONSULTING LIMITED,CROYDON,Yes,Consultancy,A rating
WPS Compliance Consulting Ltd,Northamptonshire,,Consultancy,A rating
WRT Technologies Limited,London,Yes,Tech,A rating
WSC SPORTS TECHNOLOGIES LTD,London,Yes,Tech,A rating
WSS Energy Consulting Limited,Woking,,Consultancy,A rating
Waer Systems Limited,Shoreham by Sea,,Tech,A rating
Waffle Tech Limited,Brighton,,Tech,A rating
Walden Digital UK LTD,Bedford,,Tech,A rating
Walden Digital UK Limited,Bedford,,Tech,A rating
Wallbrook Advisory Limited,London,Yes,Consultancy,A rating
Walmer Technology Limited,London,Yes,Tech,A rating
Warrington Robotics Limited,Halesowen,,Tech,A rating
Wartsila Water Systems Limited,POOLE,,Tech,A rating
Waste Logics Software Limited,London,Yes,Tech,A rating
Watercycle Technologies,Manchester,,Tech,A rating
Watershed Technology Limited,London,Yes,Tech,A rating
Wavestone Advisors UK Limited,London,Yes,Consultancy,A rating
Waypoint Consulting Limited,London,Yes,Consultancy,A rating
Wayve Technologies Ltd,London,Yes,Tech,A rating
We Know Data Limited,Wem,,Tech,A rating
WeBuild-AI Limited,London,Yes,Tech,A rating
WeDiscover Digital Ltd,London,Yes,Tech,A rating
Weaver Labs Limited,London,Yes,Tech,A rating
Web3 Labs Ltd,London,Yes,Tech,A rating
Webasto Roof Systems Ltd,Minworth,,Tech,A rating
Webheay Technologies Limited,Manchester,,Tech,A rating
Weco AI Ltd,London,Yes,Tech,A rating
Wedo Technology Solutions Ltd,Bristol,,Tech,A rating
Wei-UK Consulting Ltd,London,Yes,Consultancy,A rating
WellFish Tech Ltd,Paisley,,Tech,A rating
Wellington Computer Systems Ltd,Belfast,,Tech,A rating
Welwin Infotech Ltd,Haverhill,,Tech,A rating
Wessex Institute of Technology,Southampton,,Tech,A rating
WestGlen Consult Ltd,Paisley,,Consultancy,A rating
Westbury Tech LTD,bristol,,Tech,A rating
Westend Consultants UK Ltd,Harrow,Yes,Consultancy,A rating
Western Digital (UK) Limited,Guilford,,Tech,A rating
Westernacher & Partner Consulting Limited,Esher,,Consultancy,A rating
Westlands Advisory Ltd,Richmond,,Consultancy,A rating
Wheatley Software Solutions Limited,Tostock,,Tech,A rating
Wheely Technologies Ltd,London,Yes,Tech,A rating
Whichrate Consulting LTD,Uttoxeter,,Consultancy,A rating
White & Lloyd Consulting Engineers Ltd,Thames Ditton,,Consultancy,A rating
White Cloud Capital Advisors Limited,London,Yes,Tech & Consultancy,A rating
White Moss Consulting LTD,Ponteland,,Consultancy,A rating
White Summit Capital Advisors Ltd,London,Yes,Consultancy,A rating
"Whitebox Advisors London, LLP",London,Yes,Consultancy,A rating
Whitefox Technologies Limited,London,Yes,Tech,A rating
Whitegate Management Advisors (UK) Limited,London,Yes,Consultancy,A rating
Whitehead-Ross Education and Consulting Ltd,Neath,,Consultancy,A rating
Wiki Soft Tech Limited,Preston,,Tech,A rating
Wilson Gray Consulting Ltd,Prestwick Park,,Consultancy,A rating
Winbro Group Technologies,Shepshed,,Tech,A rating
Windermere Control Systems Limited,Ascot,,Tech,A rating
Windrose Consulting Group Ltd.,London,Yes,Consultancy,A rating
Windtech Consultants (Europe) Limited,London,Yes,Consultancy,A rating
Wintergreen Advisors Limited (T/A Trotter),London,Yes,Consultancy,A rating
Wipac Technology Limited,Buckingham,,Tech,A rating
Wise Computer Ltd,Leicester,,Tech,A rating
WiseAlpha Technologies Limited,London,Yes,Tech,A rating
Wissen Technology Limited,Harrow,Yes,Tech,A rating
Wiz Cloud Limited,London,Yes,Tech,A rating
Wok Tech Limited,Willenhall,,Tech,A rating
Wolf Consulting & Management Ltd,London,Yes,Consultancy,A rating
Wolf Systems Ltd,Coventry,,Tech,A rating
Wolveshill Consulting Ltd,London,Yes,Consultancy,A rating
Women in Data Limited,Berrington Way,,Tech,A rating
Women in Tech SEO Ltd,London,Yes,Tech,A rating
Wondercraft Tech Ltd,London,Yes,Tech,A rating
Woodhurst Consulting Limited,London,Yes,Consultancy,A rating
"Woodward International, Inc (t/a Woodward Aircraft Engine Systems Prestwick)",Prestwick,,Tech,A rating
Woolwich consultancy,Gateshead,,Consultancy,A rating
Wordsmith AI Ltd,London,Yes,Tech,A rating
Work Nexus Labs Limited,Altrincham,,Tech,A rating
WorkBuzz Analytics Limited,Milton Keynes,,Tech,A rating
WorkForce Software Limited,Milton Keynes,,Tech,A rating
Workable Software Limited,London,Yes,Tech,A rating
Working Capital Advisors (UK) Ltd,London,Yes,Consultancy,A rating
Worldpath Advisory Ltd,London,Yes,Consultancy,A rating
Worn Again Technologies Limited,Nottingham,,Tech,A rating
Worry+Peace Technology Limited,High Wycombe,,Tech,A rating
Worth Technology Limited,Cambridge,,Tech,A rating
Wull Technologies,Manchester,,Tech,A rating
Wunderkind Technologies UK Ltd,London,Yes,Tech,A rating
Wye Tech Ltd,Port Talbot,,Tech,A rating
X Cyber Group Ltd,Cloucester,,Tech,A rating
X-Aces Consultancy Limited,Basingstoke,,Consultancy,A rating
X.AI LONDON LTD,London,Yes,Tech,A rating
X3 Consulting,Newcastle Upon Tyne,,Consultancy,A rating
XAAR Technology Ltd,Cambridge,,Tech,A rating
XAD TECHNOLOGIES LTD,Greenford,Yes,Tech,A rating
XDEFI Technologies Ltd (trading as XDEFI Wallet),London,Yes,Tech,A rating
XEBRAA TECH LTD,Luton,,Tech,A rating
XINET IT CONSULTING LIMITED,SLOUGH,,Consultancy,A rating
XMHRA CONSULTANTS LTD,Slough,,Consultancy,A rating
XRM Technologies,Uxbridge,Yes,Tech,A rating
XY Automation Ltd,Wales,,Tech,A rating
Xama Technologies Limited,Camberley,,Tech,A rating
Xanadu Consultancy Limited,London,Yes,Consultancy,A rating
Xara Computers (UK) Limited t/a XC360,London,Yes,Tech,A rating
Xendl Software Limited,Bushey,,Tech,A rating
Xenelsoft Technologies Limited,Bristol,,Tech,A rating
Xiaomi Technology UK Limited,London,Yes,Tech,A rating
Xn Global Systems Ltd,Salford,,Tech,A rating
Xplora Technologies Limited,Chiswick,Yes,Tech,A rating
Xurrent Software UK Ltd,London,Yes,Tech,A rating
Xynera Technologies Limited,GLOUCESTER,,Tech,A rating
YA CONSULTANT LIMITED,Birmingham,,Consultancy,A rating
YAEX LEGAL CONSULTING AND SERVICE LTD,Birmingham,,Consultancy,A rating
YAGANTI CONSULTANTS LTD,London,Yes,Consultancy,A rating
YANG TECHNOLOGY LTD,London,Yes,Tech,A rating
YANGFAN CONSULTING MANAGEMENT LIMITED,Guildford,,Consultancy,A rating
YANSH TECHNOLOGIES LTD,Amersham,,Tech,A rating
YASEEN CONSULTANCY LTD,Bristol,,Consultancy,A rating
YOA RISK ADVISORY SERVICES LIMITED,Salford,,Consultancy,A rating
YOGANJALI CONSULTANCY SERVICES LTD,Newport,,Consultancy,A rating
YONDER TECHNOLOGY LTD,London,Yes,Tech,A rating
YOSHIGA TECHNOLOGIES LIMITED,St Albans,,Tech,A rating
YOUNG SUN OVERSEAS EXCHANGE CONSULTING SERVICE LTD,London,Yes,Consultancy,A rating
YOUR DIGITAL WORK LTD,LONDON,Yes,Tech,A rating
YS CAMBRIDGE CONSULTING & SERVICE LTD,Dartford,,Consultancy,A rating
YVR TECHNOLOGIES LTD,HAINAULT,,Tech,A rating
YWIS Technology,Colchester,,Tech,A rating
YY-PMC PROJECT MANAGEMENT CONSULTING LTD,LONDON,Yes,Consultancy,A rating
YYR CONSULTANCY LTD,London,Yes,Consultancy,A rating
YaRa Consulting LTD,Wolverhampton,,Consultancy,A rating
Yagshree Consultancy Limited,London,Yes,Consultancy,A rating
Yahoo AD Tech Holdings Limited,LONDON,Yes,Tech,A rating
Yardi Systems Limited,Milton Keynes,,Tech,A rating
Yash Technologies Europe Ltd,London,Yes,Tech,A rating
Yashvi Data Systems Limited,Hounslow,Yes,Tech,A rating
Yellow Atlas Consulting Limited,TIMPERLY,,Consultancy,A rating
Yellow Branding & Digital Design Ltd,Belfast,,Tech,A rating
Yellow Panther Digital Ltd,Ashton-Under-Lyne,,Tech,A rating
Yellowbrick Data UK Limited,London,Yes,Tech,A rating
Yes Yes Tech Ltd,Weybridge,,Tech,A rating
Yesdee Technologies Limited,Leeds,,Tech,A rating
Yew Technologies Ltd,Harrow,Yes,Tech,A rating
Yingtong Education Consultancy Ltd,London,Yes,Consultancy,A rating
Yingtuan app ltd,London,Yes,Tech,A rating
Yiva Digital,London,Yes,Tech,A rating
Yolo Technology Limited,London,Yes,Tech,A rating
Yonder Consulting Limited,London,Yes,Consultancy,A rating
Yonder Financial Technology Limited,London,Yes,Tech,A rating
York Telecom Limited,Basingstoke,,Tech,A rating
Yotta Media Labs Limited,Pinner,Yes,Tech,A rating
Young Persons Advisory Service,Liverpool,,Consultancy,A rating
Your Consulting Limited,London,Yes,Consultancy,A rating
Yourkeys Technology Limited,London,Yes,Tech,A rating
Youtu Overseas Education Consultancy Ltd,Manchester,,Consultancy,A rating
Yupana Systems Limited,London,Yes,Tech,A rating
Yushin Automation Limited,Bromsgrove,,Tech,A rating
Yuzu Tech Ltd,Bristol,,Tech,A rating
Z&E LEGAL CONSULTANCY LIMITED,LONDON,Yes,Consultancy,A rating
Z-FIT CONSULTANCY LTD,London,Yes,Consultancy,A rating
Z-Tech Control Systems Limited,Swavesey,,Tech,A rating
ZAAZEE CONSULTANCY LIMITED,Lancashire,,Consultancy,A rating
ZACHARY PULMAN DESIGN CONSULTANTS LTD (trading address),London,Yes,Consultancy,A rating
ZAFIN LABS UK LTD,LONDON,Yes,Tech,A rating
ZANS Immigration Consultants Ltd,London,Yes,Consultancy,A rating
ZAP Technology Limited,London,Yes,Tech,A rating
ZAREEN TECHNOLOGIES LIMITED,Potters Bar,,Tech,A rating
ZAX Design and Consulting UK Limited,London,Yes,Consultancy,A rating
ZEETEK ACCOUNTS & CONSULTANCY LTD,Essex,,Consultancy,A rating
ZEG.ai Ltd,London,Yes,Tech,A rating
ZEN CONSULTANTS (SCOTLAND) LTD,Edinburgh,,Consultancy,A rating
ZEN-X TECHNOLOGY LIMITED,London,Yes,Tech,A rating
ZENITH LABS GROUP LTD,LEEDS,,Tech,A rating
ZERO DEGREES SYSTEMS LTD,Birmingham,,Tech,A rating
ZEROONE INFOTECH LTD,SLOUGH,,Tech,A rating
ZHUIMENG CLOUD UK LTD,London,Yes,Tech,A rating
ZILO Technology Limited,London,Yes,Tech,A rating
ZINE CONSULTANCY AND EDITORIAL SERVICES LTD,London,Yes,Consultancy,A rating
ZIV Automation UK Limited,Gateshead,,Tech,A rating
ZK Tech Ltd,Belfast,,Tech,A rating
ZM IT TECHNOLOGIES LTD,Harrow,Yes,Tech,A rating
ZNOX TECHNOLOGIES LTD,BELFAST,,Tech,A rating
ZOJA TECHNOLOGIES LIMITED,Pudsey,,Tech,A rating
ZONIC TECHNOLOGIES UK LTD,HAYES,Yes,Tech,A rating
ZOOM DIGITAL PRINTERS LIMITED,BRIERLEY,,Tech,A rating
ZS Latest Tech Ltd T/A Royton Phones,Oldham,,Tech,A rating
ZS TECH LAB LTD,Birmingham,,Tech,A rating
ZUCI SYSTEMS UK LIMITED,London,Yes,Tech,A rating
ZZA CONSULTING LIMITED,LONDON,Yes,Consultancy,A rating
Zahara Systems Limited,Bath,,Tech,A rating
Zakapps Software Limited,Caldecotte; Milton Keynes,,Tech,A rating
Zaman Technologies Ltd,Ilford,Yes,Tech,A rating
Zamna Technologies Limited,London,Yes,Tech,A rating
Zavi Tech Ltd,Glasgow,,Tech,A rating
Zeal Tech Ltd,London,Yes,Tech,A rating
Zebra Technologies Europe Limited,Bourne End,,Tech,A rating
Zee Consulting Limited,Sheffield,,Consultancy,A rating
Zenith AI (N.I),Belfast,,Tech,A rating
Zenithon AI Ltd,Axbridge,,Tech,A rating
Zenium Technology Partners Limited,London,Yes,Tech,A rating
Zenko Consulting Ltd,Whickham,,Consultancy,A rating
Zens Consultancy Ltd,London,Yes,Consultancy,A rating
Zensar Technologies (UK) Ltd,London,Yes,Tech,A rating
Zephyr Digital Consultancy Limited,London,Yes,Tech & Consultancy,A rating
Zephyr Technology Consulting Limited,London,Yes,Tech & Consultancy,A rating
Zeppelin Systems UK Ltd,Annesley,,Tech,A rating
Zero Gravity Tech Ltd,London,Yes,Tech,A rating
Zeus Labs Limited,London,Yes,Tech,A rating
Zeus Tech Solutions,Liverpool,,Tech,A rating
Zifo Technologies Ltd,Southport,,Tech,A rating
Zilch Technology Limited,London,Yes,Tech,A rating
Zinal Advisors Limited,London,Yes,Consultancy,A rating
Zinc Consult Limited,Leeds,,Consultancy,A rating
Zion Technology Ltd,Hickley,,Tech,A rating
Zionix Technologies Ltd,London,Yes,Tech,A rating
Zircon Software Ltd,Trowbridge,,Tech,A rating
Zircon Tech Ltd,Redditch,,Tech,A rating
Ziyad Tech Ltd,London,Yes,Tech,A rating
Zone Capital Advisors Ltd,London,Yes,Consultancy,A rating
Zoox Labs Ltd,Banbury,,Tech,A rating
Zuba Technologies,London,Yes,Tech,A rating
Zuhayr Consultancy Limited T/A Cyberpeers,London,Yes,Consultancy,A rating
Zuma Labs Limited,London,Yes,Tech,A rating
Zyan Consultancy Limited,London,Yes,Consultancy,A rating
Zycus Infotech Private Limited,Harrow,Yes,Tech,A rating
Zydex Technologies Limited,London,Yes,Tech,A rating
Zynx Technologies Limited,Hounslow,Yes,Tech,A rating
[AI] INFINITI LIMITED,Croydon,Yes,Tech,A rating
accesso Technology Group,Ruscombe Business Park,,Tech,A rating
byrd Technologies UK Ltd,London,Yes,Tech,A rating
comit Financial Systems UK Limited,London,Yes,Tech,A rating
dRISK.ai Limited,London,Yes,Tech,A rating
dpa lighting consultants,Deddington,,Consultancy,A rating
eCreation Media Technology Ltd,Poole,,Tech,A rating
eResearch Technology Limited,Nottingham,,Tech,A rating
emagine Consulting Ltd,London,Yes,Consultancy,A rating
floe technology limited,newcastle upon tyne,,Tech,A rating
i-Pharm Consulting Limited,London,Yes,Consultancy,A rating
i3d robotics limited (Operational Office),Tonbridge,,Tech,A rating
i6 Systems Limited,Farnborough,,Tech,A rating
iC Consult UK Limited,London,Yes,Consultancy,A rating
iConnect Digital Solutions Ltd,Northfleet,,Tech,A rating
iGrid Technology Consulting Ltd,Glasgow,,Tech & Consultancy,A rating
iLoF - Intelligent Lab on Fiber Limited,London,Yes,Tech,A rating
iRhythm Technologies Limited,Bagshot,,Tech,A rating
iRiS Software Systems Ltd,London,Yes,Tech,A rating
intertax consulting limited,london,Yes,Consultancy,A rating
kommuru technologies ltd,LONDON,Yes,Tech,A rating
nTtau Digital Ltd,Oxford,,Tech,A rating
nbm Construction Cost Consultants Limited,Glasgow,,Consultancy,A rating
newtech intelligent automation ltd,BEDFORD,,Tech,A rating
nlyte Software Limited,London,Yes,Tech,A rating
on systems ltd,Letchworth,,Tech,A rating
shadbolt consulting,Gateshead,,Consultancy,A rating
the workspace consultants llp,Elsworth,,Consultancy,A rating
ubitricity Distributed Energy Systems UK Ltd,London,Yes,Tech,A rating
vapegen tech london ltd,chelmsford,,Tech,A rating
viso.ai UK Ltd,Altrincham,,Tech,A rating
